2026/10/04 00:05:51.273, 1711, 3
2026/10/04 00:05:51.538, 1711, 3
2026/10/04 00:05:51.803, 1711, 3
2026/10/04 00:05:52.068, 1711, 3
2026/10/04 00:05:52.332, 1711, 3
2026/10/04 00:05:52.596, 1711, 3
2026/10/04 00:05:52.861, 1714, 3
2026/10/04 00:05:53.125, 1738, 3
2026/10/04 00:05:53.390, 1738, 3
2026/10/04 00:05:53.652, 1738, 3
2026/10/04 00:05:53.917, 1738, 3
2026/10/04 00:05:54.183, 1741, 3
2026/10/04 00:05:54.448, 1741, 3
2026/10/04 00:05:54.713, 1741, 3
2026/10/04 00:05:54.977, 1740, 3
2026/10/04 00:05:55.241, 1732, 3
2026/10/04 00:05:55.506, 1732, 3
2026/10/04 00:05:55.771, 1732, 3
2026/10/04 00:05:56.035, 1732, 3
2026/10/04 00:05:56.301, 1732, 3
2026/10/04 00:05:56.566, 1732, 3
2026/10/04 00:05:56.831, 1732, 3
2026/10/04 00:05:57.095, 1732, 3
2026/10/04 00:05:57.358, 1732, 3
2026/10/04 00:05:57.609, 1732, 3
2026/10/04 00:05:57.872, 1732, 3
2026/10/04 00:05:58.136, 1720, 4
2026/10/04 00:05:58.401, 1720, 3
2026/10/04 00:05:58.665, 1720, 3
2026/10/04 00:05:58.930, 1720, 3
2026/10/04 00:05:59.195, 1720, 3
2026/10/04 00:05:59.460, 1720, 3
2026/10/04 00:05:59.726, 1720, 3
2026/10/04 00:05:59.989, 1720, 3
2026/10/04 00:06:00.253, 1720, 3
2026/10/04 00:06:00.518, 1720, 3
2026/10/04 00:06:00.783, 1720, 3
2026/10/04 00:06:01.048, 1720, 3
2026/10/04 00:06:01.313, 1720, 3
2026/10/04 00:06:01.578, 1740, 3
2026/10/04 00:06:01.842, 1740, 3
2026/10/04 00:06:02.106, 1740, 3
2026/10/04 00:06:02.370, 1740, 3
2026/10/04 00:06:02.634, 1740, 3
2026/10/04 00:06:02.899, 1740, 3
2026/10/04 00:06:03.164, 1740, 3
2026/10/04 00:06:03.428, 1740, 3
2026/10/04 00:06:03.690, 1732, 3
2026/10/04 00:06:03.954, 1732, 3
2026/10/04 00:06:04.215, 1732, 3
2026/10/04 00:06:04.477, 1732, 3
2026/10/04 00:06:04.741, 1732, 3
2026/10/04 00:06:05.005, 1759, 3
2026/10/04 00:06:05.269, 1763, 3
2026/10/04 00:06:05.534, 1764, 3
2026/10/04 00:06:05.799, 1764, 3
2026/10/04 00:06:06.061, 1764, 3
2026/10/04 00:06:06.323, 1764, 3
2026/10/04 00:06:06.587, 1764, 3
2026/10/04 00:06:06.850, 1764, 3
2026/10/04 00:06:07.114, 1763, 3
2026/10/04 00:06:07.377, 1763, 3
2026/10/04 00:06:07.641, 1759, 3
2026/10/04 00:06:07.903, 1754, 3
2026/10/04 00:06:08.166, 1755, 3
2026/10/04 00:06:08.429, 1755, 3
2026/10/04 00:06:08.691, 1761, 3
2026/10/04 00:06:08.954, 1761, 3
2026/10/04 00:06:09.217, 1762, 3
2026/10/04 00:06:09.480, 1762, 3
2026/10/04 00:06:09.743, 1762, 3
2026/10/04 00:06:10.004, 1750, 3
2026/10/04 00:06:10.267, 1750, 3
2026/10/04 00:06:10.529, 1749, 3
2026/10/04 00:06:10.792, 1737, 3
2026/10/04 00:06:11.056, 1737, 3
2026/10/04 00:06:11.317, 1738, 3
2026/10/04 00:06:11.581, 1738, 3
2026/10/04 00:06:11.843, 1738, 3
2026/10/04 00:06:12.106, 1738, 3
2026/10/04 00:06:12.370, 1739, 3
2026/10/04 00:06:12.633, 1739, 3
2026/10/04 00:06:12.895, 1739, 3
2026/10/04 00:06:13.158, 1739, 3
2026/10/04 00:06:13.421, 1739, 3
2026/10/04 00:06:13.685, 1737, 3
2026/10/04 00:06:13.949, 1744, 3
2026/10/04 00:06:14.211, 1745, 3
2026/10/04 00:06:14.474, 1745, 3
2026/10/04 00:06:14.738, 1745, 3
2026/10/04 00:06:15.002, 1745, 3
2026/10/04 00:06:15.266, 1745, 3
2026/10/04 00:06:15.530, 1745, 3
2026/10/04 00:06:15.793, 1740, 3
2026/10/04 00:06:16.055, 1742, 3
2026/10/04 00:06:16.319, 1746, 3
2026/10/04 00:06:16.583, 1746, 3
2026/10/04 00:06:16.845, 1746, 3
2026/10/04 00:06:17.109, 1746, 3
2026/10/04 00:06:17.373, 1747, 3
2026/10/04 00:06:17.634, 1747, 3
2026/10/04 00:06:17.897, 1747, 3
2026/10/04 00:06:18.158, 1747, 3
2026/10/04 00:06:18.420, 1747, 3
2026/10/04 00:06:18.685, 1766, 3
2026/10/04 00:06:18.949, 1763, 3
2026/10/04 00:06:19.212, 1763, 3
2026/10/04 00:06:19.475, 1763, 3
2026/10/04 00:06:19.738, 1764, 3
2026/10/04 00:06:20.001, 1764, 3
2026/10/04 00:06:20.265, 1764, 3
2026/10/04 00:06:20.529, 1764, 3
2026/10/04 00:06:20.791, 1761, 3
2026/10/04 00:06:21.055, 1761, 3
2026/10/04 00:06:21.318, 1761, 3
2026/10/04 00:06:21.583, 1761, 3
2026/10/04 00:06:21.847, 1760, 3
2026/10/04 00:06:22.110, 1760, 3
2026/10/04 00:06:22.372, 1760, 3
2026/10/04 00:06:22.636, 1760, 3
2026/10/04 00:06:22.899, 1762, 3
2026/10/04 00:06:23.161, 1762, 3
2026/10/04 00:06:23.423, 1762, 3
2026/10/04 00:06:23.686, 1760, 3
2026/10/04 00:06:23.948, 1757, 3
2026/10/04 00:06:24.211, 1757, 3
2026/10/04 00:06:24.475, 1757, 3
2026/10/04 00:06:24.738, 1757, 3
2026/10/04 00:06:25.004, 1758, 3
2026/10/04 00:06:25.267, 1758, 3
2026/10/04 00:06:25.532, 1758, 3
2026/10/04 00:06:25.796, 1757, 3
2026/10/04 00:06:26.059, 1760, 3
2026/10/04 00:06:26.322, 1760, 3
2026/10/04 00:06:26.584, 1760, 3
2026/10/04 00:06:26.846, 1760, 3
2026/10/04 00:06:27.108, 1760, 3
2026/10/04 00:06:27.372, 1760, 3
2026/10/04 00:06:27.634, 1760, 3
2026/10/04 00:06:27.897, 1760, 3
2026/10/04 00:06:28.160, 1760, 3
2026/10/04 00:06:28.423, 1760, 3
2026/10/04 00:06:28.686, 1760, 3
2026/10/04 00:06:28.948, 1762, 3
2026/10/04 00:06:29.211, 1762, 3
2026/10/04 00:06:29.476, 1762, 3
2026/10/04 00:06:29.738, 1762, 3
2026/10/04 00:06:30.002, 1763, 3
2026/10/04 00:06:30.264, 1763, 3
2026/10/04 00:06:30.529, 1763, 3
2026/10/04 00:06:30.791, 1763, 3
2026/10/04 00:06:31.052, 1761, 3
2026/10/04 00:06:31.315, 1761, 3
2026/10/04 00:06:31.579, 1761, 3
2026/10/04 00:06:31.841, 1761, 3
2026/10/04 00:06:32.105, 1763, 3
2026/10/04 00:06:32.368, 1763, 3
2026/10/04 00:06:32.630, 1763, 3
2026/10/04 00:06:32.894, 1763, 3
2026/10/04 00:06:33.157, 1764, 3
2026/10/04 00:06:33.421, 1764, 3
2026/10/04 00:06:33.684, 1764, 3
2026/10/04 00:06:33.946, 1764, 3
2026/10/04 00:06:34.209, 1766, 3
2026/10/04 00:06:34.471, 1766, 3
2026/10/04 00:06:34.735, 1766, 3
2026/10/04 00:06:34.998, 1766, 3
2026/10/04 00:06:35.261, 1768, 3
2026/10/04 00:06:35.523, 1768, 3
2026/10/04 00:06:35.786, 1768, 3
2026/10/04 00:06:36.051, 1768, 3
2026/10/04 00:06:36.315, 1769, 3
2026/10/04 00:06:36.578, 1769, 3
2026/10/04 00:06:36.842, 1768, 3
2026/10/04 00:06:37.105, 1768, 3
2026/10/04 00:06:37.368, 1768, 3
2026/10/04 00:06:37.630, 1768, 3
2026/10/04 00:06:37.893, 1768, 3
2026/10/04 00:06:38.155, 1764, 3
2026/10/04 00:06:38.418, 1766, 3
2026/10/04 00:06:38.680, 1766, 3
2026/10/04 00:06:38.942, 1766, 3
2026/10/04 00:06:39.206, 1766, 3
2026/10/04 00:06:39.467, 1770, 3
2026/10/04 00:06:39.732, 1770, 3
2026/10/04 00:06:39.994, 1770, 3
2026/10/04 00:06:40.256, 1772, 3
2026/10/04 00:06:40.519, 1772, 3
2026/10/04 00:06:40.780, 1772, 3
2026/10/04 00:06:41.043, 1772, 3
2026/10/04 00:06:41.306, 1773, 3
2026/10/04 00:06:41.570, 1773, 3
2026/10/04 00:06:41.833, 1773, 3
2026/10/04 00:06:42.095, 1773, 3
2026/10/04 00:06:42.357, 1773, 3
2026/10/04 00:06:42.620, 1773, 3
2026/10/04 00:06:42.883, 1773, 3
2026/10/04 00:06:43.146, 1773, 3
2026/10/04 00:06:43.408, 1773, 3
2026/10/04 00:06:43.670, 1773, 3
2026/10/04 00:06:43.935, 1773, 3
2026/10/04 00:06:44.197, 1773, 3
2026/10/04 00:06:44.461, 1777, 3
2026/10/04 00:06:44.724, 1777, 3
2026/10/04 00:06:44.987, 1777, 3
2026/10/04 00:06:45.250, 1777, 3
2026/10/04 00:06:45.513, 1778, 3
2026/10/04 00:06:45.777, 1778, 3
2026/10/04 00:06:46.041, 1778, 3
2026/10/04 00:06:46.304, 1778, 3
2026/10/04 00:06:46.567, 1780, 3
2026/10/04 00:06:46.831, 1780, 3
2026/10/04 00:06:47.093, 1780, 3
2026/10/04 00:06:47.355, 1780, 3
2026/10/04 00:06:47.619, 1782, 3
2026/10/04 00:06:47.880, 1782, 3
2026/10/04 00:06:48.142, 1782, 3
2026/10/04 00:06:48.406, 1782, 3
2026/10/04 00:06:48.668, 1783, 3
2026/10/04 00:06:48.931, 1783, 3
2026/10/04 00:06:49.194, 1783, 3
2026/10/04 00:06:49.457, 1783, 3
2026/10/04 00:06:49.720, 1793, 3
2026/10/04 00:06:49.984, 1793, 3
2026/10/04 00:06:50.247, 1793, 3
2026/10/04 00:06:50.510, 1793, 3
2026/10/04 00:06:50.772, 1794, 3
2026/10/04 00:06:51.035, 1794, 3
2026/10/04 00:06:51.298, 1794, 3
2026/10/04 00:06:51.561, 1793, 3
2026/10/04 00:06:51.823, 1795, 3
2026/10/04 00:06:52.085, 1795, 3
2026/10/04 00:06:52.347, 1795, 3
2026/10/04 00:06:52.610, 1796, 3
2026/10/04 00:06:52.872, 1795, 3
2026/10/04 00:06:53.135, 1795, 3
2026/10/04 00:06:53.397, 1795, 3
2026/10/04 00:06:53.661, 1796, 3
2026/10/04 00:06:53.924, 1796, 3
2026/10/04 00:06:54.188, 1796, 3
2026/10/04 00:06:54.452, 1796, 3
2026/10/04 00:06:54.715, 1794, 3
2026/10/04 00:06:54.978, 1794, 3
2026/10/04 00:06:55.240, 1794, 3
2026/10/04 00:06:55.502, 1794, 3
2026/10/04 00:06:55.765, 1796, 3
2026/10/04 00:06:56.028, 1796, 3
2026/10/04 00:06:56.291, 1796, 3
2026/10/04 00:06:56.554, 1796, 3
2026/10/04 00:06:56.816, 1796, 3
2026/10/04 00:06:57.079, 1796, 3
2026/10/04 00:06:57.341, 1796, 3
2026/10/04 00:06:57.605, 1796, 3
2026/10/04 00:06:57.868, 1797, 3
2026/10/04 00:06:58.131, 1796, 3
2026/10/04 00:06:58.393, 1796, 3
2026/10/04 00:06:58.656, 1796, 3
2026/10/04 00:06:58.920, 1796, 3
2026/10/04 00:06:59.183, 1792, 3
2026/10/04 00:06:59.446, 1792, 3
2026/10/04 00:06:59.708, 1792, 3
2026/10/04 00:06:59.971, 1794, 3
2026/10/04 00:07:00.235, 1794, 3
2026/10/04 00:07:00.499, 1794, 3
2026/10/04 00:07:00.762, 1794, 3
2026/10/04 00:07:01.026, 1795, 3
2026/10/04 00:07:01.288, 1795, 3
2026/10/04 00:07:01.550, 1795, 3
2026/10/04 00:07:01.813, 1795, 3
2026/10/04 00:07:02.077, 1795, 3
2026/10/04 00:07:02.339, 1795, 3
2026/10/04 00:07:02.603, 1793, 3
2026/10/04 00:07:02.866, 1791, 3
2026/10/04 00:07:03.127, 1791, 3
2026/10/04 00:07:03.389, 1791, 3
2026/10/04 00:07:03.652, 1791, 3
2026/10/04 00:07:03.915, 1793, 3
2026/10/04 00:07:04.180, 1793, 3
2026/10/04 00:07:04.441, 1793, 3
2026/10/04 00:07:04.704, 1793, 3
2026/10/04 00:07:04.968, 1793, 3
2026/10/04 00:07:05.231, 1793, 3
2026/10/04 00:07:05.494, 1793, 3
2026/10/04 00:07:05.757, 1793, 3
2026/10/04 00:07:06.021, 1806, 3
2026/10/04 00:07:06.284, 1832, 3
2026/10/04 00:07:06.548, 1827, 4
2026/10/04 00:07:06.811, 1815, 4
2026/10/04 00:07:07.074, 1798, 3
2026/10/04 00:07:07.336, 1799, 3
2026/10/04 00:07:07.599, 1782, 3
2026/10/04 00:07:07.861, 1782, 3
2026/10/04 00:07:08.124, 1783, 3
2026/10/04 00:07:08.387, 1783, 3
2026/10/04 00:07:08.649, 1783, 3
2026/10/04 00:07:08.911, 1783, 3
2026/10/04 00:07:09.175, 1783, 3
2026/10/04 00:07:09.436, 1783, 3
2026/10/04 00:07:09.699, 1783, 3
2026/10/04 00:07:09.961, 1775, 3
2026/10/04 00:07:10.224, 1775, 3
2026/10/04 00:07:10.487, 1775, 3
2026/10/04 00:07:10.752, 1775, 3
2026/10/04 00:07:11.015, 1775, 3
2026/10/04 00:07:11.278, 1775, 3
2026/10/04 00:07:11.542, 1775, 3
2026/10/04 00:07:11.805, 1775, 3
2026/10/04 00:07:12.067, 1771, 3
2026/10/04 00:07:12.330, 1768, 3
2026/10/04 00:07:12.592, 1765, 3
2026/10/04 00:07:12.854, 1765, 3
2026/10/04 00:07:13.118, 1751, 3
2026/10/04 00:07:13.380, 1759, 3
2026/10/04 00:07:13.644, 1759, 3
2026/10/04 00:07:13.906, 1759, 3
2026/10/04 00:07:14.168, 1759, 3
2026/10/04 00:07:14.431, 1759, 3
2026/10/04 00:07:14.695, 1759, 3
2026/10/04 00:07:14.958, 1759, 3
2026/10/04 00:07:15.221, 1759, 3
2026/10/04 00:07:15.483, 1754, 3
2026/10/04 00:07:15.746, 1754, 3
2026/10/04 00:07:16.009, 1754, 3
2026/10/04 00:07:16.272, 1754, 3
2026/10/04 00:07:16.535, 1754, 3
2026/10/04 00:07:16.797, 1754, 3
2026/10/04 00:07:17.060, 1759, 3
2026/10/04 00:07:17.325, 1759, 3
2026/10/04 00:07:17.588, 1759, 3
2026/10/04 00:07:17.850, 1759, 3
2026/10/04 00:07:18.113, 1759, 3
2026/10/04 00:07:18.377, 1759, 3
2026/10/04 00:07:18.640, 1759, 3
2026/10/04 00:07:18.902, 1759, 3
2026/10/04 00:07:19.165, 1754, 3
2026/10/04 00:07:19.428, 1754, 3
2026/10/04 00:07:19.690, 1754, 3
2026/10/04 00:07:19.954, 1754, 3
2026/10/04 00:07:20.218, 1754, 3
2026/10/04 00:07:20.481, 1759, 3
2026/10/04 00:07:20.746, 1759, 3
2026/10/04 00:07:21.007, 1759, 3
2026/10/04 00:07:21.270, 1759, 3
2026/10/04 00:07:21.535, 1759, 3
2026/10/04 00:07:21.798, 1759, 3
2026/10/04 00:07:22.062, 1759, 3
2026/10/04 00:07:22.324, 1759, 3
2026/10/04 00:07:22.589, 1754, 3
2026/10/04 00:07:22.851, 1754, 3
2026/10/04 00:07:23.115, 1754, 3
2026/10/04 00:07:23.379, 1754, 3
2026/10/04 00:07:23.642, 1754, 3
2026/10/04 00:07:23.904, 1754, 3
2026/10/04 00:07:24.167, 1754, 3
2026/10/04 00:07:24.430, 1754, 3
2026/10/04 00:07:24.693, 1765, 3
2026/10/04 00:07:24.956, 1765, 3
2026/10/04 00:07:25.219, 1765, 3
2026/10/04 00:07:25.483, 1765, 3
2026/10/04 00:07:25.746, 1765, 3
2026/10/04 00:07:26.010, 1765, 3
2026/10/04 00:07:26.272, 1765, 3
2026/10/04 00:07:26.537, 1765, 3
2026/10/04 00:07:26.800, 1765, 3
2026/10/04 00:07:27.063, 1765, 3
2026/10/04 00:07:27.326, 1765, 3
2026/10/04 00:07:27.588, 1765, 3
2026/10/04 00:07:27.850, 1756, 3
2026/10/04 00:07:28.113, 1756, 3
2026/10/04 00:07:28.376, 1770, 3
2026/10/04 00:07:28.639, 1770, 3
2026/10/04 00:07:28.901, 1770, 3
2026/10/04 00:07:29.165, 1770, 3
2026/10/04 00:07:29.429, 1772, 3
2026/10/04 00:07:29.692, 1772, 3
2026/10/04 00:07:29.955, 1772, 3
2026/10/04 00:07:30.218, 1772, 3
2026/10/04 00:07:30.482, 1772, 3
2026/10/04 00:07:30.745, 1772, 3
2026/10/04 00:07:31.008, 1768, 3
2026/10/04 00:07:31.270, 1769, 3
2026/10/04 00:07:31.533, 1769, 3
2026/10/04 00:07:31.797, 1769, 3
2026/10/04 00:07:32.060, 1769, 3
2026/10/04 00:07:32.322, 1771, 3
2026/10/04 00:07:32.585, 1782, 3
2026/10/04 00:07:32.848, 1782, 3
2026/10/04 00:07:33.111, 1782, 3
2026/10/04 00:07:33.375, 1788, 3
2026/10/04 00:07:33.638, 1788, 3
2026/10/04 00:07:33.900, 1788, 3
2026/10/04 00:07:34.162, 1788, 3
2026/10/04 00:07:34.424, 1789, 3
2026/10/04 00:07:34.687, 1789, 3
2026/10/04 00:07:34.950, 1789, 3
2026/10/04 00:07:35.214, 1789, 3
2026/10/04 00:07:35.475, 1785, 3
2026/10/04 00:07:35.738, 1785, 3
2026/10/04 00:07:36.001, 1785, 3
2026/10/04 00:07:36.263, 1781, 3
2026/10/04 00:07:36.525, 1749, 3
2026/10/04 00:07:36.790, 1749, 3
2026/10/04 00:07:37.052, 1749, 3
2026/10/04 00:07:37.316, 1749, 3
2026/10/04 00:07:37.580, 1749, 3
2026/10/04 00:07:37.844, 1749, 3
2026/10/04 00:07:38.108, 1749, 3
2026/10/04 00:07:38.370, 1745, 3
2026/10/04 00:07:38.633, 1747, 3
2026/10/04 00:07:38.896, 1747, 3
2026/10/04 00:07:39.158, 1747, 3
2026/10/04 00:07:39.420, 1747, 3
2026/10/04 00:07:39.684, 1752, 3
2026/10/04 00:07:39.946, 1752, 3
2026/10/04 00:07:40.209, 1752, 3
2026/10/04 00:07:40.472, 1752, 3
2026/10/04 00:07:40.735, 1752, 3
2026/10/04 00:07:40.998, 1752, 3
2026/10/04 00:07:41.261, 1752, 3
2026/10/04 00:07:41.524, 1754, 3
2026/10/04 00:07:41.787, 1754, 3
2026/10/04 00:07:42.051, 1754, 3
2026/10/04 00:07:42.313, 1754, 3
2026/10/04 00:07:42.576, 1755, 3
2026/10/04 00:07:42.838, 1755, 3
2026/10/04 00:07:43.101, 1755, 3
2026/10/04 00:07:43.365, 1755, 3
2026/10/04 00:07:43.627, 1755, 3
2026/10/04 00:07:43.890, 1755, 3
2026/10/04 00:07:44.153, 1755, 3
2026/10/04 00:07:44.417, 1755, 3
2026/10/04 00:07:44.681, 1752, 3
2026/10/04 00:07:44.944, 1750, 3
2026/10/04 00:07:45.207, 1750, 3
2026/10/04 00:07:45.468, 1750, 3
2026/10/04 00:07:45.730, 1750, 3
2026/10/04 00:07:45.992, 1750, 3
2026/10/04 00:07:46.255, 1750, 3
2026/10/04 00:07:46.517, 1750, 3
2026/10/04 00:07:46.781, 1755, 3
2026/10/04 00:07:47.044, 1755, 3
2026/10/04 00:07:47.307, 1755, 3
2026/10/04 00:07:47.570, 1755, 3
2026/10/04 00:07:47.833, 1757, 3
2026/10/04 00:07:48.096, 1757, 3
2026/10/04 00:07:48.359, 1757, 3
2026/10/04 00:07:48.621, 1757, 3
2026/10/04 00:07:48.884, 1757, 3
2026/10/04 00:07:49.146, 1757, 3
2026/10/04 00:07:49.409, 1757, 3
2026/10/04 00:07:49.672, 1757, 3
2026/10/04 00:07:49.935, 1760, 3
2026/10/04 00:07:50.198, 1760, 3
2026/10/04 00:07:50.461, 1760, 3
2026/10/04 00:07:50.724, 1760, 3
2026/10/04 00:07:50.987, 1760, 3
2026/10/04 00:07:51.248, 1760, 3
2026/10/04 00:07:51.510, 1760, 3
2026/10/04 00:07:51.773, 1760, 3
2026/10/04 00:07:52.035, 1760, 3
2026/10/04 00:07:52.298, 1760, 3
2026/10/04 00:07:52.562, 1760, 3
2026/10/04 00:07:52.826, 1760, 3
2026/10/04 00:07:53.088, 1760, 3
2026/10/04 00:07:53.351, 1760, 3
2026/10/04 00:07:53.616, 1766, 3
2026/10/04 00:07:53.879, 1768, 3
2026/10/04 00:07:54.142, 1768, 3
2026/10/04 00:07:54.406, 1768, 3
2026/10/04 00:07:54.669, 1768, 3
2026/10/04 00:07:54.933, 1769, 3
2026/10/04 00:07:55.196, 1769, 3
2026/10/04 00:07:55.459, 1769, 3
2026/10/04 00:07:55.722, 1769, 3
2026/10/04 00:07:55.985, 1771, 3
2026/10/04 00:07:56.248, 1771, 3
2026/10/04 00:07:56.510, 1767, 3
2026/10/04 00:07:56.774, 1767, 3
2026/10/04 00:07:57.037, 1768, 3
2026/10/04 00:07:57.300, 1768, 3
2026/10/04 00:07:57.562, 1768, 3
2026/10/04 00:07:57.825, 1768, 3
2026/10/04 00:07:58.088, 1770, 3
2026/10/04 00:07:58.351, 1770, 3
2026/10/04 00:07:58.614, 1769, 3
2026/10/04 00:07:58.877, 1769, 3
2026/10/04 00:07:59.139, 1771, 3
2026/10/04 00:07:59.401, 1771, 3
2026/10/04 00:07:59.665, 1771, 3
2026/10/04 00:07:59.927, 1776, 3
2026/10/04 00:08:00.189, 1777, 3
2026/10/04 00:08:00.453, 1777, 3
2026/10/04 00:08:00.716, 1777, 3
2026/10/04 00:08:00.980, 1777, 3
2026/10/04 00:08:01.242, 1779, 3
2026/10/04 00:08:01.506, 1779, 3
2026/10/04 00:08:01.769, 1779, 3
2026/10/04 00:08:02.032, 1779, 3
2026/10/04 00:08:02.295, 1776, 3
2026/10/04 00:08:02.559, 1776, 3
2026/10/04 00:08:02.821, 1776, 3
2026/10/04 00:08:03.084, 1776, 3
2026/10/04 00:08:03.346, 1778, 3
2026/10/04 00:08:03.610, 1778, 3
2026/10/04 00:08:03.873, 1778, 3
2026/10/04 00:08:04.137, 1778, 3
2026/10/04 00:08:04.400, 1780, 3
2026/10/04 00:08:04.664, 1780, 3
2026/10/04 00:08:04.927, 1780, 3
2026/10/04 00:08:05.190, 1779, 3
2026/10/04 00:08:05.454, 1779, 3
2026/10/04 00:08:05.718, 1779, 3
2026/10/04 00:08:05.983, 1779, 3
2026/10/04 00:08:06.246, 1778, 3
2026/10/04 00:08:06.510, 1772, 3
2026/10/04 00:08:06.774, 1772, 3
2026/10/04 00:08:07.037, 1772, 3
2026/10/04 00:08:07.301, 1773, 3
2026/10/04 00:08:07.564, 1773, 3
2026/10/04 00:08:07.826, 1773, 3
2026/10/04 00:08:08.089, 1773, 3
2026/10/04 00:08:08.352, 1772, 3
2026/10/04 00:08:08.616, 1771, 3
2026/10/04 00:08:08.880, 1771, 3
2026/10/04 00:08:09.143, 1771, 3
2026/10/04 00:08:09.406, 1769, 4
2026/10/04 00:08:09.668, 1769, 4
2026/10/04 00:08:09.932, 1769, 3
2026/10/04 00:08:10.195, 1769, 3
2026/10/04 00:08:10.457, 1771, 3
2026/10/04 00:08:10.721, 1782, 3
2026/10/04 00:08:10.985, 1801, 3
2026/10/04 00:08:11.249, 1795, 3
2026/10/04 00:08:11.514, 1800, 4
2026/10/04 00:08:11.778, 1800, 4
2026/10/04 00:08:12.043, 1800, 4
2026/10/04 00:08:12.306, 1800, 4
2026/10/04 00:08:12.571, 1801, 4
2026/10/04 00:08:12.834, 1801, 4
2026/10/04 00:08:13.098, 1801, 4
2026/10/04 00:08:13.362, 1801, 4
2026/10/04 00:08:13.626, 1799, 4
2026/10/04 00:08:13.888, 1799, 4
2026/10/04 00:08:14.150, 1799, 4
2026/10/04 00:08:14.413, 1800, 4
2026/10/04 00:08:14.678, 1800, 4
2026/10/04 00:08:14.941, 1800, 4
2026/10/04 00:08:15.204, 1810, 4
2026/10/04 00:08:15.469, 2761, 24
2026/10/04 00:08:15.732, 3467, 24
2026/10/04 00:08:15.997, 4536, 28
2026/10/04 00:08:16.262, 5588, 28
2026/10/04 00:08:16.527, 6613, 27
2026/10/04 00:08:16.791, 7680, 27
2026/10/04 00:08:17.055, 8886, 29
2026/10/04 00:08:17.319, 8984, 29
2026/10/04 00:08:17.582, 9581, 15
2026/10/04 00:08:17.846, 9619, 15
2026/10/04 00:08:18.110, 9637, 5
2026/10/04 00:08:18.375, 9687, 5
2026/10/04 00:08:18.638, 9688, 8
2026/10/04 00:08:18.903, 9688, 8
2026/10/04 00:08:19.167, 9688, 92
2026/10/04 00:08:19.431, 9688, 80
2026/10/04 00:08:19.696, 9690, 80
2026/10/04 00:08:19.959, 9690, 81
2026/10/04 00:08:20.212, 9690, 81
2026/10/04 00:08:20.477, 9686, 81
2026/10/04 00:08:20.742, 9688, 81
2026/10/04 00:08:21.006, 9688, 94
2026/10/04 00:08:21.272, 9688, 94
2026/10/04 00:08:21.537, 9688, 80
2026/10/04 00:08:21.802, 9689, 80
2026/10/04 00:08:22.066, 9689, 80
2026/10/04 00:08:22.330, 9689, 80
2026/10/04 00:08:22.595, 9689, 76
2026/10/04 00:08:22.860, 9691, 76
2026/10/04 00:08:23.125, 9691, 91
2026/10/04 00:08:23.390, 9691, 91
2026/10/04 00:08:23.655, 9678, 74
2026/10/04 00:08:23.919, 9680, 75
2026/10/04 00:08:24.183, 9680, 75
2026/10/04 00:08:24.448, 9680, 77
2026/10/04 00:08:24.712, 9681, 77
2026/10/04 00:08:24.977, 9681, 78
2026/10/04 00:08:25.242, 9681, 78
2026/10/04 00:08:25.507, 9681, 81
2026/10/04 00:08:25.772, 9683, 81
2026/10/04 00:08:26.037, 9683, 79
2026/10/04 00:08:26.288, 9683, 79
2026/10/04 00:08:26.554, 9683, 90
2026/10/04 00:08:26.820, 9703, 90
2026/10/04 00:08:27.085, 9703, 90
2026/10/04 00:08:27.351, 9703, 90
2026/10/04 00:08:27.615, 9703, 90
2026/10/04 00:08:27.879, 9704, 90
2026/10/04 00:08:28.144, 9704, 91
2026/10/04 00:08:28.409, 9700, 92
2026/10/04 00:08:28.673, 9700, 92
2026/10/04 00:08:28.924, 9701, 87
2026/10/04 00:08:29.188, 9701, 87
2026/10/04 00:08:29.453, 9701, 80
2026/10/04 00:08:29.717, 9701, 80
2026/10/04 00:08:29.982, 10935, 81
2026/10/04 00:08:30.246, 10395, 81
2026/10/04 00:08:30.510, 10395, 95
2026/10/04 00:08:30.774, 10395, 95
2026/10/04 00:08:31.038, 10396, 94
2026/10/04 00:08:31.301, 10396, 94
2026/10/04 00:08:31.565, 10396, 95
2026/10/04 00:08:31.829, 10385, 95
2026/10/04 00:08:32.096, 10386, 94
2026/10/04 00:08:32.362, 10386, 94
2026/10/04 00:08:32.627, 10386, 92
2026/10/04 00:08:32.892, 10386, 92
2026/10/04 00:08:33.156, 10388, 96
2026/10/04 00:08:33.421, 10388, 88
2026/10/04 00:08:33.686, 10388, 88
2026/10/04 00:08:33.937, 10388, 94
2026/10/04 00:08:34.201, 10390, 94
2026/10/04 00:08:34.453, 10390, 93
2026/10/04 00:08:34.718, 10390, 93
2026/10/04 00:08:34.983, 10390, 96
2026/10/04 00:08:35.246, 10390, 96
2026/10/04 00:08:35.511, 10390, 96
2026/10/04 00:08:35.775, 10390, 96
2026/10/04 00:08:36.027, 10390, 93
2026/10/04 00:08:36.291, 10385, 93
2026/10/04 00:08:36.556, 10351, 95
2026/10/04 00:08:36.820, 10351, 95
2026/10/04 00:08:37.071, 10352, 91
2026/10/04 00:08:37.336, 10352, 91
2026/10/04 00:08:37.588, 10352, 93
2026/10/04 00:08:37.841, 10352, 93
2026/10/04 00:08:38.105, 10354, 92
2026/10/04 00:08:38.356, 10354, 92
2026/10/04 00:08:38.620, 10354, 89
2026/10/04 00:08:38.885, 10354, 89
2026/10/04 00:08:39.149, 10356, 82
2026/10/04 00:08:39.413, 10356, 81
2026/10/04 00:08:39.664, 10356, 81
2026/10/04 00:08:39.929, 10356, 81
2026/10/04 00:08:40.195, 10358, 81
2026/10/04 00:08:40.459, 10358, 79
2026/10/04 00:08:40.725, 10358, 79
2026/10/04 00:08:40.989, 10358, 80
2026/10/04 00:08:41.253, 10359, 80
2026/10/04 00:08:41.518, 10359, 91
2026/10/04 00:08:41.782, 10359, 91
2026/10/04 00:08:42.046, 10359, 93
2026/10/04 00:08:42.297, 10361, 93
2026/10/04 00:08:42.562, 10361, 94
2026/10/04 00:08:42.826, 10361, 94
2026/10/04 00:08:43.090, 10361, 93
2026/10/04 00:08:43.353, 10363, 93
2026/10/04 00:08:43.604, 10363, 93
2026/10/04 00:08:43.868, 10363, 93
2026/10/04 00:08:44.133, 10363, 96
2026/10/04 00:08:44.397, 10364, 96
2026/10/04 00:08:44.663, 10364, 94
2026/10/04 00:08:44.927, 10364, 91
2026/10/04 00:08:45.191, 10364, 91
2026/10/04 00:08:45.456, 10366, 93
2026/10/04 00:08:45.721, 10366, 93
2026/10/04 00:08:45.985, 10366, 93
2026/10/04 00:08:46.249, 10368, 93
2026/10/04 00:08:46.513, 10368, 94
2026/10/04 00:08:46.777, 10368, 94
2026/10/04 00:08:47.041, 10368, 94
2026/10/04 00:08:47.306, 10370, 94
2026/10/04 00:08:47.558, 10370, 93
2026/10/04 00:08:47.821, 10370, 93
2026/10/04 00:08:48.086, 10370, 94
2026/10/04 00:08:48.350, 10371, 94
2026/10/04 00:08:48.615, 10371, 95
2026/10/04 00:08:48.878, 10371, 95
2026/10/04 00:08:49.142, 10371, 80
2026/10/04 00:08:49.397, 10373, 80
2026/10/04 00:08:49.661, 10373, 92
2026/10/04 00:08:49.926, 10373, 93
2026/10/04 00:08:50.190, 10373, 93
2026/10/04 00:08:50.453, 10374, 90
2026/10/04 00:08:50.719, 10374, 90
2026/10/04 00:08:50.984, 10374, 93
2026/10/04 00:08:51.248, 10374, 93
2026/10/04 00:08:51.501, 10376, 93
2026/10/04 00:08:51.766, 10376, 93
2026/10/04 00:08:52.031, 10376, 93
2026/10/04 00:08:52.295, 10376, 93
2026/10/04 00:08:52.560, 10378, 91
2026/10/04 00:08:52.825, 10378, 91
2026/10/04 00:08:53.090, 10378, 91
2026/10/04 00:08:53.355, 10378, 91
2026/10/04 00:08:53.618, 10379, 92
2026/10/04 00:08:53.882, 10379, 92
2026/10/04 00:08:54.146, 10379, 92
2026/10/04 00:08:54.411, 10379, 92
2026/10/04 00:08:54.676, 10381, 92
2026/10/04 00:08:54.939, 10381, 91
2026/10/04 00:08:55.203, 10381, 91
2026/10/04 00:08:55.467, 10381, 90
2026/10/04 00:08:55.731, 10383, 90
2026/10/04 00:08:55.996, 10383, 90
2026/10/04 00:08:56.260, 10383, 90
2026/10/04 00:08:56.524, 10385, 93
2026/10/04 00:08:56.788, 10385, 93
2026/10/04 00:08:57.052, 10385, 91
2026/10/04 00:08:57.303, 10385, 91
2026/10/04 00:08:57.567, 10386, 94
2026/10/04 00:08:57.818, 10386, 94
2026/10/04 00:08:58.083, 10386, 93
2026/10/04 00:08:58.346, 10386, 93
2026/10/04 00:08:58.612, 10396, 94
2026/10/04 00:08:58.877, 10396, 94
2026/10/04 00:08:59.142, 10396, 94
2026/10/04 00:08:59.407, 10396, 94
2026/10/04 00:08:59.671, 10398, 79
2026/10/04 00:08:59.936, 10398, 94
2026/10/04 00:09:00.202, 10398, 94
2026/10/04 00:09:00.467, 10398, 94
2026/10/04 00:09:00.732, 10399, 94
2026/10/04 00:09:00.996, 10399, 79
2026/10/04 00:09:01.260, 10627, 79
2026/10/04 00:09:01.525, 10627, 100
2026/10/04 00:09:01.789, 10629, 100
2026/10/04 00:09:02.053, 10629, 99
2026/10/04 00:09:02.318, 10629, 99
2026/10/04 00:09:02.583, 10629, 99
2026/10/04 00:09:02.848, 10630, 99
2026/10/04 00:09:03.113, 10630, 99
2026/10/04 00:09:03.376, 10630, 99
2026/10/04 00:09:03.641, 10630, 98
2026/10/04 00:09:03.905, 10630, 98
2026/10/04 00:09:04.170, 10630, 99
2026/10/04 00:09:04.434, 10628, 98
2026/10/04 00:09:04.686, 10626, 98
2026/10/04 00:09:04.951, 10626, 98
2026/10/04 00:09:05.215, 10626, 98
2026/10/04 00:09:05.481, 10626, 99
2026/10/04 00:09:05.746, 10626, 99
2026/10/04 00:09:06.010, 10626, 99
2026/10/04 00:09:06.273, 10626, 99
2026/10/04 00:09:06.538, 10610, 99
2026/10/04 00:09:06.803, 10579, 99
2026/10/04 00:09:07.068, 10580, 99
2026/10/04 00:09:07.333, 10580, 99
2026/10/04 00:09:07.597, 10580, 98
2026/10/04 00:09:07.862, 10580, 98
2026/10/04 00:09:08.116, 10582, 99
2026/10/04 00:09:08.380, 10582, 99
2026/10/04 00:09:08.644, 10582, 99
2026/10/04 00:09:08.908, 10582, 99
2026/10/04 00:09:09.173, 10584, 99
2026/10/04 00:09:09.438, 10584, 99
2026/10/04 00:09:09.702, 10584, 99
2026/10/04 00:09:09.966, 10584, 99
2026/10/04 00:09:10.229, 10586, 99
2026/10/04 00:09:10.493, 10586, 99
2026/10/04 00:09:10.757, 10586, 99
2026/10/04 00:09:11.008, 10586, 99
2026/10/04 00:09:11.271, 10587, 99
2026/10/04 00:09:11.535, 10587, 98
2026/10/04 00:09:11.799, 10587, 98
2026/10/04 00:09:12.062, 10587, 99
2026/10/04 00:09:12.326, 10589, 99
2026/10/04 00:09:12.590, 10589, 98
2026/10/04 00:09:12.855, 10589, 98
2026/10/04 00:09:13.119, 10589, 99
2026/10/04 00:09:13.382, 10591, 99
2026/10/04 00:09:13.648, 10591, 98
2026/10/04 00:09:13.912, 10591, 9
2026/10/04 00:09:14.177, 10591, 9
2026/10/04 00:09:14.441, 10592, 9
2026/10/04 00:09:14.705, 10592, 9
2026/10/04 00:09:14.970, 10592, 9
2026/10/04 00:09:15.235, 10592, 9
2026/10/04 00:09:15.499, 10594, 9
2026/10/04 00:09:15.762, 10594, 9
2026/10/04 00:09:16.028, 10594, 9
2026/10/04 00:09:16.292, 10596, 9
2026/10/04 00:09:16.557, 10596, 9
2026/10/04 00:09:16.821, 10596, 9
2026/10/04 00:09:17.085, 10596, 9
2026/10/04 00:09:17.349, 10597, 9
2026/10/04 00:09:17.614, 10597, 9
2026/10/04 00:09:17.879, 10597, 9
2026/10/04 00:09:18.143, 10597, 9
2026/10/04 00:09:18.408, 10599, 9
2026/10/04 00:09:18.672, 2195, 10
2026/10/04 00:09:18.937, 2195, 4
2026/10/04 00:09:19.202, 2461, 4
2026/10/04 00:09:19.466, 4369, 31
2026/10/04 00:09:19.730, 6683, 31
2026/10/04 00:09:19.994, 8917, 100
2026/10/04 00:09:20.246, 8917, 100
2026/10/04 00:09:20.496, 8918, 100
2026/10/04 00:09:20.762, 8920, 100
2026/10/04 00:09:21.026, 2508, 5
2026/10/04 00:09:21.291, 2508, 5
2026/10/04 00:09:21.555, 2510, 3
2026/10/04 00:09:21.820, 2510, 3
2026/10/04 00:09:22.085, 2510, 3
2026/10/04 00:09:22.349, 2510, 3
2026/10/04 00:09:22.612, 2512, 3
2026/10/04 00:09:22.876, 2512, 3
2026/10/04 00:09:23.139, 2512, 3
2026/10/04 00:09:23.403, 2512, 3
2026/10/04 00:09:23.667, 2514, 3
2026/10/04 00:09:23.931, 2514, 3
2026/10/04 00:09:24.195, 2514, 3
2026/10/04 00:09:24.459, 2514, 3
2026/10/04 00:09:24.723, 2515, 3
2026/10/04 00:09:24.987, 2527, 4
2026/10/04 00:09:25.252, 2526, 4
2026/10/04 00:09:25.517, 2526, 3
2026/10/04 00:09:25.781, 2527, 3
2026/10/04 00:09:26.046, 2527, 3
2026/10/04 00:09:26.310, 2527, 3
2026/10/04 00:09:26.575, 2527, 3
2026/10/04 00:09:26.840, 2528, 3
2026/10/04 00:09:27.105, 2528, 3
2026/10/04 00:09:27.370, 2528, 3
2026/10/04 00:09:27.635, 2528, 3
2026/10/04 00:09:27.900, 2529, 3
2026/10/04 00:09:28.165, 2529, 3
2026/10/04 00:09:28.429, 2529, 4
2026/10/04 00:09:28.694, 2529, 4
2026/10/04 00:09:28.958, 2531, 3
2026/10/04 00:09:29.224, 2531, 3
2026/10/04 00:09:29.488, 2531, 3
2026/10/04 00:09:29.753, 2539, 3
2026/10/04 00:09:30.017, 2545, 4
2026/10/04 00:09:30.281, 2545, 4
2026/10/04 00:09:30.546, 2545, 3
2026/10/04 00:09:30.810, 2534, 3
2026/10/04 00:09:31.075, 2536, 3
2026/10/04 00:09:31.339, 2536, 3
2026/10/04 00:09:31.604, 2536, 3
2026/10/04 00:09:31.868, 2536, 3
2026/10/04 00:09:32.132, 2535, 3
2026/10/04 00:09:32.397, 2535, 3
2026/10/04 00:09:32.661, 2531, 3
2026/10/04 00:09:32.927, 2531, 3
2026/10/04 00:09:33.192, 2531, 3
2026/10/04 00:09:33.457, 2531, 3
2026/10/04 00:09:33.721, 2527, 3
2026/10/04 00:09:33.986, 2519, 3
2026/10/04 00:09:34.250, 2519, 3
2026/10/04 00:09:34.514, 2519, 3
2026/10/04 00:09:34.778, 2519, 3
2026/10/04 00:09:35.044, 2519, 3
2026/10/04 00:09:35.308, 2519, 3
2026/10/04 00:09:35.572, 2514, 3
2026/10/04 00:09:35.838, 2514, 3
2026/10/04 00:09:36.103, 2499, 3
2026/10/04 00:09:36.367, 2460, 3
2026/10/04 00:09:36.631, 2460, 3
2026/10/04 00:09:36.897, 2460, 3
2026/10/04 00:09:37.161, 2457, 3
2026/10/04 00:09:37.426, 2457, 3
2026/10/04 00:09:37.691, 2457, 3
2026/10/04 00:09:37.955, 2457, 3
2026/10/04 00:09:38.219, 2457, 3
2026/10/04 00:09:38.485, 2457, 3
2026/10/04 00:09:38.750, 2457, 3
2026/10/04 00:09:39.014, 2457, 3
2026/10/04 00:09:39.279, 2457, 3
2026/10/04 00:09:39.542, 2457, 3
2026/10/04 00:09:39.807, 2457, 3
2026/10/04 00:09:40.072, 2457, 3
2026/10/04 00:09:40.337, 2457, 3
2026/10/04 00:09:40.602, 2457, 3
2026/10/04 00:09:40.867, 2457, 3
2026/10/04 00:09:41.131, 2455, 3
2026/10/04 00:09:41.395, 2455, 3
2026/10/04 00:09:41.660, 2455, 3
2026/10/04 00:09:41.925, 2455, 3
2026/10/04 00:09:42.190, 2455, 3
2026/10/04 00:09:42.455, 2455, 3
2026/10/04 00:09:42.720, 2455, 3
2026/10/04 00:09:42.984, 2455, 3
2026/10/04 00:09:43.248, 2455, 3
2026/10/04 00:09:43.512, 2455, 3
2026/10/04 00:09:43.776, 2455, 3
2026/10/04 00:09:44.040, 2455, 3
2026/10/04 00:09:44.306, 2455, 3
2026/10/04 00:09:44.571, 2455, 3
2026/10/04 00:09:44.836, 2455, 3
2026/10/04 00:09:45.101, 2455, 3
2026/10/04 00:09:45.366, 2455, 3
2026/10/04 00:09:45.630, 2455, 3
2026/10/04 00:09:45.895, 2455, 3
2026/10/04 00:09:46.159, 2455, 3
2026/10/04 00:09:46.424, 2455, 3
2026/10/04 00:09:46.688, 2455, 3
2026/10/04 00:09:46.953, 2455, 3
2026/10/04 00:09:47.217, 2455, 3
2026/10/04 00:09:47.482, 2455, 3
2026/10/04 00:09:47.748, 2455, 3
2026/10/04 00:09:48.013, 2455, 3
2026/10/04 00:09:48.279, 2455, 3
2026/10/04 00:09:48.543, 2455, 3
2026/10/04 00:09:48.808, 2455, 3
2026/10/04 00:09:49.071, 2455, 3
2026/10/04 00:09:49.336, 2455, 3
2026/10/04 00:09:49.600, 2455, 3
2026/10/04 00:09:49.865, 2455, 3
2026/10/04 00:09:50.129, 2469, 3
2026/10/04 00:09:50.394, 2469, 3
2026/10/04 00:09:50.659, 2469, 3
2026/10/04 00:09:50.924, 2469, 3
2026/10/04 00:09:51.189, 2474, 3
2026/10/04 00:09:51.453, 2474, 3
2026/10/04 00:09:51.720, 2474, 3
2026/10/04 00:09:51.985, 2474, 3
2026/10/04 00:09:52.250, 2474, 3
2026/10/04 00:09:52.515, 2474, 3
2026/10/04 00:09:52.780, 2474, 3
2026/10/04 00:09:53.044, 2474, 3
2026/10/04 00:09:53.309, 2470, 3
2026/10/04 00:09:53.574, 2470, 3
2026/10/04 00:09:53.839, 2470, 3
2026/10/04 00:09:54.104, 2469, 3
2026/10/04 00:09:54.368, 2465, 3
2026/10/04 00:09:54.632, 2465, 3
2026/10/04 00:09:54.898, 2465, 3
2026/10/04 00:09:55.162, 2465, 3
2026/10/04 00:09:55.427, 2464, 3
2026/10/04 00:09:55.692, 2464, 3
2026/10/04 00:09:55.956, 2464, 3
2026/10/04 00:09:56.220, 2461, 3
2026/10/04 00:09:56.485, 2461, 3
2026/10/04 00:09:56.750, 2461, 3
2026/10/04 00:09:57.016, 2461, 3
2026/10/04 00:09:57.281, 2459, 3
2026/10/04 00:09:57.546, 2459, 3
2026/10/04 00:09:57.811, 2459, 3
2026/10/04 00:09:58.074, 2459, 3
2026/10/04 00:09:58.338, 2459, 3
2026/10/04 00:09:58.602, 2459, 3
2026/10/04 00:09:58.867, 2459, 3
2026/10/04 00:09:59.132, 2459, 3
2026/10/04 00:09:59.396, 2459, 3
2026/10/04 00:09:59.661, 2465, 3
2026/10/04 00:09:59.926, 2465, 3
2026/10/04 00:10:00.190, 2465, 3
2026/10/04 00:10:00.454, 2465, 3
2026/10/04 00:10:00.718, 2465, 3
2026/10/04 00:10:00.984, 2465, 3
2026/10/04 00:10:01.248, 2465, 3
2026/10/04 00:10:01.513, 2465, 3
2026/10/04 00:10:01.777, 2465, 3
2026/10/04 00:10:02.042, 2461, 3
2026/10/04 00:10:02.305, 2465, 3
2026/10/04 00:10:02.570, 2465, 3
2026/10/04 00:10:02.835, 2465, 3
2026/10/04 00:10:03.099, 2465, 3
2026/10/04 00:10:03.364, 2465, 3
2026/10/04 00:10:03.629, 2465, 3
2026/10/04 00:10:03.893, 2465, 3
2026/10/04 00:10:04.157, 2465, 3
2026/10/04 00:10:04.420, 2461, 3
2026/10/04 00:10:04.683, 2461, 3
2026/10/04 00:10:04.947, 2461, 3
2026/10/04 00:10:05.211, 2461, 3
2026/10/04 00:10:05.475, 2461, 3
2026/10/04 00:10:05.739, 2461, 3
2026/10/04 00:10:06.004, 2461, 3
2026/10/04 00:10:06.268, 2461, 3
2026/10/04 00:10:06.532, 2461, 3
2026/10/04 00:10:06.796, 2461, 3
2026/10/04 00:10:07.061, 2461, 3
2026/10/04 00:10:07.324, 2461, 3
2026/10/04 00:10:07.589, 2461, 3
2026/10/04 00:10:07.853, 2461, 3
2026/10/04 00:10:08.117, 2459, 3
2026/10/04 00:10:08.381, 2470, 3
2026/10/04 00:10:08.646, 2449, 4
2026/10/04 00:10:08.910, 2601, 4
2026/10/04 00:10:09.175, 2647, 11
2026/10/04 00:10:09.439, 5015, 3
2026/10/04 00:10:09.702, 11071, 3
2026/10/04 00:10:09.966, 11071, 37
2026/10/04 00:10:10.231, 11071, 37
2026/10/04 00:10:10.495, 11071, 50
2026/10/04 00:10:10.758, 13809, 50
2026/10/04 00:10:11.024, 13835, 47
2026/10/04 00:10:11.288, 13843, 47
2026/10/04 00:10:11.552, 13844, 100
2026/10/04 00:10:11.816, 13844, 100
2026/10/04 00:10:12.080, 13844, 98
2026/10/04 00:10:12.344, 13844, 98
2026/10/04 00:10:12.607, 13846, 98
2026/10/04 00:10:12.870, 13846, 98
2026/10/04 00:10:13.134, 13846, 98
2026/10/04 00:10:13.398, 13846, 98
2026/10/04 00:10:13.663, 13847, 97
2026/10/04 00:10:13.927, 13847, 97
2026/10/04 00:10:14.192, 13845, 97
2026/10/04 00:10:14.456, 13845, 98
2026/10/04 00:10:14.720, 13847, 98
2026/10/04 00:10:14.984, 13839, 98
2026/10/04 00:10:15.247, 13839, 98
2026/10/04 00:10:15.511, 13839, 98
2026/10/04 00:10:15.775, 13841, 98
2026/10/04 00:10:16.039, 13841, 98
2026/10/04 00:10:16.303, 13841, 98
2026/10/04 00:10:16.566, 13841, 98
2026/10/04 00:10:16.831, 13842, 98
2026/10/04 00:10:17.095, 13842, 98
2026/10/04 00:10:17.361, 13842, 98
2026/10/04 00:10:17.624, 13842, 98
2026/10/04 00:10:17.888, 13843, 98
2026/10/04 00:10:18.152, 13843, 98
2026/10/04 00:10:18.416, 13843, 98
2026/10/04 00:10:18.681, 13843, 98
2026/10/04 00:10:18.945, 13845, 97
2026/10/04 00:10:19.209, 13845, 97
2026/10/04 00:10:19.473, 13845, 98
2026/10/04 00:10:19.737, 2442, 98
2026/10/04 00:10:20.001, 2443, 3
2026/10/04 00:10:20.264, 2605, 3
2026/10/04 00:10:20.528, 2457, 3
2026/10/04 00:10:20.792, 2455, 3
2026/10/04 00:10:21.055, 2465, 3
2026/10/04 00:10:21.319, 2465, 3
2026/10/04 00:10:21.583, 2465, 3
2026/10/04 00:10:21.848, 2467, 3
2026/10/04 00:10:22.112, 2467, 3
2026/10/04 00:10:22.375, 2467, 3
2026/10/04 00:10:22.640, 2467, 3
2026/10/04 00:10:22.905, 2466, 3
2026/10/04 00:10:23.169, 2466, 3
2026/10/04 00:10:23.433, 2466, 3
2026/10/04 00:10:23.697, 2458, 3
2026/10/04 00:10:23.961, 2458, 3
2026/10/04 00:10:24.226, 2458, 3
2026/10/04 00:10:24.491, 2458, 3
2026/10/04 00:10:24.755, 2458, 3
2026/10/04 00:10:25.018, 2455, 3
2026/10/04 00:10:25.281, 2459, 3
2026/10/04 00:10:25.545, 2459, 3
2026/10/04 00:10:25.809, 2459, 3
2026/10/04 00:10:26.073, 2458, 3
2026/10/04 00:10:26.337, 2458, 3
2026/10/04 00:10:26.600, 2458, 3
2026/10/04 00:10:26.864, 2458, 3
2026/10/04 00:10:27.129, 2449, 3
2026/10/04 00:10:27.393, 2445, 3
2026/10/04 00:10:27.657, 2445, 3
2026/10/04 00:10:27.922, 2445, 3
2026/10/04 00:10:28.185, 2445, 3
2026/10/04 00:10:28.449, 2445, 3
2026/10/04 00:10:28.713, 2445, 3
2026/10/04 00:10:28.977, 2445, 3
2026/10/04 00:10:29.241, 2445, 3
2026/10/04 00:10:29.504, 2445, 3
2026/10/04 00:10:29.769, 2445, 3
2026/10/04 00:10:30.034, 2445, 3
2026/10/04 00:10:30.299, 2445, 3
2026/10/04 00:10:30.563, 2445, 3
2026/10/04 00:10:30.826, 2441, 3
2026/10/04 00:10:31.090, 2441, 3
2026/10/04 00:10:31.355, 2441, 3
2026/10/04 00:10:31.619, 2441, 3
2026/10/04 00:10:31.883, 2441, 3
2026/10/04 00:10:32.148, 2456, 3
2026/10/04 00:10:32.413, 2456, 3
2026/10/04 00:10:32.677, 2456, 3
2026/10/04 00:10:32.941, 2456, 3
2026/10/04 00:10:33.204, 2455, 3
2026/10/04 00:10:33.468, 2455, 3
2026/10/04 00:10:33.733, 2455, 3
2026/10/04 00:10:33.998, 2455, 3
2026/10/04 00:10:34.263, 2455, 3
2026/10/04 00:10:34.528, 2451, 3
2026/10/04 00:10:34.792, 2451, 3
2026/10/04 00:10:35.057, 2451, 3
2026/10/04 00:10:35.321, 2450, 3
2026/10/04 00:10:35.585, 2450, 3
2026/10/04 00:10:35.849, 2450, 3
2026/10/04 00:10:36.113, 2449, 3
2026/10/04 00:10:36.376, 2447, 3
2026/10/04 00:10:36.640, 2447, 3
2026/10/04 00:10:36.905, 2447, 3
2026/10/04 00:10:37.169, 2439, 3
2026/10/04 00:10:37.434, 2439, 3
2026/10/04 00:10:37.698, 2439, 3
2026/10/04 00:10:37.962, 2439, 3
2026/10/04 00:10:38.226, 2439, 3
2026/10/04 00:10:38.489, 2439, 3
2026/10/04 00:10:38.753, 2439, 3
2026/10/04 00:10:39.017, 2439, 3
2026/10/04 00:10:39.281, 2439, 3
2026/10/04 00:10:39.545, 2439, 3
2026/10/04 00:10:39.809, 2439, 3
2026/10/04 00:10:40.074, 2439, 3
2026/10/04 00:10:40.339, 2439, 3
2026/10/04 00:10:40.603, 2439, 3
2026/10/04 00:10:40.868, 2439, 3
2026/10/04 00:10:41.132, 2439, 3
2026/10/04 00:10:41.395, 2439, 3
2026/10/04 00:10:41.659, 2439, 3
2026/10/04 00:10:41.925, 2439, 3
2026/10/04 00:10:42.188, 2439, 3
2026/10/04 00:10:42.452, 2439, 3
2026/10/04 00:10:42.716, 2439, 3
2026/10/04 00:10:42.980, 2439, 3
2026/10/04 00:10:43.244, 2439, 3
2026/10/04 00:10:43.508, 2448, 3
2026/10/04 00:10:43.773, 2448, 3
2026/10/04 00:10:44.036, 2448, 3
2026/10/04 00:10:44.300, 2448, 3
2026/10/04 00:10:44.563, 2448, 3
2026/10/04 00:10:44.828, 2448, 3
2026/10/04 00:10:45.092, 2448, 3
2026/10/04 00:10:45.356, 2448, 3
2026/10/04 00:10:45.619, 2443, 3
2026/10/04 00:10:45.883, 2443, 3
2026/10/04 00:10:46.147, 2443, 3
2026/10/04 00:10:46.410, 2443, 3
2026/10/04 00:10:46.674, 2443, 3
2026/10/04 00:10:46.940, 2443, 3
2026/10/04 00:10:47.203, 2443, 3
2026/10/04 00:10:47.467, 2456, 4
2026/10/04 00:10:47.731, 2456, 4
2026/10/04 00:10:47.995, 2456, 3
2026/10/04 00:10:48.259, 2456, 3
2026/10/04 00:10:48.523, 2455, 3
2026/10/04 00:10:48.787, 2455, 3
2026/10/04 00:10:49.052, 2455, 3
2026/10/04 00:10:49.316, 2455, 3
2026/10/04 00:10:49.579, 2455, 3
2026/10/04 00:10:49.844, 2455, 3
2026/10/04 00:10:50.107, 2455, 3
2026/10/04 00:10:50.372, 2455, 3
2026/10/04 00:10:50.635, 2451, 3
2026/10/04 00:10:50.899, 2451, 3
2026/10/04 00:10:51.163, 2451, 3
2026/10/04 00:10:51.427, 2451, 3
2026/10/04 00:10:51.691, 2451, 3
2026/10/04 00:10:51.956, 2451, 3
2026/10/04 00:10:52.220, 2451, 3
2026/10/04 00:10:52.485, 2443, 3
2026/10/04 00:10:52.749, 2443, 3
2026/10/04 00:10:53.012, 2443, 3
2026/10/04 00:10:53.277, 2443, 3
2026/10/04 00:10:53.541, 2443, 3
2026/10/04 00:10:53.805, 2441, 3
2026/10/04 00:10:54.069, 2441, 3
2026/10/04 00:10:54.334, 2441, 3
2026/10/04 00:10:54.600, 2441, 3
2026/10/04 00:10:54.865, 2441, 3
2026/10/04 00:10:55.128, 2441, 3
2026/10/04 00:10:55.393, 2441, 3
2026/10/04 00:10:55.657, 2441, 3
2026/10/04 00:10:55.922, 2441, 3
2026/10/04 00:10:56.186, 2441, 3
2026/10/04 00:10:56.450, 2441, 3
2026/10/04 00:10:56.714, 2441, 3
2026/10/04 00:10:56.978, 2441, 3
2026/10/04 00:10:57.242, 2441, 3
2026/10/04 00:10:57.506, 2441, 3
2026/10/04 00:10:57.772, 2452, 3
2026/10/04 00:10:58.037, 2452, 3
2026/10/04 00:10:58.301, 3334, 3
2026/10/04 00:10:58.565, 5454, 43
2026/10/04 00:10:58.829, 7583, 43
2026/10/04 00:10:59.093, 10645, 50
2026/10/04 00:10:59.357, 10623, 50
2026/10/04 00:10:59.609, 10623, 89
2026/10/04 00:10:59.874, 10624, 89
2026/10/04 00:11:00.138, 10624, 86
2026/10/04 00:11:00.403, 10624, 86
2026/10/04 00:11:00.667, 10624, 86
2026/10/04 00:11:00.932, 10626, 80
2026/10/04 00:11:01.196, 10626, 80
2026/10/04 00:11:01.461, 10626, 94
2026/10/04 00:11:01.726, 10623, 94
2026/10/04 00:11:01.993, 10623, 94
2026/10/04 00:11:02.244, 10623, 94
2026/10/04 00:11:02.508, 10623, 75
2026/10/04 00:11:02.772, 10623, 75
2026/10/04 00:11:03.038, 10625, 74
2026/10/04 00:11:03.302, 10625, 74
2026/10/04 00:11:03.566, 10625, 81
2026/10/04 00:11:03.832, 10627, 81
2026/10/04 00:11:04.096, 10626, 93
2026/10/04 00:11:04.360, 10625, 93
2026/10/04 00:11:04.626, 10625, 80
2026/10/04 00:11:04.890, 10627, 80
2026/10/04 00:11:05.154, 10627, 89
2026/10/04 00:11:05.418, 10627, 89
2026/10/04 00:11:05.683, 10627, 93
2026/10/04 00:11:05.949, 10645, 92
2026/10/04 00:11:06.213, 10645, 92
2026/10/04 00:11:06.466, 10645, 93
2026/10/04 00:11:06.731, 10639, 93
2026/10/04 00:11:06.996, 10631, 93
2026/10/04 00:11:07.260, 10631, 93
2026/10/04 00:11:07.513, 10631, 92
2026/10/04 00:11:07.779, 10627, 92
2026/10/04 00:11:08.043, 10628, 93
2026/10/04 00:11:08.308, 10627, 93
2026/10/04 00:11:08.573, 10627, 79
2026/10/04 00:11:08.837, 10627, 79
2026/10/04 00:11:09.102, 10627, 94
2026/10/04 00:11:09.368, 10627, 94
2026/10/04 00:11:09.632, 10627, 92
2026/10/04 00:11:09.883, 10627, 92
2026/10/04 00:11:10.147, 10629, 94
2026/10/04 00:11:10.399, 10629, 94
2026/10/04 00:11:10.664, 10629, 95
2026/10/04 00:11:10.929, 10621, 94
2026/10/04 00:11:11.194, 10623, 94
2026/10/04 00:11:11.459, 10623, 95
2026/10/04 00:11:11.724, 10611, 95
2026/10/04 00:11:11.989, 10611, 95
2026/10/04 00:11:12.254, 10613, 95
2026/10/04 00:11:12.518, 10613, 88
2026/10/04 00:11:12.782, 10613, 88
2026/10/04 00:11:13.046, 10613, 92
2026/10/04 00:11:13.299, 10615, 92
2026/10/04 00:11:13.565, 10615, 89
2026/10/04 00:11:13.830, 10615, 89
2026/10/04 00:11:14.094, 10615, 92
2026/10/04 00:11:14.360, 10616, 92
2026/10/04 00:11:14.625, 10616, 93
2026/10/04 00:11:14.890, 10616, 93
2026/10/04 00:11:15.154, 10616, 94
2026/10/04 00:11:15.406, 10618, 94
2026/10/04 00:11:15.671, 10618, 87
2026/10/04 00:11:15.936, 10618, 80
2026/10/04 00:11:16.200, 10618, 80
2026/10/04 00:11:16.465, 10620, 91
2026/10/04 00:11:16.728, 10620, 91
2026/10/04 00:11:16.992, 10620, 91
2026/10/04 00:11:17.244, 10620, 91
2026/10/04 00:11:17.508, 10621, 90
2026/10/04 00:11:17.758, 10621, 90
2026/10/04 00:11:18.022, 10621, 94
2026/10/04 00:11:18.288, 10621, 94
2026/10/04 00:11:18.554, 10623, 90
2026/10/04 00:11:18.818, 10623, 90
2026/10/04 00:11:19.083, 10623, 78
2026/10/04 00:11:19.334, 10623, 78
2026/10/04 00:11:19.598, 10625, 95
2026/10/04 00:11:19.863, 10625, 95
2026/10/04 00:11:20.114, 10625, 95
2026/10/04 00:11:20.379, 10625, 95
2026/10/04 00:11:20.645, 10626, 94
2026/10/04 00:11:20.911, 10626, 94
2026/10/04 00:11:21.176, 10626, 95
2026/10/04 00:11:21.441, 10626, 95
2026/10/04 00:11:21.706, 10628, 95
2026/10/04 00:11:21.957, 10628, 91
2026/10/04 00:11:22.222, 10628, 91
2026/10/04 00:11:22.487, 10628, 93
2026/10/04 00:11:22.751, 10630, 93
2026/10/04 00:11:23.016, 10630, 94
2026/10/04 00:11:23.267, 10630, 94
2026/10/04 00:11:23.533, 10630, 92
2026/10/04 00:11:23.797, 10632, 92
2026/10/04 00:11:24.062, 10632, 93
2026/10/04 00:11:24.327, 10632, 93
2026/10/04 00:11:24.592, 10632, 94
2026/10/04 00:11:24.856, 10633, 94
2026/10/04 00:11:25.121, 10633, 94
2026/10/04 00:11:25.386, 10633, 94
2026/10/04 00:11:25.651, 10635, 94
2026/10/04 00:11:25.918, 10635, 94
2026/10/04 00:11:26.183, 10635, 94
2026/10/04 00:11:26.447, 10635, 94
2026/10/04 00:11:26.711, 10637, 94
2026/10/04 00:11:26.977, 10637, 93
2026/10/04 00:11:27.241, 10637, 93
2026/10/04 00:11:27.507, 10637, 94
2026/10/04 00:11:27.771, 10638, 94
2026/10/04 00:11:28.038, 10638, 95
2026/10/04 00:11:28.301, 10638, 95
2026/10/04 00:11:28.565, 10638, 89
2026/10/04 00:11:28.830, 10640, 89
2026/10/04 00:11:29.094, 10640, 81
2026/10/04 00:11:29.358, 10640, 81
2026/10/04 00:11:29.622, 10640, 81
2026/10/04 00:11:29.887, 10642, 81
2026/10/04 00:11:30.152, 10642, 77
2026/10/04 00:11:30.416, 10642, 77
2026/10/04 00:11:30.681, 10870, 85
2026/10/04 00:11:30.945, 10871, 98
2026/10/04 00:11:31.210, 10871, 98
2026/10/04 00:11:31.462, 10871, 99
2026/10/04 00:11:31.729, 10871, 99
2026/10/04 00:11:31.994, 10873, 98
2026/10/04 00:11:32.259, 10873, 98
2026/10/04 00:11:32.522, 10873, 99
2026/10/04 00:11:32.787, 10873, 99
2026/10/04 00:11:33.051, 10875, 99
2026/10/04 00:11:33.315, 10875, 99
2026/10/04 00:11:33.579, 10875, 98
2026/10/04 00:11:33.831, 10875, 98
2026/10/04 00:11:34.096, 10876, 99
2026/10/04 00:11:34.347, 10876, 99
2026/10/04 00:11:34.610, 10876, 98
2026/10/04 00:11:34.876, 10876, 98
2026/10/04 00:11:35.142, 10876, 99
2026/10/04 00:11:35.407, 10876, 99
2026/10/04 00:11:35.672, 10876, 99
2026/10/04 00:11:35.937, 10876, 99
2026/10/04 00:11:36.201, 10876, 99
2026/10/04 00:11:36.465, 10876, 99
2026/10/04 00:11:36.729, 10876, 99
2026/10/04 00:11:36.993, 10861, 98
2026/10/04 00:11:37.258, 10860, 98
2026/10/04 00:11:37.523, 10860, 99
2026/10/04 00:11:37.787, 10860, 99
2026/10/04 00:11:38.051, 10860, 97
2026/10/04 00:11:38.316, 10861, 97
2026/10/04 00:11:38.580, 10861, 99
2026/10/04 00:11:38.845, 10861, 99
2026/10/04 00:11:39.109, 10861, 99
2026/10/04 00:11:39.373, 10863, 99
2026/10/04 00:11:39.637, 10863, 98
2026/10/04 00:11:39.901, 10863, 98
2026/10/04 00:11:40.165, 10863, 99
2026/10/04 00:11:40.417, 10865, 99
2026/10/04 00:11:40.682, 10865, 99
2026/10/04 00:11:40.947, 10865, 99
2026/10/04 00:11:41.211, 10865, 99
2026/10/04 00:11:41.477, 10866, 99
2026/10/04 00:11:41.743, 10866, 99
2026/10/04 00:11:42.007, 10866, 98
2026/10/04 00:11:42.272, 10866, 98
2026/10/04 00:11:42.523, 10868, 99
2026/10/04 00:11:42.775, 10868, 99
2026/10/04 00:11:43.040, 10868, 97
2026/10/04 00:11:43.304, 10868, 97
2026/10/04 00:11:43.567, 10870, 9
2026/10/04 00:11:43.833, 10870, 9
2026/10/04 00:11:44.098, 10870, 10
2026/10/04 00:11:44.363, 10871, 10
2026/10/04 00:11:44.627, 10871, 10
2026/10/04 00:11:44.892, 10871, 10
2026/10/04 00:11:45.156, 10871, 10
2026/10/04 00:11:45.421, 10873, 10
2026/10/04 00:11:45.686, 10873, 11
2026/10/04 00:11:45.950, 10873, 11
2026/10/04 00:11:46.215, 10873, 11
2026/10/04 00:11:46.480, 10875, 11
2026/10/04 00:11:46.745, 10875, 11
2026/10/04 00:11:47.010, 10875, 9
2026/10/04 00:11:47.275, 10875, 9
2026/10/04 00:11:47.540, 6768, 5
2026/10/04 00:11:47.791, 6768, 5
2026/10/04 00:11:48.055, 9000, 98
2026/10/04 00:11:48.321, 9000, 98
2026/10/04 00:11:48.586, 9002, 100
2026/10/04 00:11:48.851, 2600, 100
2026/10/04 00:11:49.116, 2600, 3
2026/10/04 00:11:49.380, 2600, 3
2026/10/04 00:11:49.644, 2602, 3
2026/10/04 00:11:49.909, 2602, 3
2026/10/04 00:11:50.173, 2602, 3
2026/10/04 00:11:50.437, 2602, 3
2026/10/04 00:11:50.701, 2603, 3
2026/10/04 00:11:50.965, 2608, 4
2026/10/04 00:11:51.229, 2608, 4
2026/10/04 00:11:51.492, 2608, 3
2026/10/04 00:11:51.756, 2609, 3
2026/10/04 00:11:52.020, 2609, 3
2026/10/04 00:11:52.283, 2609, 3
2026/10/04 00:11:52.550, 2609, 3
2026/10/04 00:11:52.814, 2610, 3
2026/10/04 00:11:53.078, 2610, 3
2026/10/04 00:11:53.342, 2610, 3
2026/10/04 00:11:53.606, 2610, 3
2026/10/04 00:11:53.870, 2622, 3
2026/10/04 00:11:54.135, 2622, 3
2026/10/04 00:11:54.399, 2622, 3
2026/10/04 00:11:54.663, 2622, 3
2026/10/04 00:11:54.928, 2618, 3
2026/10/04 00:11:55.193, 2613, 3
2026/10/04 00:11:55.458, 2613, 3
2026/10/04 00:11:55.722, 2613, 3
2026/10/04 00:11:55.986, 2613, 3
2026/10/04 00:11:56.250, 2613, 3
2026/10/04 00:11:56.515, 2613, 3
2026/10/04 00:11:56.780, 2613, 3
2026/10/04 00:11:57.044, 2611, 3
2026/10/04 00:11:57.308, 2611, 3
2026/10/04 00:11:57.572, 2611, 3
2026/10/04 00:11:57.836, 2603, 3
2026/10/04 00:11:58.100, 2603, 3
2026/10/04 00:11:58.365, 2603, 3
2026/10/04 00:11:58.628, 2603, 3
2026/10/04 00:11:58.894, 2591, 3
2026/10/04 00:11:59.158, 2591, 3
2026/10/04 00:11:59.422, 2591, 3
2026/10/04 00:11:59.685, 2591, 3
2026/10/04 00:11:59.950, 2591, 3
2026/10/04 00:12:00.214, 2591, 3
2026/10/04 00:12:00.479, 2591, 3
2026/10/04 00:12:00.743, 2591, 3
2026/10/04 00:12:01.007, 2591, 3
2026/10/04 00:12:01.271, 2591, 3
2026/10/04 00:12:01.536, 2591, 3
2026/10/04 00:12:01.800, 2591, 3
2026/10/04 00:12:02.065, 2591, 3
2026/10/04 00:12:02.330, 2591, 3
2026/10/04 00:12:02.594, 2591, 3
2026/10/04 00:12:02.859, 2591, 3
2026/10/04 00:12:03.123, 2605, 3
2026/10/04 00:12:03.388, 2605, 3
2026/10/04 00:12:03.653, 2605, 3
2026/10/04 00:12:03.917, 2605, 3
2026/10/04 00:12:04.181, 2604, 3
2026/10/04 00:12:04.445, 2604, 3
2026/10/04 00:12:04.709, 2604, 3
2026/10/04 00:12:04.974, 2604, 3
2026/10/04 00:12:05.238, 2600, 3
2026/10/04 00:12:05.503, 2600, 3
2026/10/04 00:12:05.768, 2600, 3
2026/10/04 00:12:06.032, 2595, 3
2026/10/04 00:12:06.296, 2559, 3
2026/10/04 00:12:06.560, 2551, 3
2026/10/04 00:12:06.824, 2551, 3
2026/10/04 00:12:07.088, 2551, 3
2026/10/04 00:12:07.353, 2551, 3
2026/10/04 00:12:07.618, 2560, 3
2026/10/04 00:12:07.883, 2560, 3
2026/10/04 00:12:08.147, 2552, 3
2026/10/04 00:12:08.412, 2552, 3
2026/10/04 00:12:08.676, 2552, 3
2026/10/04 00:12:08.939, 2552, 3
2026/10/04 00:12:09.203, 2552, 3
2026/10/04 00:12:09.468, 2552, 3
2026/10/04 00:12:09.732, 2552, 3
2026/10/04 00:12:09.996, 2552, 3
2026/10/04 00:12:10.260, 2552, 3
2026/10/04 00:12:10.526, 2552, 3
2026/10/04 00:12:10.791, 2547, 3
2026/10/04 00:12:11.055, 2547, 3
2026/10/04 00:12:11.319, 2547, 3
2026/10/04 00:12:11.583, 2547, 3
2026/10/04 00:12:11.848, 2547, 3
2026/10/04 00:12:12.112, 2547, 3
2026/10/04 00:12:12.377, 2547, 3
2026/10/04 00:12:12.641, 2547, 3
2026/10/04 00:12:12.905, 2547, 3
2026/10/04 00:12:13.170, 2547, 3
2026/10/04 00:12:13.434, 2547, 3
2026/10/04 00:12:13.698, 2552, 3
2026/10/04 00:12:13.962, 2552, 3
2026/10/04 00:12:14.226, 2552, 3
2026/10/04 00:12:14.490, 2552, 3
2026/10/04 00:12:14.755, 2552, 3
2026/10/04 00:12:15.020, 2552, 3
2026/10/04 00:12:15.284, 2552, 3
2026/10/04 00:12:15.549, 2552, 3
2026/10/04 00:12:15.813, 2547, 3
2026/10/04 00:12:16.077, 2547, 3
2026/10/04 00:12:16.342, 2547, 3
2026/10/04 00:12:16.606, 2547, 3
2026/10/04 00:12:16.870, 2547, 3
2026/10/04 00:12:17.134, 2547, 3
2026/10/04 00:12:17.398, 2547, 3
2026/10/04 00:12:17.663, 2547, 3
2026/10/04 00:12:17.927, 2547, 3
2026/10/04 00:12:18.190, 2547, 3
2026/10/04 00:12:18.455, 2552, 3
2026/10/04 00:12:18.720, 2552, 3
2026/10/04 00:12:18.986, 2552, 3
2026/10/04 00:12:19.250, 2552, 3
2026/10/04 00:12:19.515, 2557, 3
2026/10/04 00:12:19.779, 2557, 3
2026/10/04 00:12:20.043, 2557, 3
2026/10/04 00:12:20.308, 2557, 3
2026/10/04 00:12:20.573, 2559, 4
2026/10/04 00:12:20.838, 2559, 4
2026/10/04 00:12:21.101, 2559, 3
2026/10/04 00:12:21.367, 2560, 3
2026/10/04 00:12:21.631, 2560, 3
2026/10/04 00:12:21.896, 2560, 3
2026/10/04 00:12:22.160, 2560, 3
2026/10/04 00:12:22.426, 2562, 3
2026/10/04 00:12:22.691, 2562, 3
2026/10/04 00:12:22.956, 2562, 3
2026/10/04 00:12:23.220, 2562, 3
2026/10/04 00:12:23.485, 2572, 3
2026/10/04 00:12:23.750, 2573, 3
2026/10/04 00:12:24.014, 2573, 3
2026/10/04 00:12:24.279, 2573, 3
2026/10/04 00:12:24.544, 2574, 3
2026/10/04 00:12:24.809, 2574, 3
2026/10/04 00:12:25.073, 2574, 3
2026/10/04 00:12:25.337, 2574, 3
2026/10/04 00:12:25.601, 2576, 3
2026/10/04 00:12:25.866, 2576, 3
2026/10/04 00:12:26.131, 2576, 3
2026/10/04 00:12:26.396, 2576, 3
2026/10/04 00:12:26.660, 2577, 3
2026/10/04 00:12:26.925, 2577, 3
2026/10/04 00:12:27.189, 2577, 3
2026/10/04 00:12:27.454, 2577, 3
2026/10/04 00:12:27.719, 2579, 3
2026/10/04 00:12:27.984, 2579, 3
2026/10/04 00:12:28.248, 2579, 3
2026/10/04 00:12:28.499, 2579, 3
2026/10/04 00:12:28.763, 2580, 3
2026/10/04 00:12:29.028, 2580, 3
2026/10/04 00:12:29.293, 2580, 3
2026/10/04 00:12:29.559, 2580, 3
2026/10/04 00:12:29.822, 2582, 3
2026/10/04 00:12:30.087, 2582, 3
2026/10/04 00:12:30.351, 2582, 3
2026/10/04 00:12:30.616, 2582, 3
2026/10/04 00:12:30.881, 2584, 3
2026/10/04 00:12:31.145, 2584, 3
2026/10/04 00:12:31.409, 2584, 3
2026/10/04 00:12:31.674, 2584, 3
2026/10/04 00:12:31.938, 2585, 3
2026/10/04 00:12:32.203, 2585, 3
2026/10/04 00:12:32.467, 2585, 3
2026/10/04 00:12:32.731, 2585, 3
2026/10/04 00:12:32.995, 2587, 4
2026/10/04 00:12:33.260, 2587, 4
2026/10/04 00:12:33.524, 2587, 3
2026/10/04 00:12:33.789, 2587, 3
2026/10/04 00:12:34.054, 2589, 4
2026/10/04 00:12:34.320, 2589, 4
2026/10/04 00:12:34.584, 2589, 3
2026/10/04 00:12:34.849, 2585, 3
2026/10/04 00:12:35.114, 2587, 3
2026/10/04 00:12:35.378, 2587, 3
2026/10/04 00:12:35.643, 2587, 3
2026/10/04 00:12:35.907, 2587, 3
2026/10/04 00:12:36.173, 2590, 3
2026/10/04 00:12:36.437, 2584, 3
2026/10/04 00:12:36.702, 2572, 3
2026/10/04 00:12:36.967, 2574, 3
2026/10/04 00:12:37.232, 2574, 3
2026/10/04 00:12:37.496, 2574, 3
2026/10/04 00:12:37.762, 2574, 3
2026/10/04 00:12:38.026, 2575, 3
2026/10/04 00:12:38.292, 2575, 3
2026/10/04 00:12:38.557, 2575, 3
2026/10/04 00:12:38.822, 2575, 3
2026/10/04 00:12:39.087, 2577, 3
2026/10/04 00:12:39.352, 2577, 3
2026/10/04 00:12:39.617, 2577, 3
2026/10/04 00:12:39.882, 2577, 3
2026/10/04 00:12:40.146, 2579, 3
2026/10/04 00:12:40.411, 2579, 3
2026/10/04 00:12:40.675, 2579, 3
2026/10/04 00:12:40.940, 2579, 3
2026/10/04 00:12:41.204, 2580, 3
2026/10/04 00:12:41.455, 2580, 3
2026/10/04 00:12:41.720, 2580, 3
2026/10/04 00:12:41.986, 2580, 3
2026/10/04 00:12:42.250, 2587, 3
2026/10/04 00:12:42.514, 2587, 3
2026/10/04 00:12:42.779, 2587, 3
2026/10/04 00:12:43.044, 2587, 3
2026/10/04 00:12:43.309, 2589, 3
2026/10/04 00:12:43.572, 2589, 3
2026/10/04 00:12:43.837, 2589, 3
2026/10/04 00:12:44.088, 2589, 3
2026/10/04 00:12:44.353, 2590, 3
2026/10/04 00:12:44.617, 2586, 3
2026/10/04 00:12:44.881, 2586, 3
2026/10/04 00:12:45.147, 2586, 3
2026/10/04 00:12:45.412, 2588, 3
2026/10/04 00:12:45.677, 2588, 3
2026/10/04 00:12:45.942, 2588, 3
2026/10/04 00:12:46.207, 2588, 3
2026/10/04 00:12:46.470, 2590, 3
2026/10/04 00:12:46.735, 2590, 3
2026/10/04 00:12:47.000, 2590, 3
2026/10/04 00:12:47.264, 2587, 3
2026/10/04 00:12:47.530, 2587, 3
2026/10/04 00:12:47.794, 2583, 3
2026/10/04 00:12:48.059, 2583, 3
2026/10/04 00:12:48.323, 2583, 3
2026/10/04 00:12:48.588, 2585, 3
2026/10/04 00:12:48.852, 2585, 3
2026/10/04 00:12:49.116, 2585, 3
2026/10/04 00:12:49.381, 2585, 3
2026/10/04 00:12:49.647, 2586, 3
2026/10/04 00:12:49.911, 2586, 3
2026/10/04 00:12:50.176, 2586, 3
2026/10/04 00:12:50.441, 2586, 3
2026/10/04 00:12:50.706, 2592, 3
2026/10/04 00:12:50.970, 2592, 3
2026/10/04 00:12:51.235, 2592, 3
2026/10/04 00:12:51.500, 2592, 3
2026/10/04 00:12:51.765, 2597, 3
2026/10/04 00:12:52.030, 2597, 3
2026/10/04 00:12:52.294, 2597, 3
2026/10/04 00:12:52.560, 2598, 3
2026/10/04 00:12:52.824, 2599, 3
2026/10/04 00:12:53.090, 2599, 3
2026/10/04 00:12:53.354, 2599, 3
2026/10/04 00:12:53.620, 2600, 3
2026/10/04 00:12:53.883, 2600, 3
2026/10/04 00:12:54.149, 2600, 3
2026/10/04 00:12:54.399, 2600, 3
2026/10/04 00:12:54.664, 2602, 3
2026/10/04 00:12:54.929, 2602, 3
2026/10/04 00:12:55.193, 2602, 3
2026/10/04 00:12:55.458, 2602, 3
2026/10/04 00:12:55.722, 2604, 3
2026/10/04 00:12:55.987, 2604, 3
2026/10/04 00:12:56.251, 2604, 3
2026/10/04 00:12:56.516, 2604, 3
2026/10/04 00:12:56.782, 2605, 3
2026/10/04 00:12:57.047, 2605, 3
2026/10/04 00:12:57.311, 2605, 3
2026/10/04 00:12:57.576, 2605, 3
2026/10/04 00:12:57.840, 2603, 3
2026/10/04 00:12:58.105, 2603, 3
2026/10/04 00:12:58.369, 2603, 3
2026/10/04 00:12:58.633, 2602, 3
2026/10/04 00:12:58.897, 2614, 3
2026/10/04 00:12:59.162, 2614, 3
2026/10/04 00:12:59.427, 2614, 3
2026/10/04 00:12:59.691, 2614, 3
2026/10/04 00:12:59.956, 2616, 3
2026/10/04 00:13:00.220, 2616, 3
2026/10/04 00:13:00.484, 2616, 3
2026/10/04 00:13:00.748, 2616, 3
2026/10/04 00:13:01.013, 2617, 4
2026/10/04 00:13:01.278, 2617, 4
2026/10/04 00:13:01.543, 2613, 3
2026/10/04 00:13:01.809, 2613, 3
2026/10/04 00:13:02.073, 2615, 3
2026/10/04 00:13:02.338, 2615, 3
2026/10/04 00:13:02.604, 2615, 3
2026/10/04 00:13:02.868, 2607, 3
2026/10/04 00:13:03.132, 2608, 3
2026/10/04 00:13:03.397, 2608, 3
2026/10/04 00:13:03.662, 2608, 3
2026/10/04 00:13:03.927, 2600, 3
2026/10/04 00:13:04.192, 2602, 3
2026/10/04 00:13:04.457, 2602, 3
2026/10/04 00:13:04.721, 2602, 3
2026/10/04 00:13:04.986, 2610, 3
2026/10/04 00:13:05.252, 2617, 3
2026/10/04 00:13:05.516, 2617, 3
2026/10/04 00:13:05.780, 2617, 3
2026/10/04 00:13:06.044, 2617, 3
2026/10/04 00:13:06.309, 2617, 3
2026/10/04 00:13:06.573, 2605, 3
2026/10/04 00:13:06.838, 2583, 3
2026/10/04 00:13:07.103, 2583, 3
2026/10/04 00:13:07.368, 2585, 3
2026/10/04 00:13:07.632, 2585, 3
2026/10/04 00:13:07.897, 2585, 3
2026/10/04 00:13:08.161, 2585, 3
2026/10/04 00:13:08.426, 2587, 3
2026/10/04 00:13:08.690, 2587, 3
2026/10/04 00:13:08.955, 2588, 3
2026/10/04 00:13:09.220, 2601, 3
2026/10/04 00:13:09.485, 2601, 3
2026/10/04 00:13:09.750, 2601, 3
2026/10/04 00:13:10.015, 2602, 3
2026/10/04 00:13:10.279, 2601, 3
2026/10/04 00:13:10.543, 2602, 3
2026/10/04 00:13:10.808, 2602, 3
2026/10/04 00:13:11.073, 2602, 3
2026/10/04 00:13:11.338, 2602, 3
2026/10/04 00:13:11.603, 2602, 3
2026/10/04 00:13:11.867, 2602, 3
2026/10/04 00:13:12.132, 2602, 3
2026/10/04 00:13:12.396, 2604, 3
2026/10/04 00:13:12.660, 2604, 4
2026/10/04 00:13:12.926, 2617, 4
2026/10/04 00:13:13.190, 2656, 4
2026/10/04 00:13:13.454, 2653, 3
2026/10/04 00:13:13.719, 2653, 3
2026/10/04 00:13:13.984, 2653, 3
2026/10/04 00:13:14.248, 2660, 3
2026/10/04 00:13:14.513, 2663, 3
2026/10/04 00:13:14.777, 2662, 3
2026/10/04 00:13:15.041, 2662, 3
2026/10/04 00:13:15.306, 2662, 3
2026/10/04 00:13:15.570, 2659, 3
2026/10/04 00:13:15.834, 2659, 3
2026/10/04 00:13:16.085, 2659, 3
2026/10/04 00:13:16.350, 2658, 3
2026/10/04 00:13:16.614, 2657, 3
2026/10/04 00:13:16.879, 2657, 3
2026/10/04 00:13:17.144, 2656, 3
2026/10/04 00:13:17.409, 2652, 3
2026/10/04 00:13:17.674, 2641, 3
2026/10/04 00:13:17.938, 2635, 3
2026/10/04 00:13:18.203, 2600, 3
2026/10/04 00:13:18.467, 2600, 3
2026/10/04 00:13:18.732, 2600, 3
2026/10/04 00:13:18.997, 2600, 3
2026/10/04 00:13:19.263, 2601, 3
2026/10/04 00:13:19.527, 2598, 3
2026/10/04 00:13:19.791, 2592, 3
2026/10/04 00:13:20.055, 2589, 3
2026/10/04 00:13:20.319, 2589, 3
2026/10/04 00:13:20.583, 2588, 3
2026/10/04 00:13:20.849, 2588, 3
2026/10/04 00:13:21.113, 2588, 3
2026/10/04 00:13:21.379, 2605, 3
2026/10/04 00:13:21.643, 2605, 3
2026/10/04 00:13:21.908, 2605, 3
2026/10/04 00:13:22.172, 2605, 3
2026/10/04 00:13:22.436, 2605, 3
2026/10/04 00:13:22.701, 2605, 3
2026/10/04 00:13:22.966, 2605, 3
2026/10/04 00:13:23.230, 2605, 3
2026/10/04 00:13:23.495, 2606, 3
2026/10/04 00:13:23.761, 2606, 3
2026/10/04 00:13:24.025, 2606, 3
2026/10/04 00:13:24.290, 2606, 3
2026/10/04 00:13:24.555, 2607, 3
2026/10/04 00:13:24.806, 2607, 3
2026/10/04 00:13:25.071, 2607, 3
2026/10/04 00:13:25.335, 2605, 3
2026/10/04 00:13:25.601, 2604, 3
2026/10/04 00:13:25.866, 2604, 3
2026/10/04 00:13:26.131, 2604, 3
2026/10/04 00:13:26.395, 2604, 3
2026/10/04 00:13:26.660, 2605, 3
2026/10/04 00:13:26.925, 2605, 3
2026/10/04 00:13:27.190, 2605, 3
2026/10/04 00:13:27.455, 2605, 3
2026/10/04 00:13:27.720, 2606, 3
2026/10/04 00:13:27.985, 2606, 3
2026/10/04 00:13:28.251, 2606, 3
2026/10/04 00:13:28.515, 2606, 3
2026/10/04 00:13:28.781, 2608, 3
2026/10/04 00:13:29.046, 2608, 3
2026/10/04 00:13:29.312, 2608, 3
2026/10/04 00:13:29.577, 2603, 3
2026/10/04 00:13:29.843, 2604, 3
2026/10/04 00:13:30.107, 2604, 3
2026/10/04 00:13:30.372, 2604, 3
2026/10/04 00:13:30.636, 2605, 3
2026/10/04 00:13:30.902, 2605, 3
2026/10/04 00:13:31.168, 2605, 3
2026/10/04 00:13:31.432, 2609, 3
2026/10/04 00:13:31.696, 2614, 3
2026/10/04 00:13:31.947, 2614, 3
2026/10/04 00:13:32.212, 2614, 3
2026/10/04 00:13:32.477, 2614, 3
2026/10/04 00:13:32.742, 2615, 3
2026/10/04 00:13:33.006, 2615, 3
2026/10/04 00:13:33.271, 2615, 3
2026/10/04 00:13:33.535, 2616, 3
2026/10/04 00:13:33.800, 2617, 3
2026/10/04 00:13:34.064, 2617, 3
2026/10/04 00:13:34.328, 2617, 3
2026/10/04 00:13:34.593, 2617, 3
2026/10/04 00:13:34.858, 2617, 3
2026/10/04 00:13:35.123, 2617, 3
2026/10/04 00:13:35.388, 2617, 3
2026/10/04 00:13:35.653, 2617, 3
2026/10/04 00:13:35.918, 2609, 3
2026/10/04 00:13:36.169, 2609, 3
2026/10/04 00:13:36.433, 2609, 3
2026/10/04 00:13:36.697, 2600, 3
2026/10/04 00:13:36.960, 2555, 3
2026/10/04 00:13:37.224, 2555, 3
2026/10/04 00:13:37.489, 2555, 3
2026/10/04 00:13:37.753, 2555, 3
2026/10/04 00:13:38.018, 2555, 3
2026/10/04 00:13:38.284, 2555, 3
2026/10/04 00:13:38.548, 2555, 3
2026/10/04 00:13:38.814, 2553, 3
2026/10/04 00:13:39.078, 2551, 3
2026/10/04 00:13:39.342, 2551, 3
2026/10/04 00:13:39.607, 2548, 3
2026/10/04 00:13:39.871, 2548, 3
2026/10/04 00:13:40.135, 2548, 3
2026/10/04 00:13:40.400, 2548, 3
2026/10/04 00:13:40.664, 2548, 3
2026/10/04 00:13:40.928, 2548, 3
2026/10/04 00:13:41.193, 2548, 3
2026/10/04 00:13:41.457, 2548, 3
2026/10/04 00:13:41.722, 2548, 3
2026/10/04 00:13:41.987, 2548, 3
2026/10/04 00:13:42.251, 2548, 3
2026/10/04 00:13:42.517, 2556, 3
2026/10/04 00:13:42.783, 2555, 3
2026/10/04 00:13:43.046, 2555, 3
2026/10/04 00:13:43.311, 2572, 3
2026/10/04 00:13:43.575, 2584, 4
2026/10/04 00:13:43.840, 2584, 4
2026/10/04 00:13:44.105, 2584, 3
2026/10/04 00:13:44.369, 2584, 3
2026/10/04 00:13:44.635, 2584, 3
2026/10/04 00:13:44.899, 2584, 3
2026/10/04 00:13:45.164, 2584, 3
2026/10/04 00:13:45.428, 2583, 3
2026/10/04 00:13:45.693, 2576, 3
2026/10/04 00:13:45.959, 2576, 3
2026/10/04 00:13:46.223, 2576, 3
2026/10/04 00:13:46.488, 2576, 3
2026/10/04 00:13:46.752, 2576, 3
2026/10/04 00:13:47.017, 2576, 3
2026/10/04 00:13:47.281, 2576, 3
2026/10/04 00:13:47.545, 2576, 3
2026/10/04 00:13:47.810, 2576, 3
2026/10/04 00:13:48.075, 2576, 3
2026/10/04 00:13:48.339, 2569, 3
2026/10/04 00:13:48.605, 2549, 3
2026/10/04 00:13:48.869, 2549, 3
2026/10/04 00:13:49.134, 2547, 3
2026/10/04 00:13:49.399, 2547, 3
2026/10/04 00:13:49.663, 2547, 3
2026/10/04 00:13:49.929, 2547, 3
2026/10/04 00:13:50.194, 2547, 3
2026/10/04 00:13:50.459, 2547, 3
2026/10/04 00:13:50.723, 2547, 3
2026/10/04 00:13:50.988, 2547, 3
2026/10/04 00:13:51.252, 2547, 3
2026/10/04 00:13:51.515, 2547, 3
2026/10/04 00:13:51.781, 2547, 3
2026/10/04 00:13:52.045, 2547, 3
2026/10/04 00:13:52.311, 2547, 3
2026/10/04 00:13:52.577, 2547, 3
2026/10/04 00:13:52.841, 2547, 3
2026/10/04 00:13:53.104, 2547, 3
2026/10/04 00:13:53.368, 2547, 3
2026/10/04 00:13:53.631, 2547, 3
2026/10/04 00:13:53.897, 2547, 3
2026/10/04 00:13:54.162, 2547, 3
2026/10/04 00:13:54.427, 2547, 3
2026/10/04 00:13:54.691, 2547, 3
2026/10/04 00:13:54.956, 2547, 3
2026/10/04 00:13:55.221, 2547, 3
2026/10/04 00:13:55.487, 2547, 3
2026/10/04 00:13:55.752, 2547, 3
2026/10/04 00:13:56.017, 2547, 3
2026/10/04 00:13:56.281, 2547, 3
2026/10/04 00:13:56.545, 2547, 3
2026/10/04 00:13:56.811, 2547, 3
2026/10/04 00:13:57.076, 2547, 3
2026/10/04 00:13:57.340, 2547, 3
2026/10/04 00:13:57.605, 2547, 3
2026/10/04 00:13:57.871, 2547, 3
2026/10/04 00:13:58.135, 2547, 3
2026/10/04 00:13:58.401, 2547, 3
2026/10/04 00:13:58.666, 2547, 3
2026/10/04 00:13:58.930, 2547, 3
2026/10/04 00:13:59.196, 2547, 3
2026/10/04 00:13:59.461, 2547, 3
2026/10/04 00:13:59.726, 2547, 3
2026/10/04 00:13:59.990, 2547, 3
2026/10/04 00:14:00.255, 2547, 3
2026/10/04 00:14:00.520, 2565, 3
2026/10/04 00:14:00.786, 2565, 3
2026/10/04 00:14:01.051, 2565, 3
2026/10/04 00:14:01.314, 2565, 3
2026/10/04 00:14:01.579, 2565, 3
2026/10/04 00:14:01.843, 2565, 3
2026/10/04 00:14:02.108, 2565, 3
2026/10/04 00:14:02.373, 2565, 3
2026/10/04 00:14:02.637, 2564, 3
2026/10/04 00:14:02.902, 2572, 3
2026/10/04 00:14:03.166, 2572, 3
2026/10/04 00:14:03.431, 2572, 3
2026/10/04 00:14:03.695, 2572, 3
2026/10/04 00:14:03.958, 2572, 3
2026/10/04 00:14:04.223, 2683, 3
2026/10/04 00:14:04.487, 2712, 3
2026/10/04 00:14:04.750, 2712, 3
2026/10/04 00:14:05.013, 2712, 2
2026/10/04 00:14:05.276, 2702, 2
2026/10/04 00:14:05.541, 2696, 2
2026/10/04 00:14:05.805, 2755, 2
2026/10/04 00:14:06.068, 2755, 1
2026/10/04 00:14:06.332, 2755, 1
2026/10/04 00:14:06.592, 2755, 1
2026/10/04 00:14:06.857, 2755, 1
2026/10/04 00:14:07.121, 2755, 0
2026/10/04 00:14:07.385, 2765, 0
2026/10/04 00:14:07.649, 2762, 0
2026/10/04 00:14:07.911, 2762, 0
2026/10/04 00:14:08.174, 2762, 1
2026/10/04 00:14:08.437, 2762, 0
2026/10/04 00:14:08.700, 2765, 0
2026/10/04 00:14:08.964, 2779, 4
2026/10/04 00:14:09.227, 2778, 4
2026/10/04 00:14:09.491, 2778, 1
2026/10/04 00:14:09.756, 2781, 1
2026/10/04 00:14:10.020, 2781, 1
2026/10/04 00:14:10.283, 2781, 1
2026/10/04 00:14:10.548, 2781, 1
2026/10/04 00:14:10.812, 2805, 1
2026/10/04 00:14:11.076, 2785, 2
2026/10/04 00:14:11.340, 2755, 2
2026/10/04 00:14:11.602, 2755, 2
2026/10/04 00:14:11.865, 2754, 2
2026/10/04 00:14:12.128, 2754, 2
2026/10/04 00:14:12.390, 2754, 2
2026/10/04 00:14:12.653, 2754, 2
2026/10/04 00:14:12.916, 2739, 2
2026/10/04 00:14:13.180, 2749, 0
2026/10/04 00:14:13.444, 2750, 0
2026/10/04 00:14:13.706, 2750, 0
2026/10/04 00:14:13.970, 2749, 0
2026/10/04 00:14:14.234, 2749, 0
2026/10/04 00:14:14.497, 2749, 0
2026/10/04 00:14:14.760, 2749, 0
2026/10/04 00:14:15.023, 2746, 0
2026/10/04 00:14:15.286, 2746, 0
2026/10/04 00:14:15.549, 2746, 0
2026/10/04 00:14:15.810, 2745, 0
2026/10/04 00:14:16.073, 2723, 0
2026/10/04 00:14:16.338, 2723, 0
2026/10/04 00:14:16.602, 2721, 0
2026/10/04 00:14:16.865, 2723, 0
2026/10/04 00:14:17.128, 2723, 0
2026/10/04 00:14:17.391, 2729, 0
2026/10/04 00:14:17.653, 2729, 1
2026/10/04 00:14:17.916, 2729, 1
2026/10/04 00:14:18.179, 2726, 0
2026/10/04 00:14:18.442, 2726, 0
2026/10/04 00:14:18.706, 2713, 0
2026/10/04 00:14:18.967, 2713, 0
2026/10/04 00:14:19.230, 2711, 0
2026/10/04 00:14:19.494, 2711, 0
2026/10/04 00:14:19.756, 2712, 0
2026/10/04 00:14:20.019, 2722, 1
2026/10/04 00:14:20.284, 2722, 1
2026/10/04 00:14:20.549, 2722, 0
2026/10/04 00:14:20.812, 2722, 0
2026/10/04 00:14:21.074, 2722, 0
2026/10/04 00:14:21.337, 2722, 0
2026/10/04 00:14:21.599, 2722, 0
2026/10/04 00:14:21.863, 2722, 0
2026/10/04 00:14:22.127, 2719, 0
2026/10/04 00:14:22.390, 2715, 0
2026/10/04 00:14:22.653, 2712, 0
2026/10/04 00:14:22.915, 2712, 0
2026/10/04 00:14:23.179, 2714, 0
2026/10/04 00:14:23.441, 2714, 0
2026/10/04 00:14:23.705, 2714, 0
2026/10/04 00:14:23.968, 2714, 0
2026/10/04 00:14:24.230, 2714, 0
2026/10/04 00:14:24.495, 2714, 0
2026/10/04 00:14:24.759, 2714, 0
2026/10/04 00:14:25.022, 2715, 0
2026/10/04 00:14:25.286, 2715, 0
2026/10/04 00:14:25.549, 2715, 0
2026/10/04 00:14:25.812, 2715, 0
2026/10/04 00:14:26.077, 2715, 0
2026/10/04 00:14:26.340, 2715, 0
2026/10/04 00:14:26.603, 2715, 0
2026/10/04 00:14:26.866, 2715, 0
2026/10/04 00:14:27.129, 2717, 0
2026/10/04 00:14:27.392, 2717, 0
2026/10/04 00:14:27.656, 2717, 0
2026/10/04 00:14:27.920, 2717, 0
2026/10/04 00:14:28.183, 2718, 0
2026/10/04 00:14:28.447, 2718, 0
2026/10/04 00:14:28.709, 2718, 0
2026/10/04 00:14:28.972, 2718, 0
2026/10/04 00:14:29.236, 2719, 0
2026/10/04 00:14:29.498, 2719, 0
2026/10/04 00:14:29.760, 2719, 0
2026/10/04 00:14:30.023, 2719, 0
2026/10/04 00:14:30.286, 2720, 0
2026/10/04 00:14:30.548, 2720, 0
2026/10/04 00:14:30.811, 2720, 0
2026/10/04 00:14:31.076, 2720, 0
2026/10/04 00:14:31.340, 2721, 0
2026/10/04 00:14:31.604, 2721, 0
2026/10/04 00:14:31.867, 2721, 0
2026/10/04 00:14:32.131, 2721, 0
2026/10/04 00:14:32.395, 2722, 0
2026/10/04 00:14:32.658, 2722, 0
2026/10/04 00:14:32.921, 2722, 0
2026/10/04 00:14:33.184, 2722, 0
2026/10/04 00:14:33.448, 2723, 0
2026/10/04 00:14:33.711, 2723, 0
2026/10/04 00:14:33.974, 2723, 0
2026/10/04 00:14:34.237, 2723, 0
2026/10/04 00:14:34.500, 2724, 0
2026/10/04 00:14:34.761, 2724, 0
2026/10/04 00:14:35.026, 2724, 0
2026/10/04 00:14:35.288, 2726, 0
2026/10/04 00:14:35.552, 2726, 0
2026/10/04 00:14:35.816, 2726, 0
2026/10/04 00:14:36.080, 2726, 0
2026/10/04 00:14:36.344, 2727, 0
2026/10/04 00:14:36.609, 2727, 0
2026/10/04 00:14:36.873, 2727, 0
2026/10/04 00:14:37.136, 2729, 0
2026/10/04 00:14:37.401, 2730, 0
2026/10/04 00:14:37.665, 2730, 1
2026/10/04 00:14:37.927, 2730, 1
2026/10/04 00:14:38.191, 2730, 0
2026/10/04 00:14:38.456, 2731, 0
2026/10/04 00:14:38.719, 2749, 0
2026/10/04 00:14:38.982, 2749, 0
2026/10/04 00:14:39.247, 2749, 0
2026/10/04 00:14:39.511, 2750, 0
2026/10/04 00:14:39.775, 2750, 0
2026/10/04 00:14:40.039, 2750, 0
2026/10/04 00:14:40.304, 2750, 0
2026/10/04 00:14:40.567, 2750, 0
2026/10/04 00:14:40.832, 2750, 0
2026/10/04 00:14:41.095, 2746, 0
2026/10/04 00:14:41.359, 2746, 0
2026/10/04 00:14:41.622, 2747, 0
2026/10/04 00:14:41.886, 2747, 0
2026/10/04 00:14:42.149, 2747, 0
2026/10/04 00:14:42.413, 2747, 0
2026/10/04 00:14:42.676, 2748, 0
2026/10/04 00:14:42.940, 2748, 0
2026/10/04 00:14:43.205, 2748, 0
2026/10/04 00:14:43.468, 2748, 0
2026/10/04 00:14:43.733, 2738, 0
2026/10/04 00:14:43.996, 2738, 0
2026/10/04 00:14:44.262, 2738, 0
2026/10/04 00:14:44.526, 2738, 0
2026/10/04 00:14:44.789, 2739, 0
2026/10/04 00:14:45.053, 2739, 0
2026/10/04 00:14:45.317, 2739, 0
2026/10/04 00:14:45.580, 2740, 0
2026/10/04 00:14:45.843, 2740, 0
2026/10/04 00:14:46.105, 2740, 0
2026/10/04 00:14:46.368, 2740, 0
2026/10/04 00:14:46.633, 2741, 0
2026/10/04 00:14:46.895, 2741, 0
2026/10/04 00:14:47.158, 2741, 0
2026/10/04 00:14:47.422, 2741, 0
2026/10/04 00:14:47.686, 2742, 0
2026/10/04 00:14:47.950, 2742, 0
2026/10/04 00:14:48.214, 2742, 0
2026/10/04 00:14:48.476, 2742, 0
2026/10/04 00:14:48.739, 2743, 0
2026/10/04 00:14:49.001, 2743, 0
2026/10/04 00:14:49.266, 2743, 0
2026/10/04 00:14:49.530, 2743, 0
2026/10/04 00:14:49.793, 2745, 0
2026/10/04 00:14:50.056, 2745, 0
2026/10/04 00:14:50.321, 2745, 0
2026/10/04 00:14:50.585, 2745, 0
2026/10/04 00:14:50.849, 2746, 0
2026/10/04 00:14:51.113, 2746, 0
2026/10/04 00:14:51.376, 2746, 0
2026/10/04 00:14:51.638, 2746, 0
2026/10/04 00:14:51.902, 2747, 0
2026/10/04 00:14:52.166, 2747, 0
2026/10/04 00:14:52.430, 2747, 0
2026/10/04 00:14:52.694, 2747, 0
2026/10/04 00:14:52.959, 2748, 0
2026/10/04 00:14:53.222, 2748, 0
2026/10/04 00:14:53.485, 2748, 0
2026/10/04 00:14:53.749, 2748, 0
2026/10/04 00:14:54.013, 2749, 0
2026/10/04 00:14:54.277, 2749, 0
2026/10/04 00:14:54.541, 2749, 0
2026/10/04 00:14:54.803, 2749, 0
2026/10/04 00:14:55.066, 2750, 1
2026/10/04 00:14:55.328, 2750, 1
2026/10/04 00:14:55.592, 2750, 0
2026/10/04 00:14:55.856, 2751, 0
2026/10/04 00:14:56.118, 2751, 1
2026/10/04 00:14:56.383, 2751, 1
2026/10/04 00:14:56.647, 2751, 0
2026/10/04 00:14:56.911, 2752, 0
2026/10/04 00:14:57.173, 2752, 0
2026/10/04 00:14:57.437, 2752, 0
2026/10/04 00:14:57.701, 2752, 0
2026/10/04 00:14:57.964, 2754, 0
2026/10/04 00:14:58.229, 2754, 0
2026/10/04 00:14:58.493, 2754, 0
2026/10/04 00:14:58.757, 2754, 0
2026/10/04 00:14:59.021, 2755, 0
2026/10/04 00:14:59.283, 2755, 0
2026/10/04 00:14:59.546, 2755, 0
2026/10/04 00:14:59.810, 2755, 0
2026/10/04 00:15:00.073, 2756, 0
2026/10/04 00:15:00.336, 2756, 0
2026/10/04 00:15:00.599, 2756, 0
2026/10/04 00:15:00.861, 2756, 0
2026/10/04 00:15:01.125, 2757, 0
2026/10/04 00:15:01.389, 2757, 0
2026/10/04 00:15:01.655, 2757, 0
2026/10/04 00:15:01.919, 2757, 0
2026/10/04 00:15:02.183, 2758, 0
2026/10/04 00:15:02.446, 2758, 0
2026/10/04 00:15:02.712, 2758, 0
2026/10/04 00:15:02.975, 2758, 0
2026/10/04 00:15:03.240, 2759, 0
2026/10/04 00:15:03.503, 2759, 0
2026/10/04 00:15:03.767, 2759, 0
2026/10/04 00:15:04.031, 2759, 0
2026/10/04 00:15:04.296, 2777, 0
2026/10/04 00:15:04.560, 2777, 0
2026/10/04 00:15:04.824, 2777, 0
2026/10/04 00:15:05.086, 2777, 0
2026/10/04 00:15:05.350, 2777, 0
2026/10/04 00:15:05.613, 2777, 0
2026/10/04 00:15:05.875, 2777, 0
2026/10/04 00:15:06.139, 2773, 0
2026/10/04 00:15:06.402, 2750, 0
2026/10/04 00:15:06.666, 2750, 0
2026/10/04 00:15:06.930, 2750, 0
2026/10/04 00:15:07.194, 2750, 0
2026/10/04 00:15:07.456, 2751, 0
2026/10/04 00:15:07.718, 2751, 0
2026/10/04 00:15:07.981, 2751, 0
2026/10/04 00:15:08.243, 2752, 0
2026/10/04 00:15:08.506, 2752, 0
2026/10/04 00:15:08.769, 2752, 0
2026/10/04 00:15:09.032, 2752, 0
2026/10/04 00:15:09.295, 2751, 0
2026/10/04 00:15:09.557, 2751, 0
2026/10/04 00:15:09.819, 2768, 0
2026/10/04 00:15:10.083, 2768, 0
2026/10/04 00:15:10.344, 2769, 0
2026/10/04 00:15:10.607, 2769, 0
2026/10/04 00:15:10.869, 2769, 0
2026/10/04 00:15:11.132, 2769, 0
2026/10/04 00:15:11.394, 2768, 0
2026/10/04 00:15:11.657, 2768, 1
2026/10/04 00:15:11.919, 2768, 1
2026/10/04 00:15:12.182, 2760, 0
2026/10/04 00:15:12.445, 2761, 1
2026/10/04 00:15:12.710, 2761, 1
2026/10/04 00:15:12.974, 2761, 0
2026/10/04 00:15:13.236, 2761, 0
2026/10/04 00:15:13.498, 2762, 1
2026/10/04 00:15:13.762, 2762, 1
2026/10/04 00:15:14.024, 2762, 0
2026/10/04 00:15:14.286, 2762, 0
2026/10/04 00:15:14.549, 2763, 0
2026/10/04 00:15:14.812, 2749, 0
2026/10/04 00:15:15.074, 2749, 0
2026/10/04 00:15:15.339, 2749, 0
2026/10/04 00:15:15.602, 2748, 0
2026/10/04 00:15:15.866, 2753, 0
2026/10/04 00:15:16.130, 2753, 0
2026/10/04 00:15:16.392, 2754, 0
2026/10/04 00:15:16.654, 2757, 0
2026/10/04 00:15:16.917, 2757, 0
2026/10/04 00:15:17.181, 2757, 0
2026/10/04 00:15:17.444, 2757, 0
2026/10/04 00:15:17.708, 2759, 0
2026/10/04 00:15:17.970, 2759, 0
2026/10/04 00:15:18.234, 2758, 0
2026/10/04 00:15:18.499, 2758, 0
2026/10/04 00:15:18.760, 2758, 0
2026/10/04 00:15:19.021, 2758, 0
2026/10/04 00:15:19.284, 2758, 0
2026/10/04 00:15:19.545, 2758, 0
2026/10/04 00:15:19.808, 2759, 0
2026/10/04 00:15:20.069, 2759, 0
2026/10/04 00:15:20.332, 2759, 0
2026/10/04 00:15:20.595, 2760, 0
2026/10/04 00:15:20.859, 2760, 0
2026/10/04 00:15:21.122, 2758, 0
2026/10/04 00:15:21.385, 2758, 0
2026/10/04 00:15:21.647, 2756, 0
2026/10/04 00:15:21.910, 2756, 0
2026/10/04 00:15:22.173, 2756, 0
2026/10/04 00:15:22.438, 2756, 0
2026/10/04 00:15:22.702, 2757, 0
2026/10/04 00:15:22.968, 2757, 0
2026/10/04 00:15:23.230, 2757, 0
2026/10/04 00:15:23.493, 2757, 0
2026/10/04 00:15:23.757, 2758, 0
2026/10/04 00:15:24.019, 2758, 0
2026/10/04 00:15:24.283, 2758, 0
2026/10/04 00:15:24.547, 2758, 0
2026/10/04 00:15:24.798, 2759, 0
2026/10/04 00:15:25.062, 2759, 0
2026/10/04 00:15:25.325, 2759, 0
2026/10/04 00:15:25.588, 2759, 0
2026/10/04 00:15:25.851, 2760, 0
2026/10/04 00:15:26.113, 2760, 0
2026/10/04 00:15:26.377, 2760, 0
2026/10/04 00:15:26.641, 2760, 0
2026/10/04 00:15:26.905, 2764, 0
2026/10/04 00:15:27.170, 2764, 0
2026/10/04 00:15:27.433, 2764, 0
2026/10/04 00:15:27.697, 2764, 0
2026/10/04 00:15:27.959, 2765, 0
2026/10/04 00:15:28.222, 2765, 0
2026/10/04 00:15:28.486, 2765, 0
2026/10/04 00:15:28.749, 2765, 0
2026/10/04 00:15:29.013, 2766, 0
2026/10/04 00:15:29.275, 2766, 0
2026/10/04 00:15:29.539, 2766, 0
2026/10/04 00:15:29.803, 2766, 0
2026/10/04 00:15:30.068, 2767, 1
2026/10/04 00:15:30.330, 2767, 1
2026/10/04 00:15:30.592, 2767, 0
2026/10/04 00:15:30.855, 2768, 0
2026/10/04 00:15:31.117, 2768, 1
2026/10/04 00:15:31.380, 2768, 1
2026/10/04 00:15:31.642, 2768, 0
2026/10/04 00:15:31.908, 2774, 0
2026/10/04 00:15:32.171, 2797, 0
2026/10/04 00:15:32.435, 2796, 0
2026/10/04 00:15:32.697, 2800, 0
2026/10/04 00:15:32.960, 2796, 0
2026/10/04 00:15:33.224, 2797, 0
2026/10/04 00:15:33.487, 2797, 0
2026/10/04 00:15:33.750, 2797, 0
2026/10/04 00:15:34.013, 2798, 0
2026/10/04 00:15:34.275, 2797, 0
2026/10/04 00:15:34.537, 2797, 0
2026/10/04 00:15:34.799, 2797, 0
2026/10/04 00:15:35.064, 2797, 0
2026/10/04 00:15:35.327, 2789, 0
2026/10/04 00:15:35.590, 2789, 0
2026/10/04 00:15:35.852, 2789, 0
2026/10/04 00:15:36.115, 2792, 0
2026/10/04 00:15:36.378, 2772, 0
2026/10/04 00:15:36.641, 2772, 0
2026/10/04 00:15:36.905, 2780, 0
2026/10/04 00:15:37.168, 2777, 1
2026/10/04 00:15:37.432, 2776, 1
2026/10/04 00:15:37.695, 2775, 0
2026/10/04 00:15:37.958, 2775, 0
2026/10/04 00:15:38.222, 2772, 0
2026/10/04 00:15:38.483, 2772, 0
2026/10/04 00:15:38.746, 2772, 0
2026/10/04 00:15:39.008, 2772, 0
2026/10/04 00:15:39.272, 2759, 0
2026/10/04 00:15:39.534, 2759, 0
2026/10/04 00:15:39.799, 2759, 0
2026/10/04 00:15:40.061, 2759, 0
2026/10/04 00:15:40.323, 2755, 0
2026/10/04 00:15:40.585, 2755, 0
2026/10/04 00:15:40.849, 2755, 0
2026/10/04 00:15:41.112, 2754, 0
2026/10/04 00:15:41.377, 2750, 0
2026/10/04 00:15:41.639, 2750, 0
2026/10/04 00:15:41.904, 2750, 0
2026/10/04 00:15:42.167, 2750, 0
2026/10/04 00:15:42.429, 2744, 0
2026/10/04 00:15:42.692, 2738, 0
2026/10/04 00:15:42.954, 2738, 0
2026/10/04 00:15:43.218, 2733, 0
2026/10/04 00:15:43.483, 2733, 0
2026/10/04 00:15:43.745, 2733, 0
2026/10/04 00:15:44.009, 2733, 0
2026/10/04 00:15:44.272, 2733, 0
2026/10/04 00:15:44.534, 2733, 0
2026/10/04 00:15:44.798, 2731, 0
2026/10/04 00:15:45.061, 2731, 0
2026/10/04 00:15:45.324, 2731, 0
2026/10/04 00:15:45.588, 2731, 0
2026/10/04 00:15:45.852, 2729, 0
2026/10/04 00:15:46.114, 2729, 0
2026/10/04 00:15:46.375, 2729, 0
2026/10/04 00:15:46.639, 2748, 0
2026/10/04 00:15:46.902, 2748, 0
2026/10/04 00:15:47.165, 2748, 0
2026/10/04 00:15:47.428, 2748, 0
2026/10/04 00:15:47.692, 2748, 0
2026/10/04 00:15:47.956, 2748, 0
2026/10/04 00:15:48.222, 2752, 0
2026/10/04 00:15:48.485, 2753, 1
2026/10/04 00:15:48.749, 2751, 1
2026/10/04 00:15:49.013, 2959, 6
2026/10/04 00:15:49.276, 9488, 6
2026/10/04 00:15:49.541, 11383, 61
2026/10/04 00:15:49.806, 11383, 61
2026/10/04 00:15:50.070, 11384, 35
2026/10/04 00:15:50.334, 14123, 35
2026/10/04 00:15:50.597, 14157, 33
2026/10/04 00:15:50.861, 14156, 33
2026/10/04 00:15:51.127, 14156, 100
2026/10/04 00:15:51.391, 14157, 100
2026/10/04 00:15:51.655, 14156, 98
2026/10/04 00:15:51.918, 14144, 98
2026/10/04 00:15:52.183, 14144, 98
2026/10/04 00:15:52.447, 14145, 98
2026/10/04 00:15:52.712, 14145, 98
2026/10/04 00:15:52.975, 14145, 98
2026/10/04 00:15:53.239, 14145, 98
2026/10/04 00:15:53.504, 14144, 83
2026/10/04 00:15:53.768, 14144, 83
2026/10/04 00:15:54.032, 14144, 98
2026/10/04 00:15:54.295, 14144, 98
2026/10/04 00:15:54.560, 14146, 98
2026/10/04 00:15:54.824, 14146, 98
2026/10/04 00:15:55.089, 14146, 98
2026/10/04 00:15:55.353, 14146, 98
2026/10/04 00:15:55.615, 14146, 98
2026/10/04 00:15:55.880, 14146, 98
2026/10/04 00:15:56.144, 2743, 98
2026/10/04 00:15:56.408, 2743, 98
2026/10/04 00:15:56.671, 2744, 0
2026/10/04 00:15:56.934, 2752, 0
2026/10/04 00:15:57.199, 2761, 0
2026/10/04 00:15:57.464, 2770, 0
2026/10/04 00:15:57.726, 2770, 0
2026/10/04 00:15:57.988, 2770, 0
2026/10/04 00:15:58.250, 2770, 0
2026/10/04 00:15:58.513, 2772, 0
2026/10/04 00:15:58.774, 2772, 0
2026/10/04 00:15:59.038, 2772, 0
2026/10/04 00:15:59.300, 2772, 0
2026/10/04 00:15:59.562, 2771, 0
2026/10/04 00:15:59.823, 2761, 0
2026/10/04 00:16:00.086, 2761, 0
2026/10/04 00:16:00.348, 2761, 0
2026/10/04 00:16:00.612, 2761, 0
2026/10/04 00:16:00.876, 2761, 0
2026/10/04 00:16:01.141, 2761, 0
2026/10/04 00:16:01.403, 2761, 0
2026/10/04 00:16:01.666, 2757, 0
2026/10/04 00:16:01.929, 2755, 0
2026/10/04 00:16:02.190, 2755, 0
2026/10/04 00:16:02.453, 2755, 0
2026/10/04 00:16:02.715, 2753, 0
2026/10/04 00:16:02.978, 2751, 0
2026/10/04 00:16:03.241, 2751, 0
2026/10/04 00:16:03.503, 2741, 0
2026/10/04 00:16:03.766, 2741, 0
2026/10/04 00:16:04.029, 2741, 0
2026/10/04 00:16:04.292, 2741, 0
2026/10/04 00:16:04.555, 2741, 0
2026/10/04 00:16:04.817, 2741, 0
2026/10/04 00:16:05.081, 2741, 0
2026/10/04 00:16:05.343, 2741, 0
2026/10/04 00:16:05.605, 2741, 0
2026/10/04 00:16:05.868, 2741, 0
2026/10/04 00:16:06.131, 2734, 0
2026/10/04 00:16:06.393, 2712, 0
2026/10/04 00:16:06.656, 2712, 0
2026/10/04 00:16:06.920, 2712, 0
2026/10/04 00:16:07.184, 2712, 0
2026/10/04 00:16:07.446, 2712, 0
2026/10/04 00:16:07.709, 2712, 0
2026/10/04 00:16:07.971, 2712, 0
2026/10/04 00:16:08.234, 2712, 0
2026/10/04 00:16:08.497, 2712, 0
2026/10/04 00:16:08.759, 2711, 0
2026/10/04 00:16:09.022, 2711, 0
2026/10/04 00:16:09.285, 2711, 0
2026/10/04 00:16:09.548, 2711, 0
2026/10/04 00:16:09.811, 2711, 0
2026/10/04 00:16:10.074, 2711, 0
2026/10/04 00:16:10.336, 2711, 0
2026/10/04 00:16:10.600, 2711, 0
2026/10/04 00:16:10.862, 2711, 0
2026/10/04 00:16:11.124, 2711, 0
2026/10/04 00:16:11.387, 2711, 0
2026/10/04 00:16:11.650, 2711, 0
2026/10/04 00:16:11.913, 2711, 0
2026/10/04 00:16:12.176, 2711, 0
2026/10/04 00:16:12.439, 2711, 0
2026/10/04 00:16:12.703, 3454, 0
2026/10/04 00:16:12.967, 4391, 24
2026/10/04 00:16:13.232, 6243, 24
2026/10/04 00:16:13.497, 8143, 43
2026/10/04 00:16:13.762, 10197, 43
2026/10/04 00:16:14.027, 10797, 75
2026/10/04 00:16:14.292, 10797, 75
2026/10/04 00:16:14.555, 10797, 92
2026/10/04 00:16:14.820, 10798, 92
2026/10/04 00:16:15.086, 10798, 81
2026/10/04 00:16:15.351, 10798, 81
2026/10/04 00:16:15.616, 10798, 93
2026/10/04 00:16:15.881, 10799, 93
2026/10/04 00:16:16.145, 10799, 77
2026/10/04 00:16:16.410, 10799, 77
2026/10/04 00:16:16.676, 10799, 81
2026/10/04 00:16:16.940, 10798, 81
2026/10/04 00:16:17.191, 10798, 81
2026/10/04 00:16:17.457, 10798, 93
2026/10/04 00:16:17.722, 10787, 93
2026/10/04 00:16:17.987, 10781, 80
2026/10/04 00:16:18.252, 10781, 80
2026/10/04 00:16:18.517, 10781, 80
2026/10/04 00:16:18.769, 10780, 80
2026/10/04 00:16:19.034, 10779, 91
2026/10/04 00:16:19.297, 10779, 91
2026/10/04 00:16:19.561, 10779, 96
2026/10/04 00:16:19.825, 10776, 96
2026/10/04 00:16:20.076, 10776, 94
2026/10/04 00:16:20.341, 10776, 94
2026/10/04 00:16:20.592, 10776, 95
2026/10/04 00:16:20.857, 10773, 95
2026/10/04 00:16:21.108, 10773, 93
2026/10/04 00:16:21.372, 10773, 93
2026/10/04 00:16:21.635, 10773, 95
2026/10/04 00:16:21.899, 10773, 95
2026/10/04 00:16:22.165, 10773, 90
2026/10/04 00:16:22.429, 10773, 90
2026/10/04 00:16:22.693, 10773, 95
2026/10/04 00:16:22.957, 10773, 94
2026/10/04 00:16:23.223, 10773, 94
2026/10/04 00:16:23.487, 10773, 90
2026/10/04 00:16:23.752, 10773, 90
2026/10/04 00:16:24.017, 10773, 91
2026/10/04 00:16:24.282, 10773, 91
2026/10/04 00:16:24.545, 10773, 90
2026/10/04 00:16:24.810, 10773, 90
2026/10/04 00:16:25.075, 10773, 92
2026/10/04 00:16:25.341, 10773, 92
2026/10/04 00:16:25.607, 10773, 94
2026/10/04 00:16:25.859, 10773, 94
2026/10/04 00:16:26.123, 10773, 93
2026/10/04 00:16:26.375, 10773, 93
2026/10/04 00:16:26.639, 10773, 94
2026/10/04 00:16:26.894, 10773, 94
2026/10/04 00:16:27.160, 10773, 94
2026/10/04 00:16:27.425, 10773, 94
2026/10/04 00:16:27.690, 10773, 94
2026/10/04 00:16:27.956, 10773, 94
2026/10/04 00:16:28.219, 10773, 94
2026/10/04 00:16:28.485, 10773, 95
2026/10/04 00:16:28.750, 10773, 95
2026/10/04 00:16:29.016, 10773, 93
2026/10/04 00:16:29.281, 10773, 93
2026/10/04 00:16:29.545, 10773, 95
2026/10/04 00:16:29.810, 10773, 95
2026/10/04 00:16:30.075, 10773, 93
2026/10/04 00:16:30.342, 10773, 93
2026/10/04 00:16:30.606, 10773, 93
2026/10/04 00:16:30.871, 10773, 93
2026/10/04 00:16:31.136, 10773, 89
2026/10/04 00:16:31.400, 10773, 89
2026/10/04 00:16:31.665, 10773, 93
2026/10/04 00:16:31.930, 10773, 93
2026/10/04 00:16:32.195, 10773, 93
2026/10/04 00:16:32.446, 10773, 91
2026/10/04 00:16:32.711, 10773, 91
2026/10/04 00:16:32.975, 10773, 95
2026/10/04 00:16:33.241, 10773, 95
2026/10/04 00:16:33.506, 10773, 95
2026/10/04 00:16:33.771, 10773, 95
2026/10/04 00:16:34.037, 10773, 92
2026/10/04 00:16:34.300, 10773, 92
2026/10/04 00:16:34.565, 10773, 90
2026/10/04 00:16:34.829, 10773, 90
2026/10/04 00:16:35.093, 10773, 91
2026/10/04 00:16:35.359, 10773, 91
2026/10/04 00:16:35.625, 10773, 78
2026/10/04 00:16:35.888, 10773, 78
2026/10/04 00:16:36.154, 10773, 96
2026/10/04 00:16:36.420, 10773, 96
2026/10/04 00:16:36.684, 10773, 84
2026/10/04 00:16:36.948, 10761, 94
2026/10/04 00:16:37.213, 10761, 94
2026/10/04 00:16:37.478, 10761, 81
2026/10/04 00:16:37.743, 10761, 81
2026/10/04 00:16:38.009, 10761, 94
2026/10/04 00:16:38.274, 10761, 94
2026/10/04 00:16:38.537, 10761, 78
2026/10/04 00:16:38.804, 10761, 78
2026/10/04 00:16:39.069, 10761, 79
2026/10/04 00:16:39.333, 10761, 79
2026/10/04 00:16:39.598, 10761, 81
2026/10/04 00:16:39.863, 10761, 81
2026/10/04 00:16:40.126, 10761, 95
2026/10/04 00:16:40.390, 10761, 95
2026/10/04 00:16:40.654, 10761, 95
2026/10/04 00:16:40.906, 10761, 95
2026/10/04 00:16:41.171, 10761, 95
2026/10/04 00:16:41.435, 10761, 95
2026/10/04 00:16:41.700, 10761, 95
2026/10/04 00:16:41.963, 10761, 94
2026/10/04 00:16:42.230, 10761, 94
2026/10/04 00:16:42.495, 10761, 91
2026/10/04 00:16:42.761, 10761, 91
2026/10/04 00:16:43.025, 10761, 94
2026/10/04 00:16:43.290, 10761, 94
2026/10/04 00:16:43.554, 10761, 94
2026/10/04 00:16:43.819, 10761, 94
2026/10/04 00:16:44.083, 10761, 92
2026/10/04 00:16:44.346, 10989, 92
2026/10/04 00:16:44.611, 10989, 93
2026/10/04 00:16:44.877, 10989, 93
2026/10/04 00:16:45.141, 10989, 99
2026/10/04 00:16:45.406, 10989, 99
2026/10/04 00:16:45.670, 10989, 99
2026/10/04 00:16:45.933, 11001, 99
2026/10/04 00:16:46.198, 11001, 98
2026/10/04 00:16:46.463, 11002, 99
2026/10/04 00:16:46.727, 11002, 99
2026/10/04 00:16:46.992, 11002, 99
2026/10/04 00:16:47.257, 11002, 99
2026/10/04 00:16:47.522, 11002, 97
2026/10/04 00:16:47.785, 11002, 97
2026/10/04 00:16:48.049, 11002, 99
2026/10/04 00:16:48.312, 11002, 99
2026/10/04 00:16:48.577, 11002, 99
2026/10/04 00:16:48.841, 11002, 99
2026/10/04 00:16:49.106, 11002, 98
2026/10/04 00:16:49.371, 11002, 98
2026/10/04 00:16:49.635, 11002, 99
2026/10/04 00:16:49.900, 10995, 99
2026/10/04 00:16:50.164, 10991, 98
2026/10/04 00:16:50.429, 10991, 98
2026/10/04 00:16:50.693, 10991, 97
2026/10/04 00:16:50.958, 10991, 99
2026/10/04 00:16:51.222, 10991, 99
2026/10/04 00:16:51.486, 10991, 99
2026/10/04 00:16:51.739, 10991, 99
2026/10/04 00:16:52.004, 10991, 98
2026/10/04 00:16:52.255, 10991, 98
2026/10/04 00:16:52.521, 10990, 99
2026/10/04 00:16:52.786, 10990, 99
2026/10/04 00:16:53.049, 10990, 99
2026/10/04 00:16:53.312, 10990, 99
2026/10/04 00:16:53.577, 10990, 99
2026/10/04 00:16:53.841, 10990, 99
2026/10/04 00:16:54.105, 10990, 99
2026/10/04 00:16:54.369, 10990, 99
2026/10/04 00:16:54.633, 10990, 98
2026/10/04 00:16:54.899, 10990, 98
2026/10/04 00:16:55.163, 10989, 99
2026/10/04 00:16:55.427, 10989, 99
2026/10/04 00:16:55.678, 10989, 100
2026/10/04 00:16:55.930, 10989, 100
2026/10/04 00:16:56.193, 10989, 98
2026/10/04 00:16:56.457, 10989, 99
2026/10/04 00:16:56.721, 10989, 99
2026/10/04 00:16:56.984, 10989, 6
2026/10/04 00:16:57.249, 10989, 6
2026/10/04 00:16:57.513, 10989, 7
2026/10/04 00:16:57.777, 10989, 7
2026/10/04 00:16:58.041, 11001, 8
2026/10/04 00:16:58.305, 11010, 8
2026/10/04 00:16:58.568, 11010, 8
2026/10/04 00:16:58.832, 11010, 8
2026/10/04 00:16:59.095, 11010, 6
2026/10/04 00:16:59.360, 11010, 6
2026/10/04 00:16:59.625, 6914, 7
2026/10/04 00:16:59.889, 6909, 7
2026/10/04 00:17:00.141, 9137, 100
2026/10/04 00:17:00.394, 9137, 100
2026/10/04 00:17:00.658, 9137, 97
2026/10/04 00:17:00.923, 2901, 97
2026/10/04 00:17:01.186, 2901, 8
2026/10/04 00:17:01.451, 2901, 0
2026/10/04 00:17:01.714, 2901, 0
2026/10/04 00:17:01.978, 2901, 0
2026/10/04 00:17:02.241, 2901, 0
2026/10/04 00:17:02.505, 2901, 0
2026/10/04 00:17:02.768, 2901, 0
2026/10/04 00:17:03.031, 2897, 0
2026/10/04 00:17:03.296, 2895, 0
2026/10/04 00:17:03.560, 2895, 0
2026/10/04 00:17:03.824, 2895, 0
2026/10/04 00:17:04.087, 2911, 0
2026/10/04 00:17:04.351, 2911, 0
2026/10/04 00:17:04.615, 2914, 0
2026/10/04 00:17:04.878, 2914, 0
2026/10/04 00:17:05.142, 2922, 0
2026/10/04 00:17:05.404, 2922, 0
2026/10/04 00:17:05.667, 2922, 0
2026/10/04 00:17:05.929, 2922, 0
2026/10/04 00:17:06.190, 2921, 0
2026/10/04 00:17:06.452, 2921, 0
2026/10/04 00:17:06.714, 2921, 0
2026/10/04 00:17:06.977, 2907, 0
2026/10/04 00:17:07.241, 2907, 0
2026/10/04 00:17:07.502, 2907, 0
2026/10/04 00:17:07.766, 2907, 0
2026/10/04 00:17:08.028, 2907, 0
2026/10/04 00:17:08.291, 2907, 0
2026/10/04 00:17:08.554, 2907, 0
2026/10/04 00:17:08.817, 2914, 0
2026/10/04 00:17:09.079, 2914, 0
2026/10/04 00:17:09.341, 2916, 0
2026/10/04 00:17:09.604, 2916, 0
2026/10/04 00:17:09.867, 2915, 0
2026/10/04 00:17:10.129, 2910, 0
2026/10/04 00:17:10.393, 2907, 0
2026/10/04 00:17:10.656, 2907, 0
2026/10/04 00:17:10.919, 2907, 0
2026/10/04 00:17:11.182, 2907, 0
2026/10/04 00:17:11.445, 2908, 0
2026/10/04 00:17:11.708, 2908, 0
2026/10/04 00:17:11.971, 2908, 0
2026/10/04 00:17:12.233, 2908, 0
2026/10/04 00:17:12.496, 2909, 0
2026/10/04 00:17:12.759, 2909, 0
2026/10/04 00:17:13.023, 2909, 0
2026/10/04 00:17:13.287, 2918, 0
2026/10/04 00:17:13.552, 2918, 0
2026/10/04 00:17:13.813, 2918, 0
2026/10/04 00:17:14.078, 2918, 0
2026/10/04 00:17:14.342, 2918, 0
2026/10/04 00:17:14.604, 2918, 0
2026/10/04 00:17:14.867, 2914, 0
2026/10/04 00:17:15.129, 2914, 0
2026/10/04 00:17:15.391, 2914, 0
2026/10/04 00:17:15.654, 2914, 0
2026/10/04 00:17:15.917, 2914, 0
2026/10/04 00:17:16.182, 2914, 0
2026/10/04 00:17:16.444, 2914, 0
2026/10/04 00:17:16.706, 2914, 0
2026/10/04 00:17:16.968, 2914, 0
2026/10/04 00:17:17.232, 2914, 0
2026/10/04 00:17:17.494, 2910, 0
2026/10/04 00:17:17.757, 2910, 0
2026/10/04 00:17:18.021, 2910, 0
2026/10/04 00:17:18.283, 2905, 0
2026/10/04 00:17:18.545, 2897, 0
2026/10/04 00:17:18.808, 2897, 0
2026/10/04 00:17:19.070, 2897, 0
2026/10/04 00:17:19.333, 2897, 0
2026/10/04 00:17:19.595, 2897, 0
2026/10/04 00:17:19.858, 2897, 0
2026/10/04 00:17:20.122, 2897, 0
2026/10/04 00:17:20.385, 2907, 0
2026/10/04 00:17:20.649, 2927, 2
2026/10/04 00:17:20.912, 2931, 2
2026/10/04 00:17:21.173, 2929, 1
2026/10/04 00:17:21.436, 2934, 1
2026/10/04 00:17:21.699, 2938, 1
2026/10/04 00:17:21.962, 2936, 0
2026/10/04 00:17:22.225, 2936, 0
2026/10/04 00:17:22.489, 2936, 0
2026/10/04 00:17:22.751, 2936, 0
2026/10/04 00:17:23.015, 2936, 0
2026/10/04 00:17:23.277, 2936, 0
2026/10/04 00:17:23.539, 2925, 1
2026/10/04 00:17:23.801, 2925, 1
2026/10/04 00:17:24.065, 2925, 0
2026/10/04 00:17:24.328, 2925, 0
2026/10/04 00:17:24.592, 2924, 0
2026/10/04 00:17:24.853, 2924, 0
2026/10/04 00:17:25.117, 2924, 0
2026/10/04 00:17:25.381, 2924, 0
2026/10/04 00:17:25.645, 2920, 0
2026/10/04 00:17:25.908, 2920, 0
2026/10/04 00:17:26.172, 2920, 0
2026/10/04 00:17:26.435, 2920, 0
2026/10/04 00:17:26.697, 2912, 0
2026/10/04 00:17:26.958, 2910, 0
2026/10/04 00:17:27.222, 2902, 0
2026/10/04 00:17:27.485, 2902, 0
2026/10/04 00:17:27.749, 2900, 0
2026/10/04 00:17:28.010, 2900, 0
2026/10/04 00:17:28.272, 2900, 0
2026/10/04 00:17:28.535, 2896, 0
2026/10/04 00:17:28.798, 2896, 0
2026/10/04 00:17:29.059, 2896, 0
2026/10/04 00:17:29.323, 2896, 0
2026/10/04 00:17:29.586, 2896, 0
2026/10/04 00:17:29.849, 2915, 0
2026/10/04 00:17:30.110, 2915, 0
2026/10/04 00:17:30.374, 2915, 0
2026/10/04 00:17:30.637, 2915, 0
2026/10/04 00:17:30.899, 2915, 0
2026/10/04 00:17:31.161, 2915, 0
2026/10/04 00:17:31.424, 2915, 0
2026/10/04 00:17:31.687, 2915, 0
2026/10/04 00:17:31.950, 2915, 0
2026/10/04 00:17:32.213, 2915, 0
2026/10/04 00:17:32.476, 2915, 0
2026/10/04 00:17:32.740, 2911, 0
2026/10/04 00:17:33.002, 2902, 0
2026/10/04 00:17:33.264, 2902, 0
2026/10/04 00:17:33.525, 2902, 0
2026/10/04 00:17:33.787, 2916, 0
2026/10/04 00:17:34.050, 3143, 10
2026/10/04 00:17:34.314, 3159, 10
2026/10/04 00:17:34.577, 3161, 1
2026/10/04 00:17:34.840, 3162, 1
2026/10/04 00:17:35.103, 3162, 0
2026/10/04 00:17:35.366, 3162, 0
2026/10/04 00:17:35.629, 3164, 0
2026/10/04 00:17:35.892, 3160, 0
2026/10/04 00:17:36.155, 3160, 0
2026/10/04 00:17:36.418, 3160, 0
2026/10/04 00:17:36.682, 3158, 0
2026/10/04 00:17:36.947, 3150, 0
2026/10/04 00:17:37.210, 3150, 0
2026/10/04 00:17:37.474, 3148, 1
2026/10/04 00:17:37.737, 3152, 1
2026/10/04 00:17:37.999, 3149, 0
2026/10/04 00:17:38.263, 3149, 0
2026/10/04 00:17:38.527, 3149, 0
2026/10/04 00:17:38.790, 3153, 0
2026/10/04 00:17:39.055, 3150, 0
2026/10/04 00:17:39.320, 3147, 0
2026/10/04 00:17:39.584, 3138, 1
2026/10/04 00:17:39.849, 3135, 1
2026/10/04 00:17:40.113, 3135, 0
2026/10/04 00:17:40.376, 3135, 0
2026/10/04 00:17:40.640, 3135, 1
2026/10/04 00:17:40.905, 3136, 1
2026/10/04 00:17:41.168, 3136, 1
2026/10/04 00:17:41.432, 3136, 1
2026/10/04 00:17:41.696, 3132, 0
2026/10/04 00:17:41.961, 3134, 0
2026/10/04 00:17:42.224, 3134, 0
2026/10/04 00:17:42.489, 3129, 1
2026/10/04 00:17:42.753, 3129, 1
2026/10/04 00:17:43.017, 3134, 1
2026/10/04 00:17:43.282, 3134, 1
2026/10/04 00:17:43.546, 3134, 0
2026/10/04 00:17:43.810, 3137, 0
2026/10/04 00:17:44.074, 3135, 1
2026/10/04 00:17:44.339, 3135, 1
2026/10/04 00:17:44.603, 3135, 0
2026/10/04 00:17:44.867, 3139, 0
2026/10/04 00:17:45.131, 3136, 1
2026/10/04 00:17:45.394, 3136, 1
2026/10/04 00:17:45.659, 3136, 0
2026/10/04 00:17:45.923, 3140, 0
2026/10/04 00:17:46.188, 3137, 1
2026/10/04 00:17:46.453, 3137, 1
2026/10/04 00:17:46.716, 3137, 1
2026/10/04 00:17:46.981, 3141, 1
2026/10/04 00:17:47.245, 3138, 1
2026/10/04 00:17:47.508, 3138, 0
2026/10/04 00:17:47.774, 3138, 0
2026/10/04 00:17:48.038, 3140, 1
2026/10/04 00:17:48.301, 3137, 1
2026/10/04 00:17:48.565, 3137, 0
2026/10/04 00:17:48.829, 3137, 0
2026/10/04 00:17:49.093, 3138, 1
2026/10/04 00:17:49.358, 3138, 1
2026/10/04 00:17:49.623, 3138, 0
2026/10/04 00:17:49.887, 3138, 0
2026/10/04 00:17:50.151, 3139, 0
2026/10/04 00:17:50.415, 3139, 0
2026/10/04 00:17:50.680, 3139, 0
2026/10/04 00:17:50.944, 3139, 0
2026/10/04 00:17:51.208, 3140, 0
2026/10/04 00:17:51.473, 3140, 1
2026/10/04 00:17:51.737, 3140, 1
2026/10/04 00:17:52.001, 3156, 1
2026/10/04 00:17:52.264, 3157, 1
2026/10/04 00:17:52.528, 3154, 1
2026/10/04 00:17:52.793, 3154, 1
2026/10/04 00:17:53.057, 3158, 1
2026/10/04 00:17:53.320, 3155, 1
2026/10/04 00:17:53.584, 3155, 0
2026/10/04 00:17:53.849, 3155, 0
2026/10/04 00:17:54.114, 3158, 0
2026/10/04 00:17:54.378, 3155, 0
2026/10/04 00:17:54.642, 3148, 1
2026/10/04 00:17:54.906, 3148, 1
2026/10/04 00:17:55.169, 3153, 1
2026/10/04 00:17:55.433, 3150, 1
2026/10/04 00:17:55.696, 3150, 0
2026/10/04 00:17:55.960, 3150, 0
2026/10/04 00:17:56.225, 3154, 0
2026/10/04 00:17:56.489, 3151, 0
2026/10/04 00:17:56.753, 3151, 0
2026/10/04 00:17:57.017, 3151, 0
2026/10/04 00:17:57.282, 3151, 0
2026/10/04 00:17:57.546, 3148, 0
2026/10/04 00:17:57.811, 3148, 0
2026/10/04 00:17:58.074, 3148, 1
2026/10/04 00:17:58.338, 3148, 1
2026/10/04 00:17:58.601, 3148, 1
2026/10/04 00:17:58.865, 3148, 1
2026/10/04 00:17:59.129, 3148, 1
2026/10/04 00:17:59.393, 3150, 1
2026/10/04 00:17:59.657, 3150, 1
2026/10/04 00:17:59.922, 3150, 1
2026/10/04 00:18:00.186, 3150, 0
2026/10/04 00:18:00.448, 3151, 0
2026/10/04 00:18:00.712, 4251, 1
2026/10/04 00:18:00.976, 6513, 52
2026/10/04 00:18:01.240, 8410, 52
2026/10/04 00:18:01.504, 10215, 26
2026/10/04 00:18:01.768, 11259, 26
2026/10/04 00:18:02.032, 11295, 1
2026/10/04 00:18:02.295, 11335, 1
2026/10/04 00:18:02.559, 11336, 9
2026/10/04 00:18:02.823, 11336, 9
2026/10/04 00:18:03.087, 11336, 55
2026/10/04 00:18:03.351, 11338, 55
2026/10/04 00:18:03.616, 11334, 56
2026/10/04 00:18:03.879, 11330, 56
2026/10/04 00:18:04.144, 11345, 47
2026/10/04 00:18:04.408, 11339, 47
2026/10/04 00:18:04.671, 11341, 19
2026/10/04 00:18:04.935, 3469, 19
2026/10/04 00:18:05.199, 3621, 10
2026/10/04 00:18:05.462, 3660, 8
2026/10/04 00:18:05.726, 3520, 8
2026/10/04 00:18:05.990, 3598, 1
2026/10/04 00:18:06.254, 3594, 1
2026/10/04 00:18:06.518, 3907, 18
2026/10/04 00:18:06.782, 4409, 18
2026/10/04 00:18:07.046, 4437, 19
2026/10/04 00:18:07.312, 4437, 19
2026/10/04 00:18:07.576, 3549, 5
2026/10/04 00:18:07.838, 3834, 5
2026/10/04 00:18:08.100, 4159, 8
2026/10/04 00:18:08.362, 4467, 8
2026/10/04 00:18:08.627, 4776, 8
2026/10/04 00:18:08.889, 5109, 8
2026/10/04 00:18:09.152, 5465, 9
2026/10/04 00:18:09.415, 5729, 9
2026/10/04 00:18:09.678, 6044, 7
2026/10/04 00:18:09.940, 6357, 7
2026/10/04 00:18:10.204, 6702, 8
2026/10/04 00:18:10.467, 7022, 9
2026/10/04 00:18:10.730, 7336, 9
2026/10/04 00:18:10.992, 7656, 8
2026/10/04 00:18:11.254, 7860, 8
2026/10/04 00:18:11.519, 7860, 1
2026/10/04 00:18:11.783, 7861, 1
2026/10/04 00:18:12.045, 8141, 28
2026/10/04 00:18:12.309, 8165, 28
2026/10/04 00:18:12.572, 8167, 10
2026/10/04 00:18:12.836, 8167, 10
2026/10/04 00:18:13.100, 8167, 24
2026/10/04 00:18:13.364, 8163, 24
2026/10/04 00:18:13.629, 8163, 19
2026/10/04 00:18:13.894, 3499, 19
2026/10/04 00:18:14.157, 3589, 6
2026/10/04 00:18:14.420, 5371, 6
2026/10/04 00:18:14.684, 5371, 88
2026/10/04 00:18:14.948, 5124, 88
2026/10/04 00:18:15.212, 5124, 81
2026/10/04 00:18:15.475, 3798, 77
2026/10/04 00:18:15.739, 3798, 77
2026/10/04 00:18:16.002, 3523, 1
2026/10/04 00:18:16.266, 3523, 1
2026/10/04 00:18:16.531, 3517, 1
2026/10/04 00:18:16.795, 4060, 1
2026/10/04 00:18:17.059, 6234, 47
2026/10/04 00:18:17.324, 8014, 47
2026/10/04 00:18:17.588, 8014, 1
2026/10/04 00:18:17.852, 8039, 1
2026/10/04 00:18:18.116, 8097, 46
2026/10/04 00:18:18.380, 8097, 46
2026/10/04 00:18:18.643, 8097, 11
2026/10/04 00:18:18.907, 8101, 11
2026/10/04 00:18:19.171, 8098, 1
2026/10/04 00:18:19.437, 8098, 1
2026/10/04 00:18:19.701, 8098, 9
2026/10/04 00:18:19.966, 8102, 1
2026/10/04 00:18:20.229, 8099, 1
2026/10/04 00:18:20.493, 3623, 1
2026/10/04 00:18:20.754, 3623, 1
2026/10/04 00:18:21.018, 3627, 1
2026/10/04 00:18:21.281, 3624, 1
2026/10/04 00:18:21.544, 3624, 1
2026/10/04 00:18:21.808, 3624, 1
2026/10/04 00:18:22.071, 3642, 1
2026/10/04 00:18:22.333, 3640, 1
2026/10/04 00:18:22.597, 3640, 1
2026/10/04 00:18:22.859, 3640, 1
2026/10/04 00:18:23.122, 3640, 0
2026/10/04 00:18:23.385, 3640, 0
2026/10/04 00:18:23.648, 3639, 0
2026/10/04 00:18:23.911, 3639, 0
2026/10/04 00:18:24.173, 3639, 0
2026/10/04 00:18:24.436, 3639, 0
2026/10/04 00:18:24.698, 3636, 0
2026/10/04 00:18:24.961, 3636, 0
2026/10/04 00:18:25.225, 3638, 0
2026/10/04 00:18:25.489, 3638, 0
2026/10/04 00:18:25.754, 3637, 0
2026/10/04 00:18:26.020, 3637, 0
2026/10/04 00:18:26.283, 3637, 0
2026/10/04 00:18:26.548, 3637, 0
2026/10/04 00:18:26.811, 3637, 0
2026/10/04 00:18:27.076, 3637, 0
2026/10/04 00:18:27.339, 3636, 0
2026/10/04 00:18:27.604, 3634, 0
2026/10/04 00:18:27.867, 3634, 0
2026/10/04 00:18:28.131, 3632, 0
2026/10/04 00:18:28.394, 3633, 0
2026/10/04 00:18:28.655, 3633, 0
2026/10/04 00:18:28.919, 3633, 0
2026/10/04 00:18:29.181, 3634, 0
2026/10/04 00:18:29.445, 3634, 0
2026/10/04 00:18:29.709, 3634, 0
2026/10/04 00:18:29.971, 3634, 0
2026/10/04 00:18:30.234, 3640, 0
2026/10/04 00:18:30.497, 3640, 0
2026/10/04 00:18:30.761, 3640, 0
2026/10/04 00:18:31.024, 3640, 0
2026/10/04 00:18:31.288, 3641, 0
2026/10/04 00:18:31.551, 3641, 0
2026/10/04 00:18:31.813, 3641, 0
2026/10/04 00:18:32.077, 3641, 0
2026/10/04 00:18:32.339, 3643, 0
2026/10/04 00:18:32.601, 3643, 0
2026/10/04 00:18:32.864, 3643, 0
2026/10/04 00:18:33.127, 3643, 0
2026/10/04 00:18:33.390, 3644, 0
2026/10/04 00:18:33.653, 3644, 0
2026/10/04 00:18:33.919, 3646, 0
2026/10/04 00:18:34.183, 3646, 0
2026/10/04 00:18:34.448, 3648, 0
2026/10/04 00:18:34.711, 3648, 0
2026/10/04 00:18:34.973, 3649, 0
2026/10/04 00:18:35.236, 3649, 0
2026/10/04 00:18:35.501, 3653, 1
2026/10/04 00:18:35.764, 3653, 1
2026/10/04 00:18:36.029, 3653, 0
2026/10/04 00:18:36.292, 3653, 0
2026/10/04 00:18:36.556, 3653, 1
2026/10/04 00:18:36.819, 3657, 1
2026/10/04 00:18:37.083, 3646, 2
2026/10/04 00:18:37.347, 3641, 2
2026/10/04 00:18:37.611, 3642, 1
2026/10/04 00:18:37.876, 3642, 1
2026/10/04 00:18:38.138, 3642, 0
2026/10/04 00:18:38.402, 3642, 0
2026/10/04 00:18:38.664, 3643, 0
2026/10/04 00:18:38.927, 3643, 0
2026/10/04 00:18:39.190, 3646, 0
2026/10/04 00:18:39.455, 3649, 0
2026/10/04 00:18:39.717, 3646, 1
2026/10/04 00:18:39.980, 3646, 0
2026/10/04 00:18:40.244, 3649, 0
2026/10/04 00:18:40.510, 3652, 1
2026/10/04 00:18:40.773, 3649, 1
2026/10/04 00:18:41.037, 3650, 0
2026/10/04 00:18:41.300, 3650, 0
2026/10/04 00:18:41.564, 3643, 0
2026/10/04 00:18:41.827, 3634, 0
2026/10/04 00:18:42.090, 3634, 0
2026/10/04 00:18:42.354, 3634, 0
2026/10/04 00:18:42.617, 3632, 0
2026/10/04 00:18:42.881, 3620, 0
2026/10/04 00:18:43.142, 3625, 0
2026/10/04 00:18:43.407, 3629, 0
2026/10/04 00:18:43.670, 3629, 0
2026/10/04 00:18:43.932, 3629, 0
2026/10/04 00:18:44.196, 3629, 0
2026/10/04 00:18:44.458, 3629, 0
2026/10/04 00:18:44.722, 3629, 0
2026/10/04 00:18:44.985, 3653, 1
2026/10/04 00:18:45.247, 3653, 1
2026/10/04 00:18:45.511, 3646, 0
2026/10/04 00:18:45.775, 3644, 0
2026/10/04 00:18:46.038, 3641, 0
2026/10/04 00:18:46.301, 3634, 0
2026/10/04 00:18:46.563, 3634, 1
2026/10/04 00:18:46.827, 3633, 1
2026/10/04 00:18:47.090, 3633, 0
2026/10/04 00:18:47.352, 3633, 0
2026/10/04 00:18:47.615, 3633, 1
2026/10/04 00:18:47.880, 3633, 1
2026/10/04 00:18:48.143, 3633, 0
2026/10/04 00:18:48.407, 3631, 0
2026/10/04 00:18:48.669, 3636, 0
2026/10/04 00:18:48.931, 3636, 0
2026/10/04 00:18:49.194, 3636, 0
2026/10/04 00:18:49.458, 3636, 0
2026/10/04 00:18:49.722, 3636, 0
2026/10/04 00:18:49.986, 3704, 3
2026/10/04 00:18:50.251, 3712, 3
2026/10/04 00:18:50.516, 3712, 0
2026/10/04 00:18:50.780, 3740, 0
2026/10/04 00:18:51.044, 3829, 2
2026/10/04 00:18:51.308, 3926, 2
2026/10/04 00:18:51.572, 3925, 3
2026/10/04 00:18:51.837, 3944, 3
2026/10/04 00:18:52.102, 4172, 1
2026/10/04 00:18:52.367, 4482, 1
2026/10/04 00:18:52.630, 12475, 52
2026/10/04 00:18:52.896, 12433, 52
2026/10/04 00:18:53.160, 12416, 34
2026/10/04 00:18:53.424, 12416, 34
2026/10/04 00:18:53.688, 12416, 32
2026/10/04 00:18:53.952, 14963, 32
2026/10/04 00:18:54.216, 14963, 1
2026/10/04 00:18:54.481, 14963, 0
2026/10/04 00:18:54.747, 14965, 0
2026/10/04 00:18:55.010, 14961, 1
2026/10/04 00:18:55.274, 14961, 1
2026/10/04 00:18:55.537, 14961, 1
2026/10/04 00:18:55.803, 14926, 1
2026/10/04 00:18:56.068, 14926, 1
2026/10/04 00:18:56.332, 3700, 1
2026/10/04 00:18:56.595, 3697, 1
2026/10/04 00:18:56.858, 3693, 1
2026/10/04 00:18:57.122, 3690, 1
2026/10/04 00:18:57.387, 3699, 1
2026/10/04 00:18:57.651, 3706, 0
2026/10/04 00:18:57.914, 3694, 0
2026/10/04 00:18:58.179, 3688, 5
2026/10/04 00:18:58.443, 3692, 5
2026/10/04 00:18:58.706, 3687, 3
2026/10/04 00:18:58.969, 3684, 3
2026/10/04 00:18:59.232, 3680, 3
2026/10/04 00:18:59.498, 3804, 11
2026/10/04 00:18:59.762, 3806, 11
2026/10/04 00:19:00.027, 3845, 7
2026/10/04 00:19:00.290, 3863, 7
2026/10/04 00:19:00.554, 3856, 3
2026/10/04 00:19:00.818, 3857, 3
2026/10/04 00:19:01.080, 3857, 6
2026/10/04 00:19:01.344, 3857, 6
2026/10/04 00:19:01.609, 3851, 5
2026/10/04 00:19:01.872, 3839, 5
2026/10/04 00:19:02.135, 3839, 3
2026/10/04 00:19:02.399, 3839, 3
2026/10/04 00:19:02.662, 3836, 5
2026/10/04 00:19:02.927, 3836, 5
2026/10/04 00:19:03.191, 3871, 2
2026/10/04 00:19:03.457, 3866, 2
2026/10/04 00:19:03.722, 3875, 7
2026/10/04 00:19:03.986, 3859, 3
2026/10/04 00:19:04.250, 3859, 3
2026/10/04 00:19:04.516, 3873, 1
2026/10/04 00:19:04.782, 3854, 1
2026/10/04 00:19:05.047, 3868, 3
2026/10/04 00:19:05.312, 3868, 3
2026/10/04 00:19:05.576, 3868, 3
2026/10/04 00:19:05.841, 3860, 3
2026/10/04 00:19:06.104, 3860, 3
2026/10/04 00:19:06.368, 3843, 3
2026/10/04 00:19:06.633, 3832, 4
2026/10/04 00:19:06.896, 3808, 4
2026/10/04 00:19:07.158, 3809, 3
2026/10/04 00:19:07.422, 3807, 3
2026/10/04 00:19:07.687, 3795, 1
2026/10/04 00:19:07.950, 3787, 1
2026/10/04 00:19:08.214, 3787, 3
2026/10/04 00:19:08.477, 3787, 2
2026/10/04 00:19:08.742, 3786, 2
2026/10/04 00:19:09.006, 3786, 1
2026/10/04 00:19:09.269, 3785, 1
2026/10/04 00:19:09.534, 3785, 2
2026/10/04 00:19:09.798, 3771, 2
2026/10/04 00:19:10.061, 3760, 2
2026/10/04 00:19:10.323, 3730, 2
2026/10/04 00:19:10.587, 3725, 2
2026/10/04 00:19:10.851, 3728, 2
2026/10/04 00:19:11.114, 3730, 3
2026/10/04 00:19:11.378, 3730, 3
2026/10/04 00:19:11.643, 3730, 7
2026/10/04 00:19:11.907, 3732, 7
2026/10/04 00:19:12.169, 3733, 7
2026/10/04 00:19:12.433, 3733, 7
2026/10/04 00:19:12.696, 3732, 4
2026/10/04 00:19:12.959, 3723, 4
2026/10/04 00:19:13.220, 3723, 8
2026/10/04 00:19:13.486, 3723, 6
2026/10/04 00:19:13.749, 3721, 6
2026/10/04 00:19:14.012, 3721, 8
2026/10/04 00:19:14.274, 3721, 8
2026/10/04 00:19:14.537, 3721, 8
2026/10/04 00:19:14.800, 3721, 8
2026/10/04 00:19:15.063, 3721, 8
2026/10/04 00:19:15.326, 3721, 8
2026/10/04 00:19:15.588, 3721, 7
2026/10/04 00:19:15.851, 3717, 7
2026/10/04 00:19:16.115, 3717, 7
2026/10/04 00:19:16.377, 3717, 7
2026/10/04 00:19:16.639, 3717, 8
2026/10/04 00:19:16.903, 3729, 8
2026/10/04 00:19:17.167, 3742, 4
2026/10/04 00:19:17.432, 3746, 4
2026/10/04 00:19:17.696, 3748, 4
2026/10/04 00:19:17.961, 3748, 2
2026/10/04 00:19:18.224, 3748, 2
2026/10/04 00:19:18.488, 3749, 4
2026/10/04 00:19:18.752, 3737, 4
2026/10/04 00:19:19.016, 3751, 5
2026/10/04 00:19:19.279, 3747, 5
2026/10/04 00:19:19.542, 3749, 8
2026/10/04 00:19:19.805, 3749, 8
2026/10/04 00:19:20.068, 3749, 7
2026/10/04 00:19:20.331, 3749, 7
2026/10/04 00:19:20.595, 3731, 6
2026/10/04 00:19:20.860, 3772, 6
2026/10/04 00:19:21.124, 3781, 8
2026/10/04 00:19:21.389, 3782, 8
2026/10/04 00:19:21.653, 3784, 8
2026/10/04 00:19:21.916, 3784, 8
2026/10/04 00:19:22.181, 3778, 7
2026/10/04 00:19:22.446, 3778, 7
2026/10/04 00:19:22.711, 3778, 7
2026/10/04 00:19:22.974, 3776, 6
2026/10/04 00:19:23.237, 3770, 6
2026/10/04 00:19:23.502, 3775, 8
2026/10/04 00:19:23.766, 3775, 8
2026/10/04 00:19:24.029, 3775, 6
2026/10/04 00:19:24.293, 3775, 6
2026/10/04 00:19:24.556, 3775, 6
2026/10/04 00:19:24.819, 3775, 6
2026/10/04 00:19:25.084, 3780, 6
2026/10/04 00:19:25.349, 3779, 6
2026/10/04 00:19:25.612, 3779, 6
2026/10/04 00:19:25.876, 3774, 6
2026/10/04 00:19:26.142, 3753, 8
2026/10/04 00:19:26.404, 3748, 8
2026/10/04 00:19:26.669, 3738, 6
2026/10/04 00:19:26.933, 3738, 6
2026/10/04 00:19:27.197, 3730, 8
2026/10/04 00:19:27.462, 3730, 7
2026/10/04 00:19:27.726, 3730, 7
2026/10/04 00:19:27.988, 3730, 8
2026/10/04 00:19:28.253, 3745, 8
2026/10/04 00:19:28.517, 3745, 7
2026/10/04 00:19:28.779, 3745, 7
2026/10/04 00:19:29.043, 3740, 6
2026/10/04 00:19:29.306, 3748, 6
2026/10/04 00:19:29.568, 3746, 7
2026/10/04 00:19:29.832, 3743, 7
2026/10/04 00:19:30.096, 3750, 7
2026/10/04 00:19:30.359, 3741, 7
2026/10/04 00:19:30.622, 3741, 8
2026/10/04 00:19:30.887, 3741, 8
2026/10/04 00:19:31.152, 3746, 7
2026/10/04 00:19:31.414, 3746, 7
2026/10/04 00:19:31.678, 3746, 7
2026/10/04 00:19:31.943, 3746, 7
2026/10/04 00:19:32.207, 3743, 7
2026/10/04 00:19:32.469, 3741, 8
2026/10/04 00:19:32.732, 3741, 8
2026/10/04 00:19:32.995, 3739, 7
2026/10/04 00:19:33.258, 3728, 7
2026/10/04 00:19:33.522, 3728, 7
2026/10/04 00:19:33.786, 3728, 7
2026/10/04 00:19:34.049, 3734, 7
2026/10/04 00:19:34.313, 3728, 7
2026/10/04 00:19:34.577, 3728, 7
2026/10/04 00:19:34.839, 3731, 7
2026/10/04 00:19:35.102, 3731, 7
2026/10/04 00:19:35.365, 3731, 7
2026/10/04 00:19:35.629, 3731, 7
2026/10/04 00:19:35.893, 3731, 7
2026/10/04 00:19:36.157, 3713, 6
2026/10/04 00:19:36.421, 3706, 6
2026/10/04 00:19:36.684, 3731, 6
2026/10/04 00:19:36.948, 3737, 6
2026/10/04 00:19:37.212, 3935, 7
2026/10/04 00:19:37.477, 3930, 8
2026/10/04 00:19:37.741, 12354, 8
2026/10/04 00:19:38.007, 12356, 33
2026/10/04 00:19:38.271, 12355, 33
2026/10/04 00:19:38.535, 12355, 31
2026/10/04 00:19:38.800, 12355, 31
2026/10/04 00:19:39.064, 15093, 31
2026/10/04 00:19:39.329, 15109, 31
2026/10/04 00:19:39.593, 15133, 6
2026/10/04 00:19:39.858, 15129, 6
2026/10/04 00:19:40.122, 15129, 74
2026/10/04 00:19:40.387, 15131, 74
2026/10/04 00:19:40.652, 15129, 98
2026/10/04 00:19:40.917, 15129, 98
2026/10/04 00:19:41.181, 15129, 97
2026/10/04 00:19:41.446, 15130, 97
2026/10/04 00:19:41.711, 15117, 97
2026/10/04 00:19:41.976, 15113, 97
2026/10/04 00:19:42.241, 15113, 97
2026/10/04 00:19:42.505, 15115, 97
2026/10/04 00:19:42.769, 15115, 97
2026/10/04 00:19:43.033, 15112, 97
2026/10/04 00:19:43.298, 15112, 97
2026/10/04 00:19:43.562, 15114, 98
2026/10/04 00:19:43.827, 15114, 98
2026/10/04 00:19:44.091, 15114, 97
2026/10/04 00:19:44.355, 15116, 97
2026/10/04 00:19:44.621, 15116, 96
2026/10/04 00:19:44.885, 15116, 96
2026/10/04 00:19:45.151, 15116, 96
2026/10/04 00:19:45.416, 15118, 96
2026/10/04 00:19:45.681, 15118, 97
2026/10/04 00:19:45.945, 15118, 97
2026/10/04 00:19:46.210, 15118, 97
2026/10/04 00:19:46.474, 15120, 97
2026/10/04 00:19:46.739, 15120, 97
2026/10/04 00:19:47.003, 15120, 96
2026/10/04 00:19:47.268, 15120, 96
2026/10/04 00:19:47.532, 15122, 97
2026/10/04 00:19:47.797, 15122, 97
2026/10/04 00:19:48.061, 15122, 96
2026/10/04 00:19:48.325, 15122, 96
2026/10/04 00:19:48.591, 15124, 97
2026/10/04 00:19:48.854, 15124, 97
2026/10/04 00:19:49.119, 15124, 97
2026/10/04 00:19:49.384, 15124, 97
2026/10/04 00:19:49.648, 15126, 97
2026/10/04 00:19:49.912, 15126, 97
2026/10/04 00:19:50.175, 15126, 96
2026/10/04 00:19:50.439, 15126, 96
2026/10/04 00:19:50.703, 15128, 97
2026/10/04 00:19:50.967, 3726, 74
2026/10/04 00:19:51.231, 3725, 74
2026/10/04 00:19:51.496, 3725, 12
2026/10/04 00:19:51.760, 3737, 12
2026/10/04 00:19:52.025, 3755, 5
2026/10/04 00:19:52.289, 3755, 5
2026/10/04 00:19:52.552, 3768, 4
2026/10/04 00:19:52.817, 3768, 4
2026/10/04 00:19:53.081, 3775, 5
2026/10/04 00:19:53.346, 3777, 5
2026/10/04 00:19:53.611, 3763, 5
2026/10/04 00:19:53.876, 3763, 5
2026/10/04 00:19:54.140, 3767, 5
2026/10/04 00:19:54.391, 3767, 5
2026/10/04 00:19:54.656, 3767, 5
2026/10/04 00:19:54.920, 3767, 5
2026/10/04 00:19:55.185, 3767, 5
2026/10/04 00:19:55.451, 3767, 5
2026/10/04 00:19:55.716, 3767, 5
2026/10/04 00:19:55.981, 3767, 5
2026/10/04 00:19:56.247, 3765, 5
2026/10/04 00:19:56.511, 3765, 5
2026/10/04 00:19:56.776, 3765, 5
2026/10/04 00:19:57.040, 3756, 5
2026/10/04 00:19:57.305, 3757, 5
2026/10/04 00:19:57.570, 3742, 5
2026/10/04 00:19:57.834, 3742, 5
2026/10/04 00:19:58.098, 3742, 5
2026/10/04 00:19:58.363, 3742, 5
2026/10/04 00:19:58.627, 3742, 5
2026/10/04 00:19:58.891, 3742, 5
2026/10/04 00:19:59.156, 3738, 5
2026/10/04 00:19:59.420, 3738, 5
2026/10/04 00:19:59.684, 3738, 5
2026/10/04 00:19:59.949, 3738, 5
2026/10/04 00:20:00.214, 3733, 5
2026/10/04 00:20:00.478, 3733, 5
2026/10/04 00:20:00.743, 3733, 5
2026/10/04 00:20:01.007, 3732, 5
2026/10/04 00:20:01.271, 3733, 5
2026/10/04 00:20:01.537, 3733, 5
2026/10/04 00:20:01.800, 3733, 5
2026/10/04 00:20:02.064, 3731, 5
2026/10/04 00:20:02.328, 3731, 5
2026/10/04 00:20:02.593, 3731, 5
2026/10/04 00:20:02.858, 3731, 5
2026/10/04 00:20:03.123, 3728, 5
2026/10/04 00:20:03.388, 3728, 5
2026/10/04 00:20:03.653, 3739, 5
2026/10/04 00:20:03.918, 5097, 5
2026/10/04 00:20:04.182, 6994, 45
2026/10/04 00:20:04.447, 8822, 45
2026/10/04 00:20:04.713, 11430, 43
2026/10/04 00:20:04.977, 11656, 49
2026/10/04 00:20:05.242, 11656, 49
2026/10/04 00:20:05.507, 11656, 91
2026/10/04 00:20:05.772, 11650, 91
2026/10/04 00:20:06.036, 11650, 89
2026/10/04 00:20:06.301, 11650, 89
2026/10/04 00:20:06.565, 11650, 81
2026/10/04 00:20:06.829, 11639, 81
2026/10/04 00:20:07.096, 11637, 93
2026/10/04 00:20:07.360, 11637, 93
2026/10/04 00:20:07.625, 11637, 91
2026/10/04 00:20:07.889, 11651, 91
2026/10/04 00:20:08.154, 11651, 91
2026/10/04 00:20:08.419, 11651, 91
2026/10/04 00:20:08.684, 11651, 88
2026/10/04 00:20:08.935, 11650, 88
2026/10/04 00:20:09.200, 11669, 91
2026/10/04 00:20:09.466, 11669, 92
2026/10/04 00:20:09.730, 11669, 92
2026/10/04 00:20:09.995, 11671, 80
2026/10/04 00:20:10.260, 11671, 80
2026/10/04 00:20:10.525, 11671, 80
2026/10/04 00:20:10.789, 11668, 80
2026/10/04 00:20:11.055, 11668, 87
2026/10/04 00:20:11.321, 11665, 87
2026/10/04 00:20:11.585, 11665, 93
2026/10/04 00:20:11.850, 11667, 93
2026/10/04 00:20:12.115, 11667, 91
2026/10/04 00:20:12.365, 11667, 91
2026/10/04 00:20:12.629, 11667, 80
2026/10/04 00:20:12.894, 11672, 80
2026/10/04 00:20:13.158, 11670, 86
2026/10/04 00:20:13.424, 11670, 86
2026/10/04 00:20:13.688, 11670, 93
2026/10/04 00:20:13.940, 11673, 93
2026/10/04 00:20:14.206, 11660, 86
2026/10/04 00:20:14.471, 11660, 79
2026/10/04 00:20:14.737, 11660, 79
2026/10/04 00:20:15.002, 11662, 80
2026/10/04 00:20:15.267, 11669, 80
2026/10/04 00:20:15.532, 11670, 92
2026/10/04 00:20:15.797, 11670, 92
2026/10/04 00:20:16.062, 11672, 87
2026/10/04 00:20:16.327, 11672, 87
2026/10/04 00:20:16.592, 11672, 79
2026/10/04 00:20:16.856, 11672, 79
2026/10/04 00:20:17.122, 11669, 85
2026/10/04 00:20:17.387, 11669, 85
2026/10/04 00:20:17.652, 11669, 93
2026/10/04 00:20:17.916, 11669, 93
2026/10/04 00:20:18.181, 11671, 91
2026/10/04 00:20:18.445, 11671, 91
2026/10/04 00:20:18.711, 11671, 79
2026/10/04 00:20:18.964, 11673, 79
2026/10/04 00:20:19.228, 11673, 93
2026/10/04 00:20:19.495, 11673, 94
2026/10/04 00:20:19.761, 11673, 94
2026/10/04 00:20:20.026, 11671, 93
2026/10/04 00:20:20.292, 11670, 93
2026/10/04 00:20:20.557, 11669, 92
2026/10/04 00:20:20.822, 11669, 92
2026/10/04 00:20:21.086, 11653, 80
2026/10/04 00:20:21.352, 11653, 80
2026/10/04 00:20:21.604, 11653, 93
2026/10/04 00:20:21.869, 11653, 93
2026/10/04 00:20:22.134, 11655, 92
2026/10/04 00:20:22.399, 11655, 92
2026/10/04 00:20:22.652, 11649, 90
2026/10/04 00:20:22.903, 11649, 90
2026/10/04 00:20:23.168, 11651, 92
2026/10/04 00:20:23.432, 11651, 92
2026/10/04 00:20:23.698, 11651, 93
2026/10/04 00:20:23.963, 11651, 93
2026/10/04 00:20:24.228, 11653, 93
2026/10/04 00:20:24.494, 11653, 93
2026/10/04 00:20:24.760, 11653, 93
2026/10/04 00:20:25.014, 11653, 92
2026/10/04 00:20:25.278, 11655, 92
2026/10/04 00:20:25.545, 11655, 93
2026/10/04 00:20:25.810, 11655, 93
2026/10/04 00:20:26.061, 11655, 79
2026/10/04 00:20:26.325, 11657, 79
2026/10/04 00:20:26.590, 11657, 89
2026/10/04 00:20:26.855, 11657, 89
2026/10/04 00:20:27.121, 11657, 90
2026/10/04 00:20:27.385, 11659, 90
2026/10/04 00:20:27.651, 11659, 94
2026/10/04 00:20:27.916, 11659, 94
2026/10/04 00:20:28.180, 11659, 93
2026/10/04 00:20:28.447, 11661, 93
2026/10/04 00:20:28.712, 11661, 93
2026/10/04 00:20:28.978, 11661, 91
2026/10/04 00:20:29.229, 11663, 91
2026/10/04 00:20:29.480, 11663, 93
2026/10/04 00:20:29.745, 11663, 93
2026/10/04 00:20:30.010, 11663, 93
2026/10/04 00:20:30.274, 11665, 93
2026/10/04 00:20:30.539, 11665, 93
2026/10/04 00:20:30.804, 11665, 93
2026/10/04 00:20:31.069, 11665, 81
2026/10/04 00:20:31.321, 11667, 81
2026/10/04 00:20:31.585, 11667, 93
2026/10/04 00:20:31.850, 11667, 93
2026/10/04 00:20:32.114, 11667, 93
2026/10/04 00:20:32.379, 11669, 93
2026/10/04 00:20:32.644, 11669, 91
2026/10/04 00:20:32.909, 11669, 91
2026/10/04 00:20:33.176, 11669, 90
2026/10/04 00:20:33.441, 11671, 90
2026/10/04 00:20:33.706, 11671, 93
2026/10/04 00:20:33.972, 11671, 92
2026/10/04 00:20:34.236, 11671, 92
2026/10/04 00:20:34.501, 11673, 89
2026/10/04 00:20:34.765, 11673, 89
2026/10/04 00:20:35.030, 11673, 91
2026/10/04 00:20:35.295, 11673, 91
2026/10/04 00:20:35.561, 11673, 92
2026/10/04 00:20:35.827, 11673, 92
2026/10/04 00:20:36.078, 11673, 90
2026/10/04 00:20:36.342, 11673, 90
2026/10/04 00:20:36.609, 11673, 94
2026/10/04 00:20:36.873, 11645, 94
2026/10/04 00:20:37.139, 11645, 83
2026/10/04 00:20:37.404, 11645, 83
2026/10/04 00:20:37.669, 11647, 79
2026/10/04 00:20:37.933, 11647, 79
2026/10/04 00:20:38.198, 11647, 91
2026/10/04 00:20:38.463, 11657, 91
2026/10/04 00:20:38.715, 11659, 80
2026/10/04 00:20:38.981, 11659, 92
2026/10/04 00:20:39.246, 11659, 92
2026/10/04 00:20:39.497, 11887, 90
2026/10/04 00:20:39.762, 11889, 90
2026/10/04 00:20:40.028, 11889, 99
2026/10/04 00:20:40.292, 11889, 99
2026/10/04 00:20:40.543, 11891, 99
2026/10/04 00:20:40.809, 11891, 99
2026/10/04 00:20:41.075, 11888, 99
2026/10/04 00:20:41.339, 11888, 99
2026/10/04 00:20:41.605, 11890, 99
2026/10/04 00:20:41.869, 11890, 99
2026/10/04 00:20:42.134, 11890, 99
2026/10/04 00:20:42.399, 11890, 99
2026/10/04 00:20:42.663, 11892, 99
2026/10/04 00:20:42.928, 11892, 99
2026/10/04 00:20:43.193, 11892, 99
2026/10/04 00:20:43.460, 11892, 99
2026/10/04 00:20:43.713, 11894, 98
2026/10/04 00:20:43.978, 11894, 99
2026/10/04 00:20:44.243, 11894, 99
2026/10/04 00:20:44.508, 11894, 99
2026/10/04 00:20:44.773, 11896, 99
2026/10/04 00:20:45.038, 11896, 99
2026/10/04 00:20:45.290, 11896, 99
2026/10/04 00:20:45.554, 11896, 99
2026/10/04 00:20:45.820, 11898, 99
2026/10/04 00:20:46.085, 11898, 98
2026/10/04 00:20:46.351, 11898, 98
2026/10/04 00:20:46.616, 11898, 99
2026/10/04 00:20:46.880, 11901, 99
2026/10/04 00:20:47.132, 11901, 98
2026/10/04 00:20:47.383, 11901, 98
2026/10/04 00:20:47.649, 11901, 99
2026/10/04 00:20:47.915, 11903, 99
2026/10/04 00:20:48.179, 11903, 99
2026/10/04 00:20:48.445, 11903, 99
2026/10/04 00:20:48.710, 11903, 99
2026/10/04 00:20:48.962, 11905, 99
2026/10/04 00:20:49.227, 11905, 99
2026/10/04 00:20:49.493, 11905, 98
2026/10/04 00:20:49.758, 11904, 98
2026/10/04 00:20:50.022, 11906, 99
2026/10/04 00:20:50.288, 11906, 99
2026/10/04 00:20:50.554, 11906, 99
2026/10/04 00:20:50.818, 11908, 99
2026/10/04 00:20:51.083, 11908, 99
2026/10/04 00:20:51.349, 11908, 99
2026/10/04 00:20:51.614, 11908, 99
2026/10/04 00:20:51.879, 11910, 99
2026/10/04 00:20:52.144, 11910, 99
2026/10/04 00:20:52.410, 11910, 99
2026/10/04 00:20:52.663, 11910, 99
2026/10/04 00:20:52.928, 11911, 99
2026/10/04 00:20:53.193, 11911, 62
2026/10/04 00:20:53.457, 11911, 62
2026/10/04 00:20:53.708, 11911, 29
2026/10/04 00:20:53.972, 11913, 12
2026/10/04 00:20:54.237, 11913, 12
2026/10/04 00:20:54.502, 11913, 11
2026/10/04 00:20:54.766, 11913, 11
2026/10/04 00:20:55.030, 6051, 9
2026/10/04 00:20:55.296, 7811, 9
2026/10/04 00:20:55.561, 10043, 100
2026/10/04 00:20:55.825, 10043, 100
2026/10/04 00:20:56.091, 10045, 97
2026/10/04 00:20:56.356, 10049, 97
2026/10/04 00:20:56.621, 3867, 10
2026/10/04 00:20:56.887, 3867, 10
2026/10/04 00:20:57.151, 3869, 5
2026/10/04 00:20:57.416, 3869, 5
2026/10/04 00:20:57.680, 3869, 5
2026/10/04 00:20:57.943, 3869, 5
2026/10/04 00:20:58.208, 3871, 5
2026/10/04 00:20:58.473, 3871, 5
2026/10/04 00:20:58.738, 3871, 5
2026/10/04 00:20:59.002, 3873, 6
2026/10/04 00:20:59.265, 3873, 6
2026/10/04 00:20:59.529, 3886, 6
2026/10/04 00:20:59.794, 3886, 6
2026/10/04 00:21:00.058, 3913, 5
2026/10/04 00:21:00.323, 3913, 5
2026/10/04 00:21:00.589, 3913, 5
2026/10/04 00:21:00.854, 3913, 5
2026/10/04 00:21:01.119, 3912, 5
2026/10/04 00:21:01.383, 3912, 5
2026/10/04 00:21:01.649, 3912, 5
2026/10/04 00:21:01.914, 3900, 5
2026/10/04 00:21:02.179, 3898, 5
2026/10/04 00:21:02.443, 3898, 5
2026/10/04 00:21:02.707, 3898, 5
2026/10/04 00:21:02.972, 3898, 5
2026/10/04 00:21:03.235, 3898, 5
2026/10/04 00:21:03.499, 3898, 5
2026/10/04 00:21:03.764, 3898, 5
2026/10/04 00:21:04.029, 3898, 5
2026/10/04 00:21:04.294, 3898, 5
2026/10/04 00:21:04.558, 3898, 5
2026/10/04 00:21:04.823, 3898, 5
2026/10/04 00:21:05.087, 3875, 5
2026/10/04 00:21:05.353, 3855, 5
2026/10/04 00:21:05.617, 3855, 5
2026/10/04 00:21:05.881, 3855, 5
2026/10/04 00:21:06.147, 3836, 5
2026/10/04 00:21:06.411, 3798, 5
2026/10/04 00:21:06.675, 3798, 5
2026/10/04 00:21:06.939, 3798, 5
2026/10/04 00:21:07.204, 3798, 5
2026/10/04 00:21:07.468, 3798, 5
2026/10/04 00:21:07.733, 3798, 5
2026/10/04 00:21:07.997, 3798, 5
2026/10/04 00:21:08.263, 3797, 5
2026/10/04 00:21:08.527, 3797, 5
2026/10/04 00:21:08.792, 3797, 5
2026/10/04 00:21:09.057, 3797, 5
2026/10/04 00:21:09.322, 3797, 5
2026/10/04 00:21:09.586, 3797, 5
2026/10/04 00:21:09.851, 3797, 5
2026/10/04 00:21:10.116, 3797, 5
2026/10/04 00:21:10.381, 3796, 5
2026/10/04 00:21:10.646, 3796, 5
2026/10/04 00:21:10.911, 3796, 5
2026/10/04 00:21:11.177, 3796, 5
2026/10/04 00:21:11.443, 3796, 5
2026/10/04 00:21:11.707, 3796, 5
2026/10/04 00:21:11.972, 3796, 5
2026/10/04 00:21:12.237, 3796, 5
2026/10/04 00:21:12.503, 3796, 5
2026/10/04 00:21:12.767, 3796, 5
2026/10/04 00:21:13.033, 3796, 5
2026/10/04 00:21:13.297, 3796, 5
2026/10/04 00:21:13.548, 3796, 5
2026/10/04 00:21:13.799, 3796, 5
2026/10/04 00:21:14.065, 3796, 5
2026/10/04 00:21:14.330, 3796, 5
2026/10/04 00:21:14.594, 3796, 5
2026/10/04 00:21:14.858, 3796, 5
2026/10/04 00:21:15.123, 3796, 5
2026/10/04 00:21:15.387, 3796, 5
2026/10/04 00:21:15.651, 3796, 5
2026/10/04 00:21:15.916, 3796, 5
2026/10/04 00:21:16.181, 3796, 5
2026/10/04 00:21:16.446, 3796, 5
2026/10/04 00:21:16.711, 3799, 5
2026/10/04 00:21:16.975, 3806, 5
2026/10/04 00:21:17.240, 3806, 5
2026/10/04 00:21:17.504, 3814, 5
2026/10/04 00:21:17.769, 3814, 5
2026/10/04 00:21:18.033, 3814, 6
2026/10/04 00:21:18.298, 3814, 6
2026/10/04 00:21:18.564, 3814, 5
2026/10/04 00:21:18.829, 3814, 5
2026/10/04 00:21:19.093, 3809, 5
2026/10/04 00:21:19.358, 3809, 5
2026/10/04 00:21:19.622, 3809, 5
2026/10/04 00:21:19.886, 3809, 5
2026/10/04 00:21:20.151, 3808, 5
2026/10/04 00:21:20.416, 3808, 5
2026/10/04 00:21:20.681, 3808, 5
2026/10/04 00:21:20.945, 3808, 5
2026/10/04 00:21:21.210, 3804, 5
2026/10/04 00:21:21.474, 3804, 5
2026/10/04 00:21:21.739, 3804, 5
2026/10/04 00:21:22.003, 3804, 5
2026/10/04 00:21:22.269, 3804, 5
2026/10/04 00:21:22.534, 3804, 5
2026/10/04 00:21:22.799, 3803, 5
2026/10/04 00:21:23.063, 3799, 5
2026/10/04 00:21:23.327, 3795, 5
2026/10/04 00:21:23.593, 3795, 5
2026/10/04 00:21:23.858, 3795, 5
2026/10/04 00:21:24.123, 3795, 5
2026/10/04 00:21:24.387, 3795, 5
2026/10/04 00:21:24.652, 3795, 5
2026/10/04 00:21:24.917, 3822, 5
2026/10/04 00:21:25.181, 3822, 6
2026/10/04 00:21:25.447, 3822, 6
2026/10/04 00:21:25.713, 3822, 5
2026/10/04 00:21:25.978, 3822, 5
2026/10/04 00:21:26.242, 3822, 5
2026/10/04 00:21:26.508, 3822, 5
2026/10/04 00:21:26.772, 3822, 5
2026/10/04 00:21:27.036, 3813, 5
2026/10/04 00:21:27.301, 3813, 5
2026/10/04 00:21:27.565, 3813, 5
2026/10/04 00:21:27.829, 3813, 5
2026/10/04 00:21:28.094, 3813, 5
2026/10/04 00:21:28.358, 3813, 5
2026/10/04 00:21:28.623, 3813, 5
2026/10/04 00:21:28.888, 3813, 5
2026/10/04 00:21:29.152, 3813, 5
2026/10/04 00:21:29.417, 3813, 5
2026/10/04 00:21:29.683, 3813, 5
2026/10/04 00:21:29.948, 3796, 5
2026/10/04 00:21:30.212, 3796, 5
2026/10/04 00:21:30.477, 3796, 5
2026/10/04 00:21:30.741, 3796, 5
2026/10/04 00:21:31.006, 3796, 5
2026/10/04 00:21:31.272, 3796, 5
2026/10/04 00:21:31.537, 3796, 5
2026/10/04 00:21:31.801, 3796, 5
2026/10/04 00:21:32.066, 3796, 5
2026/10/04 00:21:32.330, 3796, 5
2026/10/04 00:21:32.594, 3796, 5
2026/10/04 00:21:32.859, 3796, 5
2026/10/04 00:21:33.123, 3796, 5
2026/10/04 00:21:33.387, 3796, 5
2026/10/04 00:21:33.639, 3796, 5
2026/10/04 00:21:33.904, 3796, 5
2026/10/04 00:21:34.170, 3796, 5
2026/10/04 00:21:34.434, 3796, 5
2026/10/04 00:21:34.699, 3796, 5
2026/10/04 00:21:34.963, 3796, 5
2026/10/04 00:21:35.227, 3796, 5
2026/10/04 00:21:35.479, 3796, 5
2026/10/04 00:21:35.745, 3796, 5
2026/10/04 00:21:36.009, 3794, 5
2026/10/04 00:21:36.273, 3758, 5
2026/10/04 00:21:36.538, 3758, 5
2026/10/04 00:21:36.802, 3758, 5
2026/10/04 00:21:37.066, 3758, 5
2026/10/04 00:21:37.331, 3758, 5
2026/10/04 00:21:37.595, 3758, 5
2026/10/04 00:21:37.860, 3758, 5
2026/10/04 00:21:38.126, 3758, 5
2026/10/04 00:21:38.391, 3758, 5
2026/10/04 00:21:38.656, 3758, 5
2026/10/04 00:21:38.921, 3758, 5
2026/10/04 00:21:39.184, 3757, 5
2026/10/04 00:21:39.449, 3757, 5
2026/10/04 00:21:39.714, 3757, 5
2026/10/04 00:21:39.977, 3757, 5
2026/10/04 00:21:40.242, 3757, 5
2026/10/04 00:21:40.507, 3757, 5
2026/10/04 00:21:40.772, 3757, 5
2026/10/04 00:21:41.036, 3757, 5
2026/10/04 00:21:41.301, 3757, 5
2026/10/04 00:21:41.564, 3757, 5
2026/10/04 00:21:41.828, 3757, 5
2026/10/04 00:21:42.093, 3757, 5
2026/10/04 00:21:42.358, 3757, 5
2026/10/04 00:21:42.622, 3757, 5
2026/10/04 00:21:42.886, 3757, 5
2026/10/04 00:21:43.151, 3757, 5
2026/10/04 00:21:43.416, 3757, 5
2026/10/04 00:21:43.681, 3757, 5
2026/10/04 00:21:43.946, 3757, 5
2026/10/04 00:21:44.210, 3757, 5
2026/10/04 00:21:44.476, 3757, 5
2026/10/04 00:21:44.740, 3757, 5
2026/10/04 00:21:44.991, 3757, 5
2026/10/04 00:21:45.256, 3757, 5
2026/10/04 00:21:45.521, 3757, 5
2026/10/04 00:21:45.786, 3757, 5
2026/10/04 00:21:46.052, 3757, 5
2026/10/04 00:21:46.316, 3757, 5
2026/10/04 00:21:46.580, 3757, 5
2026/10/04 00:21:46.845, 3757, 5
2026/10/04 00:21:47.110, 3757, 5
2026/10/04 00:21:47.375, 3757, 5
2026/10/04 00:21:47.641, 3757, 5
2026/10/04 00:21:47.905, 3757, 5
2026/10/04 00:21:48.169, 3757, 5
2026/10/04 00:21:48.434, 3757, 5
2026/10/04 00:21:48.698, 3757, 5
2026/10/04 00:21:48.962, 3757, 5
2026/10/04 00:21:49.227, 3757, 5
2026/10/04 00:21:49.493, 3757, 5
2026/10/04 00:21:49.758, 3757, 5
2026/10/04 00:21:50.022, 3757, 5
2026/10/04 00:21:50.287, 3757, 5
2026/10/04 00:21:50.552, 3757, 5
2026/10/04 00:21:50.817, 3757, 5
2026/10/04 00:21:51.081, 3757, 5
2026/10/04 00:21:51.346, 3757, 5
2026/10/04 00:21:51.610, 3757, 5
2026/10/04 00:21:51.876, 3757, 5
2026/10/04 00:21:52.140, 3757, 5
2026/10/04 00:21:52.405, 3760, 5
2026/10/04 00:21:52.670, 3760, 5
2026/10/04 00:21:52.935, 3761, 5
2026/10/04 00:21:53.199, 3761, 5
2026/10/04 00:21:53.464, 3761, 5
2026/10/04 00:21:53.728, 3761, 5
2026/10/04 00:21:53.994, 3761, 5
2026/10/04 00:21:54.258, 3761, 5
2026/10/04 00:21:54.522, 3761, 5
2026/10/04 00:21:54.785, 3761, 5
2026/10/04 00:21:55.050, 3761, 5
2026/10/04 00:21:55.315, 3759, 5
2026/10/04 00:21:55.580, 3759, 5
2026/10/04 00:21:55.845, 3759, 5
2026/10/04 00:21:56.108, 3759, 5
2026/10/04 00:21:56.373, 3759, 5
2026/10/04 00:21:56.636, 3759, 5
2026/10/04 00:21:56.900, 3759, 5
2026/10/04 00:21:57.166, 3759, 5
2026/10/04 00:21:57.430, 3759, 5
2026/10/04 00:21:57.695, 3759, 5
2026/10/04 00:21:57.960, 3759, 5
2026/10/04 00:21:58.226, 3759, 5
2026/10/04 00:21:58.490, 3759, 5
2026/10/04 00:21:58.755, 3759, 5
2026/10/04 00:21:59.019, 3759, 5
2026/10/04 00:21:59.284, 3759, 5
2026/10/04 00:21:59.548, 3759, 5
2026/10/04 00:21:59.812, 3759, 5
2026/10/04 00:22:00.078, 3759, 5
2026/10/04 00:22:00.342, 3759, 5
2026/10/04 00:22:00.607, 3759, 5
2026/10/04 00:22:00.872, 3759, 5
2026/10/04 00:22:01.136, 3759, 5
2026/10/04 00:22:01.400, 3759, 5
2026/10/04 00:22:01.666, 3759, 5
2026/10/04 00:22:01.930, 3759, 5
2026/10/04 00:22:02.196, 3759, 5
2026/10/04 00:22:02.459, 3759, 5
2026/10/04 00:22:02.724, 3759, 5
2026/10/04 00:22:02.988, 3759, 5
2026/10/04 00:22:03.252, 3759, 5
2026/10/04 00:22:03.518, 3759, 5
2026/10/04 00:22:03.783, 3759, 5
2026/10/04 00:22:04.048, 3759, 5
2026/10/04 00:22:04.313, 3759, 5
2026/10/04 00:22:04.578, 3758, 5
2026/10/04 00:22:04.844, 3758, 5
2026/10/04 00:22:05.108, 3758, 5
2026/10/04 00:22:05.374, 3758, 5
2026/10/04 00:22:05.639, 3758, 5
2026/10/04 00:22:05.904, 3758, 5
2026/10/04 00:22:06.169, 3758, 5
2026/10/04 00:22:06.433, 3758, 5
2026/10/04 00:22:06.698, 3758, 5
2026/10/04 00:22:06.962, 3758, 5
2026/10/04 00:22:07.228, 3758, 5
2026/10/04 00:22:07.494, 3758, 5
2026/10/04 00:22:07.758, 3758, 5
2026/10/04 00:22:08.023, 3758, 5
2026/10/04 00:22:08.287, 3758, 5
2026/10/04 00:22:08.551, 3758, 5
2026/10/04 00:22:08.816, 3758, 5
2026/10/04 00:22:09.082, 3758, 5
2026/10/04 00:22:09.346, 3758, 5
2026/10/04 00:22:09.611, 3758, 5
2026/10/04 00:22:09.875, 3758, 5
2026/10/04 00:22:10.140, 3758, 5
2026/10/04 00:22:10.404, 3758, 5
2026/10/04 00:22:10.670, 3758, 5
2026/10/04 00:22:10.934, 3758, 5
2026/10/04 00:22:11.199, 3758, 5
2026/10/04 00:22:11.464, 3758, 5
2026/10/04 00:22:11.730, 3758, 5
2026/10/04 00:22:11.994, 3758, 5
2026/10/04 00:22:12.258, 3758, 5
2026/10/04 00:22:12.523, 3758, 5
2026/10/04 00:22:12.788, 3758, 5
2026/10/04 00:22:13.053, 3758, 5
2026/10/04 00:22:13.318, 3758, 5
2026/10/04 00:22:13.584, 3758, 5
2026/10/04 00:22:13.850, 3758, 5
2026/10/04 00:22:14.114, 3758, 5
2026/10/04 00:22:14.378, 3758, 5
2026/10/04 00:22:14.644, 3758, 5
2026/10/04 00:22:14.910, 3758, 5
2026/10/04 00:22:15.174, 3758, 5
2026/10/04 00:22:15.438, 3758, 5
2026/10/04 00:22:15.704, 3758, 5
2026/10/04 00:22:15.970, 3758, 5
2026/10/04 00:22:16.234, 3758, 5
2026/10/04 00:22:16.498, 3758, 5
2026/10/04 00:22:16.763, 3758, 5
2026/10/04 00:22:17.029, 3758, 5
2026/10/04 00:22:17.293, 3762, 5
2026/10/04 00:22:17.558, 3762, 5
2026/10/04 00:22:17.823, 3763, 5
2026/10/04 00:22:18.087, 3763, 5
2026/10/04 00:22:18.351, 3782, 5
2026/10/04 00:22:18.615, 3784, 5
2026/10/04 00:22:18.880, 3784, 5
2026/10/04 00:22:19.144, 3784, 6
2026/10/04 00:22:19.408, 3784, 6
2026/10/04 00:22:19.674, 3791, 5
2026/10/04 00:22:19.939, 3791, 5
2026/10/04 00:22:20.203, 3793, 6
2026/10/04 00:22:20.467, 3793, 6
2026/10/04 00:22:20.732, 3793, 5
2026/10/04 00:22:20.997, 3793, 6
2026/10/04 00:22:21.261, 3793, 6
2026/10/04 00:22:21.525, 3793, 5
2026/10/04 00:22:21.791, 3793, 5
2026/10/04 00:22:22.055, 3793, 5
2026/10/04 00:22:22.319, 3793, 5
2026/10/04 00:22:22.584, 3793, 6
2026/10/04 00:22:22.849, 3796, 6
2026/10/04 00:22:23.114, 3791, 5
2026/10/04 00:22:23.378, 3791, 5
2026/10/04 00:22:23.643, 3792, 6
2026/10/04 00:22:23.907, 3792, 6
2026/10/04 00:22:24.171, 3790, 5
2026/10/04 00:22:24.435, 3790, 5
2026/10/04 00:22:24.701, 3791, 5
2026/10/04 00:22:24.965, 3791, 5
2026/10/04 00:22:25.230, 3791, 5
2026/10/04 00:22:25.494, 3790, 5
2026/10/04 00:22:25.760, 3785, 5
2026/10/04 00:22:26.025, 3786, 6
2026/10/04 00:22:26.289, 3803, 6
2026/10/04 00:22:26.554, 3840, 13
2026/10/04 00:22:26.818, 3834, 13
2026/10/04 00:22:27.082, 3834, 8
2026/10/04 00:22:27.346, 3834, 8
2026/10/04 00:22:27.610, 3834, 6
2026/10/04 00:22:27.874, 3833, 6
2026/10/04 00:22:28.138, 3831, 6
2026/10/04 00:22:28.402, 3831, 6
2026/10/04 00:22:28.664, 3831, 8
2026/10/04 00:22:28.927, 3831, 8
2026/10/04 00:22:29.191, 3824, 8
2026/10/04 00:22:29.453, 3824, 8
2026/10/04 00:22:29.716, 3824, 7
2026/10/04 00:22:29.980, 3824, 7
2026/10/04 00:22:30.242, 3824, 7
2026/10/04 00:22:30.505, 3824, 7
2026/10/04 00:22:30.768, 3824, 7
2026/10/04 00:22:31.032, 3824, 7
2026/10/04 00:22:31.295, 3819, 7
2026/10/04 00:22:31.558, 3793, 7
2026/10/04 00:22:31.820, 3774, 7
2026/10/04 00:22:32.084, 3774, 7
2026/10/04 00:22:32.347, 3766, 7
2026/10/04 00:22:32.611, 3766, 7
2026/10/04 00:22:32.873, 3762, 7
2026/10/04 00:22:33.135, 3762, 7
2026/10/04 00:22:33.399, 3762, 7
2026/10/04 00:22:33.662, 3762, 7
2026/10/04 00:22:33.927, 3762, 7
2026/10/04 00:22:34.189, 3762, 7
2026/10/04 00:22:34.452, 3762, 7
2026/10/04 00:22:34.714, 3762, 7
2026/10/04 00:22:34.977, 3762, 7
2026/10/04 00:22:35.240, 3762, 7
2026/10/04 00:22:35.503, 3776, 7
2026/10/04 00:22:35.765, 3776, 7
2026/10/04 00:22:36.028, 3776, 6
2026/10/04 00:22:36.289, 3776, 6
2026/10/04 00:22:36.553, 3776, 7
2026/10/04 00:22:36.816, 3776, 7
2026/10/04 00:22:37.079, 3776, 6
2026/10/04 00:22:37.340, 3776, 6
2026/10/04 00:22:37.603, 3765, 7
2026/10/04 00:22:37.865, 3765, 7
2026/10/04 00:22:38.128, 3765, 7
2026/10/04 00:22:38.391, 3765, 7
2026/10/04 00:22:38.654, 3765, 6
2026/10/04 00:22:38.918, 3765, 6
2026/10/04 00:22:39.182, 3765, 7
2026/10/04 00:22:39.447, 3765, 7
2026/10/04 00:22:39.710, 3765, 7
2026/10/04 00:22:39.974, 3765, 7
2026/10/04 00:22:40.236, 3765, 7
2026/10/04 00:22:40.501, 3763, 7
2026/10/04 00:22:40.764, 3760, 7
2026/10/04 00:22:41.026, 3783, 9
2026/10/04 00:22:41.289, 3784, 9
2026/10/04 00:22:41.552, 3801, 9
2026/10/04 00:22:41.815, 3802, 9
2026/10/04 00:22:42.080, 3802, 1
2026/10/04 00:22:42.342, 3802, 1
2026/10/04 00:22:42.605, 3802, 0
2026/10/04 00:22:42.867, 3802, 0
2026/10/04 00:22:43.129, 3797, 5
2026/10/04 00:22:43.393, 3797, 5
2026/10/04 00:22:43.655, 3792, 0
2026/10/04 00:22:43.918, 3792, 0
2026/10/04 00:22:44.180, 3792, 6
2026/10/04 00:22:44.443, 3792, 6
2026/10/04 00:22:44.706, 3792, 0
2026/10/04 00:22:44.969, 3792, 0
2026/10/04 00:22:45.231, 3792, 1
2026/10/04 00:22:45.494, 3781, 7
2026/10/04 00:22:45.757, 3779, 7
2026/10/04 00:22:46.019, 3779, 0
2026/10/04 00:22:46.282, 3780, 0
2026/10/04 00:22:46.545, 3780, 7
2026/10/04 00:22:46.810, 3780, 7
2026/10/04 00:22:47.072, 3780, 1
2026/10/04 00:22:47.335, 3780, 1
2026/10/04 00:22:47.598, 3775, 1
2026/10/04 00:22:47.862, 3799, 1
2026/10/04 00:22:48.127, 3799, 7
2026/10/04 00:22:48.389, 3799, 7
2026/10/04 00:22:48.651, 3799, 0
2026/10/04 00:22:48.914, 3795, 0
2026/10/04 00:22:49.177, 3795, 0
2026/10/04 00:22:49.441, 3795, 0
2026/10/04 00:22:49.704, 3794, 1
2026/10/04 00:22:49.966, 3795, 1
2026/10/04 00:22:50.230, 3794, 1
2026/10/04 00:22:50.493, 3794, 1
2026/10/04 00:22:50.756, 3794, 1
2026/10/04 00:22:51.018, 3794, 0
2026/10/04 00:22:51.283, 3794, 0
2026/10/04 00:22:51.545, 3794, 0
2026/10/04 00:22:51.809, 3794, 0
2026/10/04 00:22:52.071, 3794, 0
2026/10/04 00:22:52.334, 3814, 0
2026/10/04 00:22:52.597, 3814, 2
2026/10/04 00:22:52.860, 3815, 2
2026/10/04 00:22:53.124, 3819, 8
2026/10/04 00:22:53.387, 3819, 8
2026/10/04 00:22:53.650, 3819, 0
2026/10/04 00:22:53.912, 3830, 0
2026/10/04 00:22:54.176, 3831, 1
2026/10/04 00:22:54.440, 3831, 1
2026/10/04 00:22:54.702, 3831, 0
2026/10/04 00:22:54.966, 3831, 0
2026/10/04 00:22:55.230, 3830, 0
2026/10/04 00:22:55.493, 3830, 1
2026/10/04 00:22:55.756, 3829, 1
2026/10/04 00:22:56.019, 3829, 0
2026/10/04 00:22:56.283, 3829, 0
2026/10/04 00:22:56.545, 3829, 1
2026/10/04 00:22:56.807, 3829, 1
2026/10/04 00:22:57.070, 3829, 0
2026/10/04 00:22:57.332, 3826, 0
2026/10/04 00:22:57.596, 3826, 0
2026/10/04 00:22:57.858, 3826, 0
2026/10/04 00:22:58.120, 3825, 0
2026/10/04 00:22:58.384, 3821, 0
2026/10/04 00:22:58.647, 3821, 0
2026/10/04 00:22:58.912, 3821, 0
2026/10/04 00:22:59.174, 3803, 1
2026/10/04 00:22:59.437, 3803, 1
2026/10/04 00:22:59.702, 3803, 0
2026/10/04 00:22:59.964, 3803, 0
2026/10/04 00:23:00.228, 3803, 0
2026/10/04 00:23:00.491, 3803, 0
2026/10/04 00:23:00.753, 3803, 0
2026/10/04 00:23:01.016, 3803, 0
2026/10/04 00:23:01.279, 3799, 0
2026/10/04 00:23:01.542, 3799, 1
2026/10/04 00:23:01.807, 3799, 1
2026/10/04 00:23:02.069, 3799, 0
2026/10/04 00:23:02.333, 3799, 0
2026/10/04 00:23:02.597, 3799, 1
2026/10/04 00:23:02.860, 3799, 1
2026/10/04 00:23:03.122, 3799, 0
2026/10/04 00:23:03.384, 3799, 0
2026/10/04 00:23:03.647, 3799, 0
2026/10/04 00:23:03.910, 3799, 0
2026/10/04 00:23:04.172, 3799, 0
2026/10/04 00:23:04.435, 3799, 0
2026/10/04 00:23:04.698, 3799, 0
2026/10/04 00:23:04.961, 3798, 0
2026/10/04 00:23:05.224, 3798, 1
2026/10/04 00:23:05.489, 3798, 0
2026/10/04 00:23:05.751, 3809, 0
2026/10/04 00:23:06.014, 3809, 0
2026/10/04 00:23:06.278, 3809, 0
2026/10/04 00:23:06.542, 3809, 0
2026/10/04 00:23:06.805, 3809, 0
2026/10/04 00:23:07.067, 3809, 0
2026/10/04 00:23:07.330, 3809, 0
2026/10/04 00:23:07.594, 3805, 0
2026/10/04 00:23:07.857, 3805, 0
2026/10/04 00:23:08.120, 3805, 0
2026/10/04 00:23:08.382, 3805, 0
2026/10/04 00:23:08.645, 3801, 1
2026/10/04 00:23:08.907, 3805, 1
2026/10/04 00:23:09.169, 3805, 0
2026/10/04 00:23:09.432, 3805, 0
2026/10/04 00:23:09.695, 3805, 0
2026/10/04 00:23:09.959, 3805, 0
2026/10/04 00:23:10.222, 3805, 0
2026/10/04 00:23:10.485, 3805, 1
2026/10/04 00:23:10.748, 3803, 1
2026/10/04 00:23:11.011, 3803, 0
2026/10/04 00:23:11.274, 3803, 0
2026/10/04 00:23:11.538, 3803, 0
2026/10/04 00:23:11.799, 3809, 0
2026/10/04 00:23:12.062, 3809, 0
2026/10/04 00:23:12.325, 3809, 0
2026/10/04 00:23:12.589, 3809, 0
2026/10/04 00:23:12.853, 3809, 0
2026/10/04 00:23:13.115, 3809, 1
2026/10/04 00:23:13.378, 3809, 1
2026/10/04 00:23:13.641, 3809, 7
2026/10/04 00:23:13.904, 3809, 7
2026/10/04 00:23:14.168, 3806, 8
2026/10/04 00:23:14.433, 3806, 8
2026/10/04 00:23:14.696, 3806, 1
2026/10/04 00:23:14.960, 3806, 1
2026/10/04 00:23:15.221, 3806, 1
2026/10/04 00:23:15.483, 3806, 0
2026/10/04 00:23:15.746, 3805, 0
2026/10/04 00:23:16.008, 3805, 0
2026/10/04 00:23:16.270, 3805, 0
2026/10/04 00:23:16.533, 3805, 1
2026/10/04 00:23:16.797, 3805, 1
2026/10/04 00:23:17.059, 3805, 0
2026/10/04 00:23:17.322, 3805, 0
2026/10/04 00:23:17.586, 3805, 1
2026/10/04 00:23:17.848, 3801, 1
2026/10/04 00:23:18.112, 3801, 1
2026/10/04 00:23:18.374, 3801, 1
2026/10/04 00:23:18.637, 3801, 0
2026/10/04 00:23:18.899, 3801, 0
2026/10/04 00:23:19.163, 3801, 0
2026/10/04 00:23:19.425, 3801, 0
2026/10/04 00:23:19.687, 3801, 0
2026/10/04 00:23:19.951, 3801, 0
2026/10/04 00:23:20.214, 3801, 1
2026/10/04 00:23:20.477, 3801, 1
2026/10/04 00:23:20.740, 3800, 0
2026/10/04 00:23:21.002, 3800, 0
2026/10/04 00:23:21.266, 3800, 0
2026/10/04 00:23:21.530, 3800, 1
2026/10/04 00:23:21.793, 3800, 1
2026/10/04 00:23:22.056, 3800, 0
2026/10/04 00:23:22.320, 3800, 0
2026/10/04 00:23:22.582, 3800, 1
2026/10/04 00:23:22.846, 3800, 1
2026/10/04 00:23:23.109, 3800, 0
2026/10/04 00:23:23.371, 3800, 0
2026/10/04 00:23:23.637, 3800, 1
2026/10/04 00:23:23.899, 3800, 1
2026/10/04 00:23:24.162, 3800, 0
2026/10/04 00:23:24.423, 3824, 0
2026/10/04 00:23:24.685, 3824, 0
2026/10/04 00:23:24.948, 3824, 0
2026/10/04 00:23:25.211, 3824, 0
2026/10/04 00:23:25.473, 3824, 0
2026/10/04 00:23:25.736, 3822, 1
2026/10/04 00:23:25.998, 3822, 1
2026/10/04 00:23:26.260, 3822, 1
2026/10/04 00:23:26.522, 3822, 0
2026/10/04 00:23:26.787, 3817, 0
2026/10/04 00:23:27.050, 3817, 1
2026/10/04 00:23:27.313, 3825, 1
2026/10/04 00:23:27.575, 3825, 1
2026/10/04 00:23:27.839, 3833, 1
2026/10/04 00:23:28.103, 3836, 1
2026/10/04 00:23:28.366, 3838, 1
2026/10/04 00:23:28.628, 3838, 1
2026/10/04 00:23:28.891, 3837, 1
2026/10/04 00:23:29.153, 3837, 0
2026/10/04 00:23:29.417, 3837, 0
2026/10/04 00:23:29.680, 3843, 7
2026/10/04 00:23:29.943, 3842, 7
2026/10/04 00:23:30.206, 3842, 1
2026/10/04 00:23:30.469, 3856, 1
2026/10/04 00:23:30.732, 3854, 0
2026/10/04 00:23:30.995, 3859, 2
2026/10/04 00:23:31.258, 3855, 2
2026/10/04 00:23:31.521, 3855, 1
2026/10/04 00:23:31.783, 3850, 1
2026/10/04 00:23:32.046, 3851, 2
2026/10/04 00:23:32.307, 3829, 2
2026/10/04 00:23:32.569, 3829, 2
2026/10/04 00:23:32.832, 3826, 2
2026/10/04 00:23:33.095, 3826, 1
2026/10/04 00:23:33.357, 3826, 1
2026/10/04 00:23:33.620, 3850, 0
2026/10/04 00:23:33.885, 3863, 0
2026/10/04 00:23:34.149, 3871, 5
2026/10/04 00:23:34.413, 3891, 5
2026/10/04 00:23:34.677, 3894, 5
2026/10/04 00:23:34.941, 3895, 5
2026/10/04 00:23:35.205, 3895, 2
2026/10/04 00:23:35.468, 3896, 2
2026/10/04 00:23:35.732, 3892, 2
2026/10/04 00:23:35.995, 3892, 0
2026/10/04 00:23:36.258, 3892, 0
2026/10/04 00:23:36.521, 3892, 0
2026/10/04 00:23:36.785, 3899, 0
2026/10/04 00:23:37.049, 3892, 0
2026/10/04 00:23:37.311, 3890, 0
2026/10/04 00:23:37.575, 3890, 2
2026/10/04 00:23:37.839, 3890, 2
2026/10/04 00:23:38.101, 3891, 2
2026/10/04 00:23:38.365, 3887, 2
2026/10/04 00:23:38.628, 3883, 3
2026/10/04 00:23:38.891, 3880, 3
2026/10/04 00:23:39.154, 3884, 2
2026/10/04 00:23:39.418, 3871, 2
2026/10/04 00:23:39.682, 3881, 5
2026/10/04 00:23:39.945, 3880, 5
2026/10/04 00:23:40.209, 3881, 8
2026/10/04 00:23:40.472, 3882, 8
2026/10/04 00:23:40.735, 3882, 1
2026/10/04 00:23:40.999, 3881, 1
2026/10/04 00:23:41.263, 3881, 1
2026/10/04 00:23:41.527, 3881, 1
2026/10/04 00:23:41.791, 3866, 1
2026/10/04 00:23:42.056, 3866, 0
2026/10/04 00:23:42.319, 3866, 0
2026/10/04 00:23:42.585, 3865, 1
2026/10/04 00:23:42.849, 3865, 1
2026/10/04 00:23:43.113, 3865, 0
2026/10/04 00:23:43.377, 3865, 0
2026/10/04 00:23:43.641, 3865, 1
2026/10/04 00:23:43.905, 3865, 1
2026/10/04 00:23:44.169, 3865, 1
2026/10/04 00:23:44.433, 3862, 1
2026/10/04 00:23:44.698, 3862, 0
2026/10/04 00:23:44.963, 3862, 0
2026/10/04 00:23:45.227, 3855, 1
2026/10/04 00:23:45.492, 3844, 1
2026/10/04 00:23:45.757, 3857, 1
2026/10/04 00:23:46.021, 3855, 0
2026/10/04 00:23:46.285, 3855, 0
2026/10/04 00:23:46.548, 3855, 0
2026/10/04 00:23:46.813, 3856, 0
2026/10/04 00:23:47.077, 3875, 6
2026/10/04 00:23:47.341, 3893, 6
2026/10/04 00:23:47.606, 3898, 7
2026/10/04 00:23:47.870, 3900, 7
2026/10/04 00:23:48.135, 3901, 9
2026/10/04 00:23:48.399, 3901, 9
2026/10/04 00:23:48.662, 3901, 1
2026/10/04 00:23:48.926, 3897, 1
2026/10/04 00:23:49.190, 3897, 1
2026/10/04 00:23:49.454, 3897, 1
2026/10/04 00:23:49.718, 3897, 1
2026/10/04 00:23:49.982, 3897, 1
2026/10/04 00:23:50.246, 3897, 1
2026/10/04 00:23:50.510, 3897, 2
2026/10/04 00:23:50.775, 3894, 2
2026/10/04 00:23:51.039, 3894, 1
2026/10/04 00:23:51.303, 3894, 1
2026/10/04 00:23:51.567, 3885, 2
2026/10/04 00:23:51.831, 3888, 2
2026/10/04 00:23:52.096, 3881, 7
2026/10/04 00:23:52.360, 3876, 7
2026/10/04 00:23:52.624, 3876, 7
2026/10/04 00:23:52.889, 3876, 7
2026/10/04 00:23:53.152, 3873, 6
2026/10/04 00:23:53.416, 3866, 6
2026/10/04 00:23:53.679, 3866, 6
2026/10/04 00:23:53.944, 3866, 6
2026/10/04 00:23:54.209, 3849, 6
2026/10/04 00:23:54.474, 3848, 6
2026/10/04 00:23:54.738, 3848, 6
2026/10/04 00:23:55.002, 3848, 6
2026/10/04 00:23:55.265, 3841, 6
2026/10/04 00:23:55.530, 3841, 7
2026/10/04 00:23:55.795, 3847, 7
2026/10/04 00:23:56.059, 3846, 6
2026/10/04 00:23:56.323, 3846, 6
2026/10/04 00:23:56.587, 3846, 6
2026/10/04 00:23:56.852, 3846, 6
2026/10/04 00:23:57.117, 5412, 7
2026/10/04 00:23:57.380, 5412, 7
2026/10/04 00:23:57.644, 5414, 13
2026/10/04 00:23:57.908, 5714, 13
2026/10/04 00:23:58.173, 6199, 13
2026/10/04 00:23:58.437, 6624, 13
2026/10/04 00:23:58.700, 7102, 16
2026/10/04 00:23:58.964, 7538, 16
2026/10/04 00:23:59.228, 7946, 17
2026/10/04 00:23:59.493, 8448, 17
2026/10/04 00:23:59.757, 8886, 17
2026/10/04 00:24:00.021, 9382, 16
2026/10/04 00:24:00.285, 9770, 16
2026/10/04 00:24:00.549, 10294, 17
2026/10/04 00:24:00.813, 10730, 17
2026/10/04 00:24:01.077, 11188, 18
2026/10/04 00:24:01.340, 11733, 18
2026/10/04 00:24:01.605, 12169, 14
2026/10/04 00:24:01.869, 12245, 14
2026/10/04 00:24:02.133, 12245, 41
2026/10/04 00:24:02.397, 12245, 41
2026/10/04 00:24:02.661, 12241, 25
2026/10/04 00:24:02.925, 12237, 25
2026/10/04 00:24:03.189, 12239, 38
2026/10/04 00:24:03.453, 12238, 38
2026/10/04 00:24:03.718, 12238, 40
2026/10/04 00:24:03.982, 12241, 40
2026/10/04 00:24:04.247, 12241, 36
2026/10/04 00:24:04.511, 12241, 18
2026/10/04 00:24:04.776, 12241, 18
2026/10/04 00:24:05.039, 12243, 44
2026/10/04 00:24:05.304, 12243, 44
2026/10/04 00:24:05.568, 12237, 44
2026/10/04 00:24:05.832, 12238, 44
2026/10/04 00:24:06.097, 12222, 47
2026/10/04 00:24:06.360, 12222, 47
2026/10/04 00:24:06.624, 12223, 29
2026/10/04 00:24:06.887, 12223, 29
2026/10/04 00:24:07.152, 12223, 35
2026/10/04 00:24:07.416, 12223, 35
2026/10/04 00:24:07.682, 12225, 51
2026/10/04 00:24:07.947, 12225, 51
2026/10/04 00:24:08.212, 12230, 29
2026/10/04 00:24:08.476, 12231, 29
2026/10/04 00:24:08.741, 12231, 35
2026/10/04 00:24:09.005, 12235, 36
2026/10/04 00:24:09.269, 12235, 36
2026/10/04 00:24:09.533, 12235, 44
2026/10/04 00:24:09.799, 12235, 44
2026/10/04 00:24:10.064, 12235, 44
2026/10/04 00:24:10.327, 12239, 44
2026/10/04 00:24:10.592, 12239, 36
2026/10/04 00:24:10.855, 12234, 36
2026/10/04 00:24:11.120, 12234, 43
2026/10/04 00:24:11.385, 12234, 43
2026/10/04 00:24:11.649, 12234, 16
2026/10/04 00:24:11.913, 12263, 16
2026/10/04 00:24:12.177, 12265, 24
2026/10/04 00:24:12.440, 12265, 24
2026/10/04 00:24:12.706, 12269, 45
2026/10/04 00:24:12.970, 12271, 45
2026/10/04 00:24:13.234, 12271, 47
2026/10/04 00:24:13.498, 12269, 37
2026/10/04 00:24:13.761, 12264, 37
2026/10/04 00:24:14.025, 12264, 32
2026/10/04 00:24:14.289, 12264, 32
2026/10/04 00:24:14.553, 12264, 25
2026/10/04 00:24:14.817, 12264, 25
2026/10/04 00:24:15.081, 12264, 5
2026/10/04 00:24:15.345, 12264, 5
2026/10/04 00:24:15.610, 4369, 6
2026/10/04 00:24:15.875, 4369, 6
2026/10/04 00:24:16.139, 4378, 5
2026/10/04 00:24:16.403, 4378, 5
2026/10/04 00:24:16.667, 4378, 5
2026/10/04 00:24:16.932, 4371, 5
2026/10/04 00:24:17.196, 4371, 5
2026/10/04 00:24:17.460, 4370, 5
2026/10/04 00:24:17.726, 4369, 5
2026/10/04 00:24:17.991, 4365, 5
2026/10/04 00:24:18.255, 4365, 5
2026/10/04 00:24:18.519, 4352, 5
2026/10/04 00:24:18.784, 4352, 5
2026/10/04 00:24:19.050, 4352, 5
2026/10/04 00:24:19.314, 4352, 5
2026/10/04 00:24:19.577, 4347, 5
2026/10/04 00:24:19.842, 4347, 5
2026/10/04 00:24:20.106, 4347, 5
2026/10/04 00:24:20.371, 4347, 5
2026/10/04 00:24:20.636, 4330, 5
2026/10/04 00:24:20.899, 4330, 5
2026/10/04 00:24:21.164, 4330, 5
2026/10/04 00:24:21.428, 4330, 5
2026/10/04 00:24:21.693, 4330, 5
2026/10/04 00:24:21.957, 4330, 5
2026/10/04 00:24:22.221, 4340, 5
2026/10/04 00:24:22.485, 4340, 6
2026/10/04 00:24:22.749, 4344, 6
2026/10/04 00:24:23.013, 4349, 5
2026/10/04 00:24:23.277, 4349, 5
2026/10/04 00:24:23.541, 4349, 5
2026/10/04 00:24:23.806, 4349, 5
2026/10/04 00:24:24.069, 4349, 5
2026/10/04 00:24:24.334, 4349, 5
2026/10/04 00:24:24.598, 4348, 5
2026/10/04 00:24:24.861, 4351, 5
2026/10/04 00:24:25.126, 4351, 5
2026/10/04 00:24:25.390, 4351, 5
2026/10/04 00:24:25.653, 4338, 5
2026/10/04 00:24:25.916, 4338, 5
2026/10/04 00:24:26.180, 4338, 5
2026/10/04 00:24:26.444, 4344, 5
2026/10/04 00:24:26.708, 4344, 6
2026/10/04 00:24:26.972, 4370, 6
2026/10/04 00:24:27.237, 4370, 5
2026/10/04 00:24:27.501, 4366, 5
2026/10/04 00:24:27.765, 4366, 5
2026/10/04 00:24:28.029, 4363, 5
2026/10/04 00:24:28.293, 4363, 5
2026/10/04 00:24:28.556, 4363, 5
2026/10/04 00:24:28.821, 4363, 5
2026/10/04 00:24:29.084, 4363, 5
2026/10/04 00:24:29.348, 4363, 5
2026/10/04 00:24:29.612, 4363, 5
2026/10/04 00:24:29.876, 4357, 5
2026/10/04 00:24:30.141, 4357, 5
2026/10/04 00:24:30.405, 4357, 5
2026/10/04 00:24:30.669, 4357, 5
2026/10/04 00:24:30.934, 4357, 5
2026/10/04 00:24:31.197, 4357, 5
2026/10/04 00:24:31.461, 4357, 5
2026/10/04 00:24:31.725, 4357, 5
2026/10/04 00:24:31.990, 4357, 5
2026/10/04 00:24:32.253, 4357, 5
2026/10/04 00:24:32.518, 4352, 5
2026/10/04 00:24:32.782, 4356, 5
2026/10/04 00:24:33.046, 4339, 6
2026/10/04 00:24:33.310, 4339, 6
2026/10/04 00:24:33.574, 4339, 6
2026/10/04 00:24:33.838, 4339, 6
2026/10/04 00:24:34.102, 4339, 5
2026/10/04 00:24:34.365, 4350, 5
2026/10/04 00:24:34.628, 4350, 6
2026/10/04 00:24:34.892, 4350, 6
2026/10/04 00:24:35.156, 4350, 5
2026/10/04 00:24:35.421, 4351, 5
2026/10/04 00:24:35.685, 4351, 5
2026/10/04 00:24:35.949, 4351, 5
2026/10/04 00:24:36.214, 4351, 5
2026/10/04 00:24:36.478, 4351, 5
2026/10/04 00:24:36.742, 4351, 5
2026/10/04 00:24:37.006, 4351, 5
2026/10/04 00:24:37.270, 4354, 5
2026/10/04 00:24:37.534, 4384, 6
2026/10/04 00:24:37.797, 4384, 6
2026/10/04 00:24:38.062, 4384, 5
2026/10/04 00:24:38.328, 4379, 5
2026/10/04 00:24:38.591, 5317, 32
2026/10/04 00:24:38.854, 6882, 32
2026/10/04 00:24:39.117, 8482, 41
2026/10/04 00:24:39.383, 9942, 41
2026/10/04 00:24:39.646, 11598, 40
2026/10/04 00:24:39.910, 11620, 40
2026/10/04 00:24:40.175, 11624, 22
2026/10/04 00:24:40.439, 11624, 22
2026/10/04 00:24:40.703, 11617, 79
2026/10/04 00:24:40.967, 11617, 79
2026/10/04 00:24:41.223, 11617, 92
2026/10/04 00:24:41.488, 11610, 92
2026/10/04 00:24:41.753, 11606, 92
2026/10/04 00:24:42.017, 11606, 85
2026/10/04 00:24:42.280, 11604, 85
2026/10/04 00:24:42.545, 11578, 88
2026/10/04 00:24:42.809, 11578, 88
2026/10/04 00:24:43.074, 11578, 80
2026/10/04 00:24:43.338, 11578, 80
2026/10/04 00:24:43.603, 11572, 82
2026/10/04 00:24:43.867, 11548, 82
2026/10/04 00:24:44.131, 11542, 92
2026/10/04 00:24:44.396, 11531, 92
2026/10/04 00:24:44.660, 11523, 86
2026/10/04 00:24:44.925, 11523, 86
2026/10/04 00:24:45.176, 11523, 93
2026/10/04 00:24:45.440, 11523, 93
2026/10/04 00:24:45.705, 11523, 89
2026/10/04 00:24:45.969, 11523, 89
2026/10/04 00:24:46.233, 11523, 92
2026/10/04 00:24:46.496, 11523, 93
2026/10/04 00:24:46.761, 11523, 93
2026/10/04 00:24:47.026, 11523, 88
2026/10/04 00:24:47.290, 11523, 88
2026/10/04 00:24:47.542, 11523, 93
2026/10/04 00:24:47.807, 11523, 93
2026/10/04 00:24:48.071, 11523, 87
2026/10/04 00:24:48.335, 11523, 87
2026/10/04 00:24:48.600, 11523, 89
2026/10/04 00:24:48.864, 11523, 89
2026/10/04 00:24:49.130, 11523, 80
2026/10/04 00:24:49.384, 11523, 80
2026/10/04 00:24:49.649, 11523, 93
2026/10/04 00:24:49.914, 11523, 93
2026/10/04 00:24:50.178, 11523, 82
2026/10/04 00:24:50.443, 11523, 82
2026/10/04 00:24:50.708, 11523, 83
2026/10/04 00:24:50.972, 11523, 83
2026/10/04 00:24:51.237, 11523, 79
2026/10/04 00:24:51.501, 11523, 79
2026/10/04 00:24:51.766, 11523, 79
2026/10/04 00:24:52.030, 11523, 76
2026/10/04 00:24:52.293, 11523, 76
2026/10/04 00:24:52.558, 11523, 92
2026/10/04 00:24:52.823, 11523, 92
2026/10/04 00:24:53.088, 11523, 92
2026/10/04 00:24:53.354, 11523, 92
2026/10/04 00:24:53.618, 11523, 93
2026/10/04 00:24:53.884, 11523, 93
2026/10/04 00:24:54.148, 11523, 90
2026/10/04 00:24:54.412, 11545, 90
2026/10/04 00:24:54.676, 11545, 83
2026/10/04 00:24:54.942, 11545, 83
2026/10/04 00:24:55.197, 11545, 94
2026/10/04 00:24:55.461, 11545, 94
2026/10/04 00:24:55.726, 11545, 90
2026/10/04 00:24:55.991, 11541, 92
2026/10/04 00:24:56.255, 11541, 92
2026/10/04 00:24:56.520, 11541, 79
2026/10/04 00:24:56.785, 11541, 79
2026/10/04 00:24:57.049, 11541, 93
2026/10/04 00:24:57.314, 11541, 93
2026/10/04 00:24:57.578, 11542, 92
2026/10/04 00:24:57.842, 11542, 92
2026/10/04 00:24:58.107, 11542, 93
2026/10/04 00:24:58.372, 11542, 93
2026/10/04 00:24:58.636, 11542, 92
2026/10/04 00:24:58.902, 11542, 92
2026/10/04 00:24:59.167, 11542, 91
2026/10/04 00:24:59.432, 11525, 91
2026/10/04 00:24:59.697, 11525, 92
2026/10/04 00:24:59.962, 11525, 92
2026/10/04 00:25:00.215, 11525, 92
2026/10/04 00:25:00.480, 11525, 92
2026/10/04 00:25:00.743, 11525, 93
2026/10/04 00:25:01.008, 11525, 91
2026/10/04 00:25:01.274, 11525, 91
2026/10/04 00:25:01.538, 11527, 92
2026/10/04 00:25:01.804, 11527, 92
2026/10/04 00:25:02.068, 11527, 90
2026/10/04 00:25:02.332, 11527, 90
2026/10/04 00:25:02.597, 11527, 77
2026/10/04 00:25:02.861, 11527, 77
2026/10/04 00:25:03.126, 11527, 80
2026/10/04 00:25:03.391, 11527, 80
2026/10/04 00:25:03.642, 11527, 92
2026/10/04 00:25:03.906, 11527, 92
2026/10/04 00:25:04.170, 11527, 92
2026/10/04 00:25:04.435, 11527, 92
2026/10/04 00:25:04.699, 11527, 92
2026/10/04 00:25:04.965, 11527, 92
2026/10/04 00:25:05.228, 11527, 80
2026/10/04 00:25:05.493, 11527, 81
2026/10/04 00:25:05.758, 11527, 81
2026/10/04 00:25:06.024, 11527, 82
2026/10/04 00:25:06.289, 11525, 82
2026/10/04 00:25:06.555, 11526, 90
2026/10/04 00:25:06.820, 11526, 90
2026/10/04 00:25:07.084, 11526, 90
2026/10/04 00:25:07.335, 11526, 90
2026/10/04 00:25:07.599, 11526, 90
2026/10/04 00:25:07.863, 11526, 90
2026/10/04 00:25:08.128, 11526, 90
2026/10/04 00:25:08.392, 11526, 90
2026/10/04 00:25:08.657, 11526, 89
2026/10/04 00:25:08.923, 11526, 89
2026/10/04 00:25:09.189, 11526, 92
2026/10/04 00:25:09.454, 11526, 92
2026/10/04 00:25:09.706, 11526, 80
2026/10/04 00:25:09.957, 11526, 80
2026/10/04 00:25:10.222, 11526, 92
2026/10/04 00:25:10.473, 11526, 92
2026/10/04 00:25:10.738, 11526, 92
2026/10/04 00:25:11.002, 11526, 92
2026/10/04 00:25:11.267, 11525, 92
2026/10/04 00:25:11.532, 11525, 93
2026/10/04 00:25:11.796, 11525, 93
2026/10/04 00:25:12.061, 11525, 93
2026/10/04 00:25:12.325, 11525, 93
2026/10/04 00:25:12.589, 11525, 81
2026/10/04 00:25:12.853, 11525, 81
2026/10/04 00:25:13.117, 11525, 89
2026/10/04 00:25:13.380, 11525, 89
2026/10/04 00:25:13.644, 11525, 88
2026/10/04 00:25:13.909, 11525, 88
2026/10/04 00:25:14.173, 11525, 91
2026/10/04 00:25:14.425, 11525, 91
2026/10/04 00:25:14.678, 11525, 92
2026/10/04 00:25:14.944, 11525, 92
2026/10/04 00:25:15.209, 11525, 93
2026/10/04 00:25:15.473, 11525, 93
2026/10/04 00:25:15.736, 11525, 92
2026/10/04 00:25:16.000, 11525, 93
2026/10/04 00:25:16.266, 11524, 93
2026/10/04 00:25:16.518, 11524, 93
2026/10/04 00:25:16.783, 11524, 93
2026/10/04 00:25:17.047, 11524, 93
2026/10/04 00:25:17.311, 11524, 93
2026/10/04 00:25:17.576, 11524, 88
2026/10/04 00:25:17.842, 11524, 88
2026/10/04 00:25:18.107, 11524, 80
2026/10/04 00:25:18.371, 11524, 80
2026/10/04 00:25:18.637, 11524, 79
2026/10/04 00:25:18.902, 11524, 79
2026/10/04 00:25:19.166, 11524, 80
2026/10/04 00:25:19.431, 11524, 80
2026/10/04 00:25:19.696, 11524, 91
2026/10/04 00:25:19.961, 11524, 91
2026/10/04 00:25:20.224, 11524, 80
2026/10/04 00:25:20.489, 11524, 80
2026/10/04 00:25:20.754, 11524, 80
2026/10/04 00:25:21.020, 11524, 89
2026/10/04 00:25:21.286, 11524, 89
2026/10/04 00:25:21.550, 11524, 91
2026/10/04 00:25:21.816, 11524, 91
2026/10/04 00:25:22.080, 11524, 88
2026/10/04 00:25:22.346, 11524, 88
2026/10/04 00:25:22.609, 11524, 90
2026/10/04 00:25:22.874, 11531, 90
2026/10/04 00:25:23.138, 11539, 87
2026/10/04 00:25:23.403, 11539, 87
2026/10/04 00:25:23.668, 11539, 94
2026/10/04 00:25:23.919, 11539, 94
2026/10/04 00:25:24.185, 11539, 93
2026/10/04 00:25:24.450, 11539, 93
2026/10/04 00:25:24.713, 11539, 92
2026/10/04 00:25:24.965, 11533, 92
2026/10/04 00:25:25.230, 11533, 92
2026/10/04 00:25:25.482, 11533, 92
2026/10/04 00:25:25.747, 11533, 94
2026/10/04 00:25:26.011, 11533, 87
2026/10/04 00:25:26.277, 11532, 87
2026/10/04 00:25:26.541, 11532, 91
2026/10/04 00:25:26.805, 13234, 91
2026/10/04 00:25:27.070, 12448, 70
2026/10/04 00:25:27.336, 12448, 70
2026/10/04 00:25:27.600, 12448, 91
2026/10/04 00:25:27.866, 12448, 91
2026/10/04 00:25:28.130, 12448, 90
2026/10/04 00:25:28.395, 12448, 90
2026/10/04 00:25:28.661, 12448, 93
2026/10/04 00:25:28.926, 12447, 93
2026/10/04 00:25:29.191, 12447, 93
2026/10/04 00:25:29.456, 12447, 93
2026/10/04 00:25:29.721, 12447, 92
2026/10/04 00:25:29.985, 12447, 92
2026/10/04 00:25:30.249, 12447, 91
2026/10/04 00:25:30.513, 12447, 85
2026/10/04 00:25:30.766, 12448, 85
2026/10/04 00:25:31.031, 12448, 86
2026/10/04 00:25:31.295, 12447, 86
2026/10/04 00:25:31.559, 12447, 91
2026/10/04 00:25:31.822, 12447, 91
2026/10/04 00:25:32.087, 12447, 80
2026/10/04 00:25:32.351, 12447, 80
2026/10/04 00:25:32.603, 12447, 93
2026/10/04 00:25:32.867, 12447, 93
2026/10/04 00:25:33.132, 12447, 94
2026/10/04 00:25:33.397, 12440, 94
2026/10/04 00:25:33.661, 12440, 92
2026/10/04 00:25:33.912, 12440, 92
2026/10/04 00:25:34.177, 12440, 93
2026/10/04 00:25:34.442, 12440, 93
2026/10/04 00:25:34.694, 12440, 92
2026/10/04 00:25:34.959, 12440, 92
2026/10/04 00:25:35.223, 12440, 92
2026/10/04 00:25:35.489, 12440, 92
2026/10/04 00:25:35.753, 12440, 93
2026/10/04 00:25:36.016, 12440, 78
2026/10/04 00:25:36.282, 12440, 78
2026/10/04 00:25:36.546, 12440, 90
2026/10/04 00:25:36.810, 12440, 90
2026/10/04 00:25:37.076, 12440, 93
2026/10/04 00:25:37.340, 12440, 93
2026/10/04 00:25:37.604, 12441, 92
2026/10/04 00:25:37.869, 12441, 92
2026/10/04 00:25:38.121, 12441, 94
2026/10/04 00:25:38.386, 12441, 94
2026/10/04 00:25:38.652, 12441, 88
2026/10/04 00:25:38.916, 12441, 88
2026/10/04 00:25:39.180, 12441, 81
2026/10/04 00:25:39.445, 12441, 81
2026/10/04 00:25:39.710, 12441, 81
2026/10/04 00:25:39.975, 12441, 81
2026/10/04 00:25:40.239, 12441, 93
2026/10/04 00:25:40.504, 12441, 92
2026/10/04 00:25:40.769, 12441, 92
2026/10/04 00:25:41.034, 12441, 80
2026/10/04 00:25:41.298, 12441, 80
2026/10/04 00:25:41.563, 12441, 79
2026/10/04 00:25:41.828, 12441, 79
2026/10/04 00:25:42.094, 12441, 93
2026/10/04 00:25:42.359, 12441, 93
2026/10/04 00:25:42.623, 12441, 90
2026/10/04 00:25:42.888, 12441, 90
2026/10/04 00:25:43.139, 12441, 94
2026/10/04 00:25:43.403, 12441, 94
2026/10/04 00:25:43.668, 12441, 93
2026/10/04 00:25:43.932, 12441, 93
2026/10/04 00:25:44.198, 12441, 91
2026/10/04 00:25:44.462, 12441, 91
2026/10/04 00:25:44.727, 12441, 92
2026/10/04 00:25:44.993, 12441, 89
2026/10/04 00:25:45.257, 12441, 89
2026/10/04 00:25:45.510, 12441, 90
2026/10/04 00:25:45.775, 12441, 90
2026/10/04 00:25:46.038, 12441, 93
2026/10/04 00:25:46.304, 12441, 93
2026/10/04 00:25:46.568, 12441, 79
2026/10/04 00:25:46.833, 12456, 79
2026/10/04 00:25:47.097, 12456, 93
2026/10/04 00:25:47.362, 12456, 93
2026/10/04 00:25:47.626, 12456, 93
2026/10/04 00:25:47.890, 12456, 93
2026/10/04 00:25:48.155, 12456, 93
2026/10/04 00:25:48.419, 12455, 93
2026/10/04 00:25:48.683, 12455, 93
2026/10/04 00:25:48.949, 12455, 93
2026/10/04 00:25:49.214, 12455, 84
2026/10/04 00:25:49.478, 12455, 84
2026/10/04 00:25:49.743, 12446, 94
2026/10/04 00:25:50.008, 12446, 79
2026/10/04 00:25:50.272, 12446, 79
2026/10/04 00:25:50.537, 12446, 81
2026/10/04 00:25:50.800, 12447, 81
2026/10/04 00:25:51.064, 12447, 92
2026/10/04 00:25:51.329, 12447, 92
2026/10/04 00:25:51.594, 12447, 93
2026/10/04 00:25:51.860, 12447, 93
2026/10/04 00:25:52.125, 12444, 92
2026/10/04 00:25:52.391, 12440, 92
2026/10/04 00:25:52.657, 12440, 91
2026/10/04 00:25:52.922, 12438, 91
2026/10/04 00:25:53.187, 12438, 92
2026/10/04 00:25:53.452, 12438, 92
2026/10/04 00:25:53.719, 12438, 92
2026/10/04 00:25:53.971, 12438, 92
2026/10/04 00:25:54.235, 12438, 89
2026/10/04 00:25:54.502, 12438, 90
2026/10/04 00:25:54.767, 12438, 90
2026/10/04 00:25:55.033, 12438, 94
2026/10/04 00:25:55.297, 12438, 94
2026/10/04 00:25:55.561, 12438, 94
2026/10/04 00:25:55.815, 12438, 94
2026/10/04 00:25:56.080, 12438, 92
2026/10/04 00:25:56.346, 12438, 92
2026/10/04 00:25:56.597, 12438, 93
2026/10/04 00:25:56.849, 12438, 93
2026/10/04 00:25:57.113, 12438, 92
2026/10/04 00:25:57.377, 12438, 92
2026/10/04 00:25:57.629, 12438, 91
2026/10/04 00:25:57.894, 12438, 91
2026/10/04 00:25:58.158, 12438, 91
2026/10/04 00:25:58.422, 12438, 91
2026/10/04 00:25:58.686, 12438, 92
2026/10/04 00:25:58.953, 12438, 92
2026/10/04 00:25:59.217, 12438, 79
2026/10/04 00:25:59.483, 12438, 79
2026/10/04 00:25:59.748, 12438, 81
2026/10/04 00:26:00.012, 12438, 93
2026/10/04 00:26:00.278, 12438, 93
2026/10/04 00:26:00.542, 12438, 93
2026/10/04 00:26:00.807, 12438, 93
2026/10/04 00:26:01.071, 12438, 92
2026/10/04 00:26:01.336, 12438, 92
2026/10/04 00:26:01.600, 12438, 89
2026/10/04 00:26:01.865, 12438, 89
2026/10/04 00:26:02.130, 12438, 92
2026/10/04 00:26:02.395, 12438, 92
2026/10/04 00:26:02.659, 12438, 94
2026/10/04 00:26:02.923, 12438, 94
2026/10/04 00:26:03.187, 12438, 93
2026/10/04 00:26:03.450, 12438, 93
2026/10/04 00:26:03.716, 12438, 92
2026/10/04 00:26:03.981, 12438, 92
2026/10/04 00:26:04.247, 12438, 93
2026/10/04 00:26:04.513, 12438, 93
2026/10/04 00:26:04.777, 12438, 93
2026/10/04 00:26:05.041, 12438, 91
2026/10/04 00:26:05.305, 12438, 91
2026/10/04 00:26:05.569, 12438, 81
2026/10/04 00:26:05.833, 12438, 81
2026/10/04 00:26:06.084, 12438, 91
2026/10/04 00:26:06.348, 12438, 91
2026/10/04 00:26:06.613, 12438, 92
2026/10/04 00:26:06.878, 12438, 92
2026/10/04 00:26:07.144, 12438, 92
2026/10/04 00:26:07.407, 12438, 92
2026/10/04 00:26:07.671, 12438, 82
2026/10/04 00:26:07.922, 12438, 82
2026/10/04 00:26:08.186, 12438, 82
2026/10/04 00:26:08.451, 12438, 82
2026/10/04 00:26:08.716, 12438, 94
2026/10/04 00:26:08.980, 12438, 94
2026/10/04 00:26:09.244, 12438, 92
2026/10/04 00:26:09.508, 12438, 81
2026/10/04 00:26:09.772, 12438, 81
2026/10/04 00:26:10.037, 12438, 80
2026/10/04 00:26:10.301, 12438, 80
2026/10/04 00:26:10.565, 12438, 82
2026/10/04 00:26:10.830, 12438, 82
2026/10/04 00:26:11.095, 12438, 94
2026/10/04 00:26:11.358, 12438, 94
2026/10/04 00:26:11.612, 12438, 95
2026/10/04 00:26:11.877, 12438, 95
2026/10/04 00:26:12.143, 12438, 94
2026/10/04 00:26:12.407, 12438, 94
2026/10/04 00:26:12.672, 12438, 94
2026/10/04 00:26:12.937, 12438, 94
2026/10/04 00:26:13.200, 12438, 93
2026/10/04 00:26:13.465, 12438, 93
2026/10/04 00:26:13.729, 12438, 81
2026/10/04 00:26:13.994, 12438, 81
2026/10/04 00:26:14.259, 12438, 94
2026/10/04 00:26:14.523, 12438, 95
2026/10/04 00:26:14.788, 12438, 95
2026/10/04 00:26:15.051, 12438, 93
2026/10/04 00:26:15.315, 12438, 93
2026/10/04 00:26:15.579, 12438, 93
2026/10/04 00:26:15.844, 12438, 93
2026/10/04 00:26:16.110, 12438, 94
2026/10/04 00:26:16.376, 12438, 94
2026/10/04 00:26:16.641, 12438, 81
2026/10/04 00:26:16.905, 12438, 81
2026/10/04 00:26:17.171, 12438, 90
2026/10/04 00:26:17.435, 12438, 90
2026/10/04 00:26:17.700, 12438, 95
2026/10/04 00:26:17.965, 12438, 95
2026/10/04 00:26:18.231, 12438, 94
2026/10/04 00:26:18.496, 12438, 95
2026/10/04 00:26:18.760, 12438, 95
2026/10/04 00:26:19.025, 12438, 94
2026/10/04 00:26:19.290, 12438, 94
2026/10/04 00:26:19.555, 12438, 91
2026/10/04 00:26:19.807, 12438, 91
2026/10/04 00:26:20.071, 12438, 95
2026/10/04 00:26:20.335, 12438, 95
2026/10/04 00:26:20.601, 12438, 94
2026/10/04 00:26:20.866, 12438, 94
2026/10/04 00:26:21.129, 12438, 95
2026/10/04 00:26:21.393, 12438, 95
2026/10/04 00:26:21.658, 12438, 95
2026/10/04 00:26:21.922, 12438, 95
2026/10/04 00:26:22.188, 12438, 95
2026/10/04 00:26:22.452, 12438, 95
2026/10/04 00:26:22.718, 12438, 81
2026/10/04 00:26:22.983, 12438, 81
2026/10/04 00:26:23.248, 12438, 95
2026/10/04 00:26:23.512, 12438, 95
2026/10/04 00:26:23.776, 12438, 95
2026/10/04 00:26:24.040, 12438, 90
2026/10/04 00:26:24.295, 12438, 90
2026/10/04 00:26:24.560, 12438, 93
2026/10/04 00:26:24.825, 12438, 93
2026/10/04 00:26:25.091, 12438, 90
2026/10/04 00:26:25.356, 12438, 90
2026/10/04 00:26:25.607, 12438, 90
2026/10/04 00:26:25.872, 12438, 90
2026/10/04 00:26:26.138, 12438, 94
2026/10/04 00:26:26.402, 12438, 94
2026/10/04 00:26:26.666, 12438, 90
2026/10/04 00:26:26.930, 12438, 90
2026/10/04 00:26:27.196, 12438, 95
2026/10/04 00:26:27.462, 12438, 95
2026/10/04 00:26:27.725, 12438, 95
2026/10/04 00:26:27.991, 12438, 95
2026/10/04 00:26:28.256, 12438, 95
2026/10/04 00:26:28.521, 12438, 94
2026/10/04 00:26:28.786, 12438, 94
2026/10/04 00:26:29.050, 12438, 95
2026/10/04 00:26:29.314, 12438, 95
2026/10/04 00:26:29.579, 12438, 95
2026/10/04 00:26:29.845, 12438, 95
2026/10/04 00:26:30.109, 12438, 96
2026/10/04 00:26:30.374, 12438, 96
2026/10/04 00:26:30.627, 12438, 95
2026/10/04 00:26:30.891, 12440, 95
2026/10/04 00:26:31.155, 12440, 94
2026/10/04 00:26:31.420, 12440, 94
2026/10/04 00:26:31.685, 12439, 92
2026/10/04 00:26:31.949, 12439, 92
2026/10/04 00:26:32.200, 12439, 84
2026/10/04 00:26:32.465, 12439, 84
2026/10/04 00:26:32.729, 12439, 82
2026/10/04 00:26:32.993, 12441, 82
2026/10/04 00:26:33.257, 12441, 81
2026/10/04 00:26:33.521, 12441, 82
2026/10/04 00:26:33.786, 12441, 82
2026/10/04 00:26:34.052, 12441, 83
2026/10/04 00:26:34.317, 12441, 83
2026/10/04 00:26:34.581, 12441, 82
2026/10/04 00:26:34.846, 12441, 82
2026/10/04 00:26:35.110, 12438, 85
2026/10/04 00:26:35.375, 12438, 85
2026/10/04 00:26:35.626, 12438, 95
2026/10/04 00:26:35.892, 12439, 95
2026/10/04 00:26:36.156, 12439, 96
2026/10/04 00:26:36.421, 12439, 96
2026/10/04 00:26:36.685, 12438, 83
2026/10/04 00:26:36.949, 12438, 83
2026/10/04 00:26:37.215, 12438, 82
2026/10/04 00:26:37.478, 12438, 82
2026/10/04 00:26:37.742, 12438, 81
2026/10/04 00:26:38.008, 12438, 79
2026/10/04 00:26:38.274, 12438, 79
2026/10/04 00:26:38.539, 12438, 82
2026/10/04 00:26:38.805, 12438, 82
2026/10/04 00:26:39.071, 12438, 82
2026/10/04 00:26:39.336, 12438, 82
2026/10/04 00:26:39.601, 12438, 92
2026/10/04 00:26:39.865, 12438, 92
2026/10/04 00:26:40.131, 12438, 88
2026/10/04 00:26:40.395, 12438, 88
2026/10/04 00:26:40.660, 12438, 81
2026/10/04 00:26:40.926, 12438, 81
2026/10/04 00:26:41.189, 12438, 95
2026/10/04 00:26:41.454, 12438, 95
2026/10/04 00:26:41.719, 12437, 94
2026/10/04 00:26:41.983, 12437, 94
2026/10/04 00:26:42.248, 12437, 96
2026/10/04 00:26:42.513, 12437, 95
2026/10/04 00:26:42.765, 12437, 95
2026/10/04 00:26:43.030, 12437, 92
2026/10/04 00:26:43.294, 12437, 92
2026/10/04 00:26:43.558, 12437, 83
2026/10/04 00:26:43.823, 12472, 83
2026/10/04 00:26:44.088, 12472, 81
2026/10/04 00:26:44.352, 12472, 81
2026/10/04 00:26:44.616, 12472, 82
2026/10/04 00:26:44.881, 12468, 82
2026/10/04 00:26:45.145, 12468, 81
2026/10/04 00:26:45.396, 12468, 81
2026/10/04 00:26:45.662, 12468, 83
2026/10/04 00:26:45.927, 12468, 83
2026/10/04 00:26:46.191, 12468, 81
2026/10/04 00:26:46.456, 12468, 81
2026/10/04 00:26:46.721, 12467, 83
2026/10/04 00:26:46.986, 12467, 83
2026/10/04 00:26:47.250, 12467, 96
2026/10/04 00:26:47.515, 12467, 95
2026/10/04 00:26:47.780, 12467, 95
2026/10/04 00:26:48.045, 12467, 96
2026/10/04 00:26:48.310, 12467, 96
2026/10/04 00:26:48.574, 12486, 90
2026/10/04 00:26:48.839, 12494, 90
2026/10/04 00:26:49.103, 12486, 96
2026/10/04 00:26:49.368, 12486, 96
2026/10/04 00:26:49.633, 12486, 83
2026/10/04 00:26:49.898, 12480, 83
2026/10/04 00:26:50.163, 12480, 91
2026/10/04 00:26:50.427, 12480, 91
2026/10/04 00:26:50.691, 12480, 91
2026/10/04 00:26:50.955, 12471, 91
2026/10/04 00:26:51.221, 12471, 82
2026/10/04 00:26:51.486, 12471, 82
2026/10/04 00:26:51.751, 12471, 84
2026/10/04 00:26:52.016, 12471, 82
2026/10/04 00:26:52.268, 12471, 82
2026/10/04 00:26:52.532, 12471, 80
2026/10/04 00:26:52.796, 12471, 80
2026/10/04 00:26:53.060, 12471, 94
2026/10/04 00:26:53.324, 12471, 94
2026/10/04 00:26:53.576, 12466, 93
2026/10/04 00:26:53.840, 12452, 93
2026/10/04 00:26:54.105, 12430, 83
2026/10/04 00:26:54.369, 12430, 83
2026/10/04 00:26:54.620, 12430, 80
2026/10/04 00:26:54.885, 12430, 80
2026/10/04 00:26:55.136, 12430, 82
2026/10/04 00:26:55.402, 12430, 82
2026/10/04 00:26:55.665, 12430, 96
2026/10/04 00:26:55.929, 12430, 96
2026/10/04 00:26:56.195, 12430, 94
2026/10/04 00:26:56.446, 12430, 94
2026/10/04 00:26:56.711, 12430, 96
2026/10/04 00:26:56.975, 12430, 96
2026/10/04 00:26:57.239, 12430, 93
2026/10/04 00:26:57.504, 12430, 93
2026/10/04 00:26:57.769, 12430, 93
2026/10/04 00:26:58.020, 12430, 87
2026/10/04 00:26:58.284, 12430, 87
2026/10/04 00:26:58.549, 12430, 93
2026/10/04 00:26:58.813, 12430, 93
2026/10/04 00:26:59.078, 12430, 84
2026/10/04 00:26:59.342, 12430, 84
2026/10/04 00:26:59.607, 12430, 91
2026/10/04 00:26:59.872, 12430, 91
2026/10/04 00:27:00.136, 12430, 90
2026/10/04 00:27:00.401, 12430, 90
2026/10/04 00:27:00.666, 12430, 92
2026/10/04 00:27:00.931, 12431, 92
2026/10/04 00:27:01.197, 12431, 81
2026/10/04 00:27:01.460, 12431, 81
2026/10/04 00:27:01.725, 12431, 83
2026/10/04 00:27:01.990, 12431, 83
2026/10/04 00:27:02.244, 12431, 84
2026/10/04 00:27:02.507, 12431, 94
2026/10/04 00:27:02.759, 12431, 94
2026/10/04 00:27:03.024, 12431, 94
2026/10/04 00:27:03.289, 12431, 94
2026/10/04 00:27:03.554, 12430, 93
2026/10/04 00:27:03.820, 12430, 93
2026/10/04 00:27:04.084, 12430, 91
2026/10/04 00:27:04.348, 12430, 91
2026/10/04 00:27:04.614, 12430, 84
2026/10/04 00:27:04.878, 12430, 84
2026/10/04 00:27:05.142, 12430, 82
2026/10/04 00:27:05.407, 12430, 82
2026/10/04 00:27:05.672, 12430, 82
2026/10/04 00:27:05.936, 12430, 82
2026/10/04 00:27:06.201, 12430, 83
2026/10/04 00:27:06.465, 12430, 83
2026/10/04 00:27:06.729, 12430, 83
2026/10/04 00:27:06.993, 12430, 83
2026/10/04 00:27:07.257, 12430, 82
2026/10/04 00:27:07.523, 12430, 84
2026/10/04 00:27:07.788, 12430, 84
2026/10/04 00:27:08.053, 12430, 94
2026/10/04 00:27:08.317, 12430, 94
2026/10/04 00:27:08.582, 12430, 92
2026/10/04 00:27:08.846, 12430, 92
2026/10/04 00:27:09.111, 12430, 94
2026/10/04 00:27:09.375, 12430, 94
2026/10/04 00:27:09.640, 12430, 91
2026/10/04 00:27:09.904, 13342, 91
2026/10/04 00:27:10.167, 13342, 99
2026/10/04 00:27:10.432, 13342, 99
2026/10/04 00:27:10.696, 13342, 100
2026/10/04 00:27:10.960, 13342, 100
2026/10/04 00:27:11.212, 13342, 100
2026/10/04 00:27:11.466, 13342, 100
2026/10/04 00:27:11.730, 13342, 100
2026/10/04 00:27:11.994, 13342, 100
2026/10/04 00:27:12.248, 13342, 100
2026/10/04 00:27:12.512, 13342, 99
2026/10/04 00:27:12.777, 13342, 99
2026/10/04 00:27:13.041, 13342, 100
2026/10/04 00:27:13.306, 13342, 100
2026/10/04 00:27:13.572, 13342, 100
2026/10/04 00:27:13.837, 13342, 100
2026/10/04 00:27:14.101, 13342, 100
2026/10/04 00:27:14.365, 13342, 100
2026/10/04 00:27:14.616, 13342, 100
2026/10/04 00:27:14.880, 13342, 100
2026/10/04 00:27:15.144, 13342, 99
2026/10/04 00:27:15.408, 13342, 99
2026/10/04 00:27:15.660, 13342, 100
2026/10/04 00:27:15.925, 13342, 100
2026/10/04 00:27:16.189, 13342, 100
2026/10/04 00:27:16.444, 13342, 100
2026/10/04 00:27:16.709, 13342, 100
2026/10/04 00:27:16.974, 13342, 100
2026/10/04 00:27:17.239, 13342, 100
2026/10/04 00:27:17.491, 13342, 100
2026/10/04 00:27:17.756, 13342, 100
2026/10/04 00:27:18.022, 13342, 100
2026/10/04 00:27:18.287, 13342, 100
2026/10/04 00:27:18.551, 13342, 100
2026/10/04 00:27:18.816, 13342, 100
2026/10/04 00:27:19.080, 13342, 100
2026/10/04 00:27:19.343, 13342, 100
2026/10/04 00:27:19.608, 13342, 100
2026/10/04 00:27:19.872, 13342, 100
2026/10/04 00:27:20.137, 13342, 100
2026/10/04 00:27:20.401, 13352, 100
2026/10/04 00:27:20.666, 13352, 100
2026/10/04 00:27:20.929, 13352, 100
2026/10/04 00:27:21.193, 13352, 100
2026/10/04 00:27:21.458, 13352, 100
2026/10/04 00:27:21.723, 13352, 100
2026/10/04 00:27:21.987, 13352, 100
2026/10/04 00:27:22.252, 13348, 100
2026/10/04 00:27:22.518, 13348, 100
2026/10/04 00:27:22.782, 13348, 100
2026/10/04 00:27:23.046, 13348, 100
2026/10/04 00:27:23.299, 13348, 100
2026/10/04 00:27:23.563, 13348, 100
2026/10/04 00:27:23.828, 13348, 100
2026/10/04 00:27:24.081, 13348, 100
2026/10/04 00:27:24.347, 13348, 100
2026/10/04 00:27:24.610, 13348, 100
2026/10/04 00:27:24.877, 13348, 100
2026/10/04 00:27:25.143, 13348, 100
2026/10/04 00:27:25.407, 13342, 100
2026/10/04 00:27:25.662, 13342, 100
2026/10/04 00:27:25.926, 13342, 100
2026/10/04 00:27:26.191, 13342, 100
2026/10/04 00:27:26.454, 13342, 100
2026/10/04 00:27:26.718, 13342, 100
2026/10/04 00:27:26.983, 13342, 100
2026/10/04 00:27:27.248, 13342, 100
2026/10/04 00:27:27.501, 13342, 100
2026/10/04 00:27:27.765, 13342, 100
2026/10/04 00:27:28.031, 13342, 100
2026/10/04 00:27:28.295, 13342, 100
2026/10/04 00:27:28.559, 13342, 100
2026/10/04 00:27:28.825, 13342, 100
2026/10/04 00:27:29.089, 13342, 100
2026/10/04 00:27:29.353, 13342, 100
2026/10/04 00:27:29.617, 13342, 100
2026/10/04 00:27:29.882, 13342, 100
2026/10/04 00:27:30.146, 13342, 99
2026/10/04 00:27:30.410, 13342, 99
2026/10/04 00:27:30.674, 13342, 100
2026/10/04 00:27:30.938, 13342, 100
2026/10/04 00:27:31.202, 13342, 100
2026/10/04 00:27:31.465, 13342, 100
2026/10/04 00:27:31.729, 13341, 100
2026/10/04 00:27:31.993, 13341, 100
2026/10/04 00:27:32.256, 13341, 100
2026/10/04 00:27:32.509, 13341, 100
2026/10/04 00:27:32.771, 13341, 100
2026/10/04 00:27:33.025, 13341, 100
2026/10/04 00:27:33.290, 13341, 100
2026/10/04 00:27:33.555, 13341, 100
2026/10/04 00:27:33.819, 13341, 100
2026/10/04 00:27:34.084, 13341, 100
2026/10/04 00:27:34.347, 13341, 100
2026/10/04 00:27:34.612, 13341, 100
2026/10/04 00:27:34.865, 13341, 100
2026/10/04 00:27:35.129, 13353, 100
2026/10/04 00:27:35.393, 13353, 100
2026/10/04 00:27:35.660, 13353, 100
2026/10/04 00:27:35.925, 13353, 100
2026/10/04 00:27:36.177, 13353, 100
2026/10/04 00:27:36.430, 13353, 100
2026/10/04 00:27:36.694, 13353, 100
2026/10/04 00:27:36.958, 13353, 100
2026/10/04 00:27:37.223, 13349, 100
2026/10/04 00:27:37.488, 13372, 100
2026/10/04 00:27:37.753, 13372, 100
2026/10/04 00:27:38.017, 13372, 100
2026/10/04 00:27:38.269, 13372, 100
2026/10/04 00:27:38.534, 13372, 100
2026/10/04 00:27:38.786, 13372, 100
2026/10/04 00:27:39.041, 13372, 100
2026/10/04 00:27:39.305, 13372, 100
2026/10/04 00:27:39.571, 13364, 100
2026/10/04 00:27:39.835, 13364, 100
2026/10/04 00:27:40.099, 13368, 100
2026/10/04 00:27:40.363, 13368, 100
2026/10/04 00:27:40.618, 13365, 100
2026/10/04 00:27:40.869, 13365, 100
2026/10/04 00:27:41.133, 13365, 100
2026/10/04 00:27:41.398, 13365, 100
2026/10/04 00:27:41.650, 13365, 100
2026/10/04 00:27:41.914, 13365, 100
2026/10/04 00:27:42.165, 13365, 100
2026/10/04 00:27:42.430, 13351, 100
2026/10/04 00:27:42.694, 13351, 100
2026/10/04 00:27:42.959, 13351, 100
2026/10/04 00:27:43.223, 13351, 100
2026/10/04 00:27:43.487, 13351, 100
2026/10/04 00:27:43.752, 13351, 100
2026/10/04 00:27:44.016, 13351, 100
2026/10/04 00:27:44.280, 13351, 100
2026/10/04 00:27:44.546, 13351, 100
2026/10/04 00:27:44.800, 13351, 100
2026/10/04 00:27:45.064, 13351, 100
2026/10/04 00:27:45.328, 13351, 100
2026/10/04 00:27:45.579, 13351, 100
2026/10/04 00:27:45.843, 13351, 100
2026/10/04 00:27:46.108, 13351, 100
2026/10/04 00:27:46.359, 13351, 100
2026/10/04 00:27:46.611, 13351, 100
2026/10/04 00:27:46.876, 13350, 100
2026/10/04 00:27:47.140, 13350, 100
2026/10/04 00:27:47.405, 13350, 100
2026/10/04 00:27:47.669, 13350, 100
2026/10/04 00:27:47.934, 13369, 100
2026/10/04 00:27:48.200, 13369, 100
2026/10/04 00:27:48.464, 13369, 100
2026/10/04 00:27:48.715, 13369, 100
2026/10/04 00:27:48.967, 13369, 100
2026/10/04 00:27:49.232, 13360, 99
2026/10/04 00:27:49.497, 13360, 99
2026/10/04 00:27:49.762, 13360, 100
2026/10/04 00:27:50.025, 13360, 100
2026/10/04 00:27:50.290, 13360, 100
2026/10/04 00:27:50.554, 13360, 100
2026/10/04 00:27:50.818, 13360, 100
2026/10/04 00:27:51.082, 13360, 100
2026/10/04 00:27:51.333, 13360, 100
2026/10/04 00:27:51.587, 13360, 100
2026/10/04 00:27:51.852, 13360, 100
2026/10/04 00:27:52.104, 13360, 100
2026/10/04 00:27:52.355, 13360, 100
2026/10/04 00:27:52.620, 13360, 100
2026/10/04 00:27:52.883, 13342, 100
2026/10/04 00:27:53.148, 13342, 100
2026/10/04 00:27:53.413, 13342, 100
2026/10/04 00:27:53.678, 13342, 100
2026/10/04 00:27:53.942, 13342, 100
2026/10/04 00:27:54.207, 13342, 100
2026/10/04 00:27:54.473, 13342, 100
2026/10/04 00:27:54.729, 13342, 100
2026/10/04 00:27:54.993, 13342, 100
2026/10/04 00:27:55.259, 13342, 100
2026/10/04 00:27:55.511, 13342, 100
2026/10/04 00:27:55.775, 13342, 100
2026/10/04 00:27:56.039, 13342, 100
2026/10/04 00:27:56.306, 13342, 100
2026/10/04 00:27:56.560, 13342, 100
2026/10/04 00:27:56.824, 13342, 100
2026/10/04 00:27:57.076, 13342, 100
2026/10/04 00:27:57.332, 13342, 100
2026/10/04 00:27:57.597, 13342, 100
2026/10/04 00:27:57.862, 13369, 100
2026/10/04 00:27:58.115, 13371, 100
2026/10/04 00:27:58.380, 13371, 100
2026/10/04 00:27:58.644, 13371, 100
2026/10/04 00:27:58.895, 13371, 100
2026/10/04 00:27:59.160, 13371, 100
2026/10/04 00:27:59.425, 13371, 100
2026/10/04 00:27:59.688, 13370, 100
2026/10/04 00:27:59.952, 13365, 100
2026/10/04 00:28:00.216, 13365, 100
2026/10/04 00:28:00.469, 13365, 100
2026/10/04 00:28:00.734, 13360, 100
2026/10/04 00:28:00.998, 13360, 100
2026/10/04 00:28:01.265, 13360, 100
2026/10/04 00:28:01.520, 13360, 100
2026/10/04 00:28:01.784, 13360, 100
2026/10/04 00:28:02.036, 13375, 100
2026/10/04 00:28:02.300, 13375, 100
2026/10/04 00:28:02.565, 13375, 99
2026/10/04 00:28:02.829, 13375, 99
2026/10/04 00:28:03.081, 13372, 100
2026/10/04 00:28:03.346, 13372, 100
2026/10/04 00:28:03.610, 13392, 100
2026/10/04 00:28:03.874, 13392, 100
2026/10/04 00:28:04.139, 13394, 100
2026/10/04 00:28:04.403, 13394, 100
2026/10/04 00:28:04.668, 13394, 12
2026/10/04 00:28:04.931, 13394, 12
2026/10/04 00:28:05.196, 13395, 16
2026/10/04 00:28:05.460, 13395, 16
2026/10/04 00:28:05.724, 13395, 14
2026/10/04 00:28:05.989, 13393, 14
2026/10/04 00:28:06.254, 13393, 12
2026/10/04 00:28:06.517, 8367, 65
2026/10/04 00:28:06.782, 8367, 65
2026/10/04 00:28:07.046, 10601, 100
2026/10/04 00:28:07.312, 10601, 100
2026/10/04 00:28:07.567, 10601, 100
2026/10/04 00:28:07.832, 10603, 100
2026/10/04 00:28:08.098, 10605, 100
2026/10/04 00:28:08.362, 10605, 100
2026/10/04 00:28:08.627, 10585, 100
2026/10/04 00:28:08.891, 10585, 100
2026/10/04 00:28:09.143, 10586, 100
2026/10/04 00:28:09.408, 10586, 100
2026/10/04 00:28:09.660, 10586, 97
2026/10/04 00:28:09.914, 10586, 97
2026/10/04 00:28:10.179, 4330, 9
2026/10/04 00:28:10.444, 4330, 9
2026/10/04 00:28:10.707, 5052, 6
2026/10/04 00:28:10.970, 6996, 6
2026/10/04 00:28:11.236, 9034, 60
2026/10/04 00:28:11.500, 10880, 60
2026/10/04 00:28:11.764, 12258, 58
2026/10/04 00:28:12.029, 12258, 91
2026/10/04 00:28:12.295, 12260, 91
2026/10/04 00:28:12.546, 12260, 92
2026/10/04 00:28:12.811, 12260, 92
2026/10/04 00:28:13.076, 12266, 91
2026/10/04 00:28:13.341, 12265, 91
2026/10/04 00:28:13.592, 12276, 84
2026/10/04 00:28:13.855, 12279, 84
2026/10/04 00:28:14.108, 12279, 90
2026/10/04 00:28:14.374, 12281, 90
2026/10/04 00:28:14.640, 12279, 93
2026/10/04 00:28:14.906, 12279, 93
2026/10/04 00:28:15.158, 12279, 92
2026/10/04 00:28:15.422, 12281, 92
2026/10/04 00:28:15.689, 12275, 93
2026/10/04 00:28:15.953, 12275, 93
2026/10/04 00:28:16.218, 12275, 90
2026/10/04 00:28:16.482, 12278, 90
2026/10/04 00:28:16.746, 12270, 92
2026/10/04 00:28:16.997, 12270, 92
2026/10/04 00:28:17.263, 12270, 90
2026/10/04 00:28:17.526, 12272, 89
2026/10/04 00:28:17.791, 12272, 89
2026/10/04 00:28:18.042, 12269, 90
2026/10/04 00:28:18.308, 12261, 90
2026/10/04 00:28:18.572, 12263, 92
2026/10/04 00:28:18.824, 12255, 92
2026/10/04 00:28:19.089, 12255, 94
2026/10/04 00:28:19.353, 12255, 94
2026/10/04 00:28:19.619, 12257, 90
2026/10/04 00:28:19.883, 12257, 90
2026/10/04 00:28:20.148, 12256, 79
2026/10/04 00:28:20.413, 12258, 79
2026/10/04 00:28:20.678, 12258, 91
2026/10/04 00:28:20.942, 12258, 91
2026/10/04 00:28:21.206, 12258, 93
2026/10/04 00:28:21.471, 12260, 93
2026/10/04 00:28:21.735, 12257, 80
2026/10/04 00:28:21.999, 12257, 80
2026/10/04 00:28:22.263, 12257, 81
2026/10/04 00:28:22.528, 12257, 81
2026/10/04 00:28:22.792, 12257, 81
2026/10/04 00:28:23.056, 12257, 94
2026/10/04 00:28:23.308, 12257, 94
2026/10/04 00:28:23.571, 12259, 82
2026/10/04 00:28:23.836, 12259, 82
2026/10/04 00:28:24.088, 12259, 92
2026/10/04 00:28:24.353, 12259, 92
2026/10/04 00:28:24.619, 12261, 93
2026/10/04 00:28:24.876, 12261, 93
2026/10/04 00:28:25.141, 12261, 93
2026/10/04 00:28:25.405, 12261, 93
2026/10/04 00:28:25.670, 12263, 80
2026/10/04 00:28:25.934, 12263, 80
2026/10/04 00:28:26.199, 12263, 93
2026/10/04 00:28:26.464, 12263, 93
2026/10/04 00:28:26.730, 12265, 80
2026/10/04 00:28:26.982, 12265, 80
2026/10/04 00:28:27.247, 12265, 80
2026/10/04 00:28:27.512, 12265, 95
2026/10/04 00:28:27.778, 12267, 95
2026/10/04 00:28:28.043, 12267, 80
2026/10/04 00:28:28.308, 12267, 80
2026/10/04 00:28:28.572, 12267, 94
2026/10/04 00:28:28.837, 12269, 94
2026/10/04 00:28:29.103, 12269, 93
2026/10/04 00:28:29.368, 12269, 93
2026/10/04 00:28:29.632, 12269, 93
2026/10/04 00:28:29.898, 12271, 93
2026/10/04 00:28:30.162, 12271, 92
2026/10/04 00:28:30.428, 12271, 92
2026/10/04 00:28:30.693, 12271, 93
2026/10/04 00:28:30.959, 12273, 93
2026/10/04 00:28:31.225, 12273, 94
2026/10/04 00:28:31.476, 12273, 94
2026/10/04 00:28:31.741, 12275, 93
2026/10/04 00:28:32.006, 12275, 93
2026/10/04 00:28:32.270, 12275, 90
2026/10/04 00:28:32.536, 12275, 93
2026/10/04 00:28:32.800, 12277, 93
2026/10/04 00:28:33.065, 12277, 93
2026/10/04 00:28:33.330, 12277, 93
2026/10/04 00:28:33.594, 12277, 93
2026/10/04 00:28:33.859, 12279, 93
2026/10/04 00:28:34.110, 12279, 92
2026/10/04 00:28:34.374, 12279, 92
2026/10/04 00:28:34.639, 12279, 93
2026/10/04 00:28:34.904, 12281, 93
2026/10/04 00:28:35.169, 12281, 92
2026/10/04 00:28:35.421, 12281, 92
2026/10/04 00:28:35.687, 12281, 93
2026/10/04 00:28:35.951, 12281, 93
2026/10/04 00:28:36.215, 12281, 92
2026/10/04 00:28:36.479, 12281, 92
2026/10/04 00:28:36.744, 12272, 94
2026/10/04 00:28:36.996, 12267, 94
2026/10/04 00:28:37.262, 12267, 92
2026/10/04 00:28:37.528, 12267, 95
2026/10/04 00:28:37.792, 12267, 95
2026/10/04 00:28:38.057, 12269, 83
2026/10/04 00:28:38.322, 12269, 83
2026/10/04 00:28:38.573, 12269, 83
2026/10/04 00:28:38.838, 12269, 83
2026/10/04 00:28:39.103, 12271, 93
2026/10/04 00:28:39.369, 12271, 93
2026/10/04 00:28:39.620, 12271, 93
2026/10/04 00:28:39.885, 12271, 93
2026/10/04 00:28:40.150, 12273, 92
2026/10/04 00:28:40.415, 12273, 92
2026/10/04 00:28:40.681, 12273, 92
2026/10/04 00:28:40.946, 12273, 92
2026/10/04 00:28:41.211, 12281, 92
2026/10/04 00:28:41.462, 12284, 92
2026/10/04 00:28:41.727, 12296, 91
2026/10/04 00:28:41.990, 12296, 91
2026/10/04 00:28:42.256, 12307, 89
2026/10/04 00:28:42.521, 12310, 93
2026/10/04 00:28:42.787, 12309, 93
2026/10/04 00:28:43.051, 12320, 79
2026/10/04 00:28:43.303, 12319, 79
2026/10/04 00:28:43.568, 12319, 80
2026/10/04 00:28:43.820, 12317, 80
2026/10/04 00:28:44.085, 12318, 92
2026/10/04 00:28:44.349, 12318, 92
2026/10/04 00:28:44.613, 12315, 90
2026/10/04 00:28:44.879, 12316, 90
2026/10/04 00:28:45.144, 12317, 92
2026/10/04 00:28:45.396, 12319, 92
2026/10/04 00:28:45.662, 12319, 90
2026/10/04 00:28:45.926, 12319, 90
2026/10/04 00:28:46.192, 12549, 78
2026/10/04 00:28:46.457, 12549, 78
2026/10/04 00:28:46.721, 12543, 97
2026/10/04 00:28:46.987, 12543, 97
2026/10/04 00:28:47.253, 12545, 99
2026/10/04 00:28:47.517, 12546, 99
2026/10/04 00:28:47.769, 12547, 99
2026/10/04 00:28:48.034, 12547, 99
2026/10/04 00:28:48.299, 12549, 99
2026/10/04 00:28:48.562, 12549, 99
2026/10/04 00:28:48.828, 12549, 99
2026/10/04 00:28:49.094, 12549, 99
2026/10/04 00:28:49.360, 12551, 99
2026/10/04 00:28:49.625, 12546, 98
2026/10/04 00:28:49.876, 12546, 98
2026/10/04 00:28:50.141, 12546, 99
2026/10/04 00:28:50.406, 12546, 99
2026/10/04 00:28:50.670, 12539, 99
2026/10/04 00:28:50.935, 12539, 99
2026/10/04 00:28:51.201, 12539, 99
2026/10/04 00:28:51.465, 12534, 99
2026/10/04 00:28:51.731, 12534, 99
2026/10/04 00:28:51.997, 12534, 99
2026/10/04 00:28:52.248, 12534, 98
2026/10/04 00:28:52.512, 12536, 99
2026/10/04 00:28:52.778, 12533, 99
2026/10/04 00:28:53.043, 12533, 98
2026/10/04 00:28:53.309, 12527, 98
2026/10/04 00:28:53.574, 12529, 99
2026/10/04 00:28:53.839, 12529, 99
2026/10/04 00:28:54.105, 12529, 99
2026/10/04 00:28:54.369, 12531, 99
2026/10/04 00:28:54.633, 12531, 98
2026/10/04 00:28:54.886, 12531, 98
2026/10/04 00:28:55.152, 12531, 99
2026/10/04 00:28:55.404, 12533, 99
2026/10/04 00:28:55.669, 12533, 98
2026/10/04 00:28:55.934, 12533, 98
2026/10/04 00:28:56.199, 12533, 98
2026/10/04 00:28:56.464, 12535, 98
2026/10/04 00:28:56.728, 12535, 99
2026/10/04 00:28:56.992, 12535, 99
2026/10/04 00:28:57.258, 12535, 98
2026/10/04 00:28:57.523, 12537, 99
2026/10/04 00:28:57.788, 12537, 99
2026/10/04 00:28:58.054, 12537, 98
2026/10/04 00:28:58.318, 12537, 98
2026/10/04 00:28:58.584, 12537, 99
2026/10/04 00:28:58.849, 12537, 99
2026/10/04 00:28:59.102, 12537, 99
2026/10/04 00:28:59.354, 12545, 99
2026/10/04 00:28:59.605, 12547, 98
2026/10/04 00:28:59.856, 12547, 98
2026/10/04 00:29:00.121, 12547, 12
2026/10/04 00:29:00.385, 12547, 12
2026/10/04 00:29:00.650, 12549, 39
2026/10/04 00:29:00.914, 12549, 39
2026/10/04 00:29:01.178, 12549, 15
2026/10/04 00:29:01.443, 12549, 15
2026/10/04 00:29:01.708, 12548, 12
2026/10/04 00:29:01.973, 12548, 12
2026/10/04 00:29:02.237, 9096, 10
2026/10/04 00:29:02.502, 8420, 10
2026/10/04 00:29:02.753, 8422, 99
2026/10/04 00:29:03.017, 10654, 100
2026/10/04 00:29:03.282, 10654, 100
2026/10/04 00:29:03.548, 10654, 100
2026/10/04 00:29:03.812, 4478, 100
2026/10/04 00:29:04.077, 4478, 5
2026/10/04 00:29:04.341, 4478, 5
2026/10/04 00:29:04.607, 4454, 5
2026/10/04 00:29:04.871, 4456, 5
2026/10/04 00:29:05.135, 4456, 5
2026/10/04 00:29:05.398, 4467, 5
2026/10/04 00:29:05.662, 4471, 8
2026/10/04 00:29:05.926, 4479, 8
2026/10/04 00:29:06.192, 4478, 6
2026/10/04 00:29:06.455, 4478, 6
2026/10/04 00:29:06.719, 4478, 3
2026/10/04 00:29:06.981, 4473, 3
2026/10/04 00:29:07.245, 4423, 2
2026/10/04 00:29:07.509, 4423, 5
2026/10/04 00:29:07.771, 4410, 5
2026/10/04 00:29:08.036, 4410, 5
2026/10/04 00:29:08.298, 4410, 5
2026/10/04 00:29:08.562, 4410, 5
2026/10/04 00:29:08.826, 4408, 5
2026/10/04 00:29:09.090, 4408, 6
2026/10/04 00:29:09.354, 4408, 6
2026/10/04 00:29:09.618, 4408, 2
2026/10/04 00:29:09.881, 4408, 2
2026/10/04 00:29:10.145, 4407, 3
2026/10/04 00:29:10.408, 4407, 3
2026/10/04 00:29:10.671, 4407, 6
2026/10/04 00:29:10.937, 4397, 6
2026/10/04 00:29:11.199, 4395, 6
2026/10/04 00:29:11.463, 4395, 6
2026/10/04 00:29:11.726, 4383, 6
2026/10/04 00:29:11.990, 4383, 6
2026/10/04 00:29:12.254, 4383, 5
2026/10/04 00:29:12.519, 4383, 2
2026/10/04 00:29:12.782, 4383, 2
2026/10/04 00:29:13.044, 4383, 2
2026/10/04 00:29:13.307, 4383, 2
2026/10/04 00:29:13.571, 4383, 6
2026/10/04 00:29:13.834, 4380, 6
2026/10/04 00:29:14.097, 4380, 6
2026/10/04 00:29:14.360, 4380, 6
2026/10/04 00:29:14.624, 4380, 5
2026/10/04 00:29:14.889, 4380, 5
2026/10/04 00:29:15.153, 3706, 5
2026/10/04 00:29:15.416, 3716, 5
2026/10/04 00:29:15.681, 3716, 3
2026/10/04 00:29:15.945, 3733, 3
2026/10/04 00:29:16.209, 3786, 3
2026/10/04 00:29:16.474, 3779, 3
2026/10/04 00:29:16.739, 3779, 6
2026/10/04 00:29:17.004, 3809, 6
2026/10/04 00:29:17.269, 3809, 0
2026/10/04 00:29:17.531, 3827, 5
2026/10/04 00:29:17.794, 3820, 5
2026/10/04 00:29:18.056, 3820, 6
2026/10/04 00:29:18.320, 3822, 6
2026/10/04 00:29:18.586, 3801, 7
2026/10/04 00:29:18.848, 3833, 7
2026/10/04 00:29:19.112, 3862, 6
2026/10/04 00:29:19.376, 3864, 6
2026/10/04 00:29:19.639, 3867, 7
2026/10/04 00:29:19.903, 3859, 7
2026/10/04 00:29:20.166, 3859, 3
2026/10/04 00:29:20.429, 3859, 3
2026/10/04 00:29:20.693, 3863, 1
2026/10/04 00:29:20.958, 3860, 1
2026/10/04 00:29:21.222, 3859, 1
2026/10/04 00:29:21.485, 3857, 1
2026/10/04 00:29:21.747, 3855, 0
2026/10/04 00:29:22.009, 3868, 0
2026/10/04 00:29:22.272, 3844, 1
2026/10/04 00:29:22.536, 3837, 1
2026/10/04 00:29:22.800, 3837, 1
2026/10/04 00:29:23.063, 3837, 0
2026/10/04 00:29:23.326, 3837, 0
2026/10/04 00:29:23.590, 3824, 0
2026/10/04 00:29:23.854, 3824, 0
2026/10/04 00:29:24.117, 3817, 0
2026/10/04 00:29:24.381, 3808, 0
2026/10/04 00:29:24.644, 3808, 0
2026/10/04 00:29:24.907, 3807, 0
2026/10/04 00:29:25.171, 3807, 0
2026/10/04 00:29:25.434, 3794, 0
2026/10/04 00:29:25.695, 3763, 1
2026/10/04 00:29:25.957, 3763, 1
2026/10/04 00:29:26.219, 3753, 0
2026/10/04 00:29:26.483, 3753, 0
2026/10/04 00:29:26.744, 3751, 0
2026/10/04 00:29:27.008, 3770, 0
2026/10/04 00:29:27.270, 3770, 2
2026/10/04 00:29:27.533, 3768, 0
2026/10/04 00:29:27.796, 3767, 0
2026/10/04 00:29:28.059, 3763, 0
2026/10/04 00:29:28.322, 3763, 0
2026/10/04 00:29:28.585, 3763, 1
2026/10/04 00:29:28.849, 3763, 1
2026/10/04 00:29:29.111, 3757, 1
2026/10/04 00:29:29.374, 3757, 1
2026/10/04 00:29:29.636, 3757, 1
2026/10/04 00:29:29.898, 3757, 1
2026/10/04 00:29:30.160, 3757, 1
2026/10/04 00:29:30.422, 3757, 1
2026/10/04 00:29:30.686, 3757, 0
2026/10/04 00:29:30.949, 3797, 0
2026/10/04 00:29:31.212, 3830, 5
2026/10/04 00:29:31.474, 3829, 5
2026/10/04 00:29:31.735, 3828, 1
2026/10/04 00:29:31.999, 3822, 1
2026/10/04 00:29:32.263, 3833, 3
2026/10/04 00:29:32.525, 3833, 1
2026/10/04 00:29:32.787, 3833, 1
2026/10/04 00:29:33.050, 3835, 1
2026/10/04 00:29:33.312, 3835, 1
2026/10/04 00:29:33.574, 3835, 2
2026/10/04 00:29:33.835, 3836, 2
2026/10/04 00:29:34.098, 3835, 1
2026/10/04 00:29:34.360, 3837, 1
2026/10/04 00:29:34.622, 3837, 1
2026/10/04 00:29:34.884, 3837, 1
2026/10/04 00:29:35.147, 3836, 2
2026/10/04 00:29:35.409, 3836, 2
2026/10/04 00:29:35.672, 3836, 1
2026/10/04 00:29:35.935, 3821, 1
2026/10/04 00:29:36.198, 3847, 1
2026/10/04 00:29:36.460, 3846, 1
2026/10/04 00:29:36.723, 3840, 1
2026/10/04 00:29:36.985, 3833, 1
2026/10/04 00:29:37.247, 3777, 0
2026/10/04 00:29:37.509, 3760, 0
2026/10/04 00:29:37.772, 3760, 0
2026/10/04 00:29:38.034, 3747, 0
2026/10/04 00:29:38.297, 3735, 0
2026/10/04 00:29:38.560, 3735, 1
2026/10/04 00:29:38.821, 3735, 1
2026/10/04 00:29:39.084, 3735, 0
2026/10/04 00:29:39.346, 3735, 0
2026/10/04 00:29:39.608, 3730, 0
2026/10/04 00:29:39.872, 5068, 0
2026/10/04 00:29:40.136, 7365, 55
2026/10/04 00:29:40.400, 9825, 55
2026/10/04 00:29:40.663, 10387, 58
2026/10/04 00:29:40.928, 10977, 58
2026/10/04 00:29:41.193, 10971, 94
2026/10/04 00:29:41.458, 10965, 94
2026/10/04 00:29:41.709, 10965, 93
2026/10/04 00:29:41.974, 10965, 93
2026/10/04 00:29:42.238, 10969, 77
2026/10/04 00:29:42.502, 10964, 77
2026/10/04 00:29:42.753, 10950, 84
2026/10/04 00:29:43.017, 10950, 79
2026/10/04 00:29:43.283, 10965, 79
2026/10/04 00:29:43.546, 10965, 93
2026/10/04 00:29:43.812, 10965, 93
2026/10/04 00:29:44.076, 10965, 90
2026/10/04 00:29:44.340, 10966, 90
2026/10/04 00:29:44.605, 10966, 91
2026/10/04 00:29:44.871, 10966, 91
2026/10/04 00:29:45.135, 10960, 93
2026/10/04 00:29:45.401, 10946, 93
2026/10/04 00:29:45.665, 10939, 93
2026/10/04 00:29:45.929, 10938, 93
2026/10/04 00:29:46.194, 10937, 95
2026/10/04 00:29:46.458, 10939, 95
2026/10/04 00:29:46.722, 10939, 87
2026/10/04 00:29:46.987, 10939, 87
2026/10/04 00:29:47.252, 10933, 90
2026/10/04 00:29:47.504, 10935, 90
2026/10/04 00:29:47.768, 10928, 90
2026/10/04 00:29:48.034, 10928, 85
2026/10/04 00:29:48.298, 10928, 85
2026/10/04 00:29:48.564, 10957, 87
2026/10/04 00:29:48.828, 10957, 87
2026/10/04 00:29:49.079, 10957, 93
2026/10/04 00:29:49.343, 10957, 93
2026/10/04 00:29:49.608, 10958, 88
2026/10/04 00:29:49.872, 11622, 88
2026/10/04 00:29:50.136, 11538, 60
2026/10/04 00:29:50.401, 11538, 60
2026/10/04 00:29:50.665, 11540, 93
2026/10/04 00:29:50.931, 11536, 93
2026/10/04 00:29:51.195, 11536, 84
2026/10/04 00:29:51.460, 11541, 84
2026/10/04 00:29:51.725, 11538, 80
2026/10/04 00:29:51.989, 11538, 80
2026/10/04 00:29:52.253, 11538, 88
2026/10/04 00:29:52.518, 11545, 79
2026/10/04 00:29:52.783, 11540, 79
2026/10/04 00:29:53.049, 11540, 80
2026/10/04 00:29:53.314, 11540, 80
2026/10/04 00:29:53.579, 11521, 78
2026/10/04 00:29:53.843, 11521, 78
2026/10/04 00:29:54.108, 11521, 88
2026/10/04 00:29:54.373, 11520, 88
2026/10/04 00:29:54.636, 11522, 80
2026/10/04 00:29:54.900, 11522, 80
2026/10/04 00:29:55.165, 11522, 80
2026/10/04 00:29:55.428, 11522, 80
2026/10/04 00:29:55.692, 11524, 94
2026/10/04 00:29:55.955, 11524, 94
2026/10/04 00:29:56.219, 11524, 94
2026/10/04 00:29:56.485, 11524, 94
2026/10/04 00:29:56.749, 11526, 85
2026/10/04 00:29:57.014, 11526, 78
2026/10/04 00:29:57.278, 11526, 78
2026/10/04 00:29:57.529, 11526, 89
2026/10/04 00:29:57.792, 11528, 89
2026/10/04 00:29:58.058, 11528, 91
2026/10/04 00:29:58.322, 11528, 91
2026/10/04 00:29:58.586, 11528, 90
2026/10/04 00:29:58.852, 11530, 90
2026/10/04 00:29:59.115, 11530, 93
2026/10/04 00:29:59.378, 11529, 93
2026/10/04 00:29:59.642, 11529, 94
2026/10/04 00:29:59.905, 11532, 94
2026/10/04 00:30:00.172, 11532, 94
2026/10/04 00:30:00.437, 11532, 94
2026/10/04 00:30:00.701, 11537, 80
2026/10/04 00:30:00.966, 11534, 80
2026/10/04 00:30:01.231, 11534, 77
2026/10/04 00:30:01.497, 11534, 77
2026/10/04 00:30:01.761, 11541, 80
2026/10/04 00:30:02.026, 11536, 93
2026/10/04 00:30:02.291, 11536, 93
2026/10/04 00:30:02.542, 11536, 82
2026/10/04 00:30:02.806, 11543, 82
2026/10/04 00:30:03.069, 11538, 93
2026/10/04 00:30:03.334, 11538, 93
2026/10/04 00:30:03.598, 11538, 93
2026/10/04 00:30:03.854, 11540, 93
2026/10/04 00:30:04.119, 11540, 90
2026/10/04 00:30:04.383, 11540, 90
2026/10/04 00:30:04.648, 11540, 94
2026/10/04 00:30:04.912, 11542, 94
2026/10/04 00:30:05.163, 11542, 93
2026/10/04 00:30:05.428, 11542, 93
2026/10/04 00:30:05.694, 11542, 92
2026/10/04 00:30:05.958, 11550, 92
2026/10/04 00:30:06.222, 11550, 79
2026/10/04 00:30:06.486, 11550, 79
2026/10/04 00:30:06.750, 11546, 91
2026/10/04 00:30:07.014, 11540, 91
2026/10/04 00:30:07.279, 11540, 91
2026/10/04 00:30:07.543, 11540, 94
2026/10/04 00:30:07.795, 11535, 94
2026/10/04 00:30:08.059, 11537, 80
2026/10/04 00:30:08.323, 11537, 80
2026/10/04 00:30:08.586, 11537, 93
2026/10/04 00:30:08.839, 11535, 93
2026/10/04 00:30:09.102, 11537, 93
2026/10/04 00:30:09.367, 11537, 93
2026/10/04 00:30:09.632, 11537, 93
2026/10/04 00:30:09.895, 11556, 93
2026/10/04 00:30:10.159, 11560, 91
2026/10/04 00:30:10.424, 11555, 91
2026/10/04 00:30:10.688, 11555, 92
2026/10/04 00:30:10.952, 11555, 92
2026/10/04 00:30:11.216, 11555, 90
2026/10/04 00:30:11.481, 11568, 90
2026/10/04 00:30:11.744, 11569, 79
2026/10/04 00:30:12.007, 11571, 79
2026/10/04 00:30:12.272, 11574, 93
2026/10/04 00:30:12.537, 11576, 93
2026/10/04 00:30:12.800, 11578, 93
2026/10/04 00:30:13.063, 11579, 93
2026/10/04 00:30:13.327, 11576, 93
2026/10/04 00:30:13.591, 11576, 93
2026/10/04 00:30:13.856, 11735, 93
2026/10/04 00:30:14.121, 11742, 97
2026/10/04 00:30:14.385, 11737, 97
2026/10/04 00:30:14.649, 11737, 99
2026/10/04 00:30:14.912, 11737, 99
2026/10/04 00:30:15.177, 11726, 98
2026/10/04 00:30:15.441, 11726, 98
2026/10/04 00:30:15.706, 11728, 98
2026/10/04 00:30:15.971, 11733, 98
2026/10/04 00:30:16.236, 11736, 98
2026/10/04 00:30:16.500, 11735, 98
2026/10/04 00:30:16.766, 11735, 98
2026/10/04 00:30:17.030, 11735, 99
2026/10/04 00:30:17.295, 11737, 99
2026/10/04 00:30:17.560, 11739, 97
2026/10/04 00:30:17.823, 11738, 97
2026/10/04 00:30:18.087, 11739, 97
2026/10/04 00:30:18.352, 11737, 97
2026/10/04 00:30:18.618, 11737, 97
2026/10/04 00:30:18.881, 11737, 97
2026/10/04 00:30:19.133, 11735, 98
2026/10/04 00:30:19.397, 11737, 98
2026/10/04 00:30:19.661, 11737, 97
2026/10/04 00:30:19.924, 11738, 97
2026/10/04 00:30:20.188, 11738, 97
2026/10/04 00:30:20.452, 11740, 97
2026/10/04 00:30:20.716, 11735, 97
2026/10/04 00:30:20.967, 11736, 97
2026/10/04 00:30:21.231, 11757, 97
2026/10/04 00:30:21.495, 11760, 97
2026/10/04 00:30:21.759, 11760, 96
2026/10/04 00:30:22.024, 11769, 97
2026/10/04 00:30:22.288, 11769, 97
2026/10/04 00:30:22.554, 11800, 14
2026/10/04 00:30:22.820, 11839, 14
2026/10/04 00:30:23.084, 11828, 40
2026/10/04 00:30:23.349, 11833, 40
2026/10/04 00:30:23.615, 11829, 11
2026/10/04 00:30:23.879, 11814, 11
2026/10/04 00:30:24.143, 7019, 11
2026/10/04 00:30:24.408, 7875, 11
2026/10/04 00:30:24.673, 10101, 100
2026/10/04 00:30:24.939, 10097, 100
2026/10/04 00:30:25.205, 3801, 90
2026/10/04 00:30:25.469, 3803, 90
2026/10/04 00:30:25.732, 3803, 7
2026/10/04 00:30:25.996, 3804, 7
2026/10/04 00:30:26.260, 3804, 7
2026/10/04 00:30:26.524, 3833, 7
2026/10/04 00:30:26.788, 3844, 7
2026/10/04 00:30:27.053, 3789, 7
2026/10/04 00:30:27.317, 3786, 7
2026/10/04 00:30:27.581, 3788, 2
2026/10/04 00:30:27.846, 3788, 2
2026/10/04 00:30:28.111, 3785, 7
2026/10/04 00:30:28.375, 3789, 7
2026/10/04 00:30:28.639, 3805, 5
2026/10/04 00:30:28.902, 3806, 5
2026/10/04 00:30:29.165, 3806, 7
2026/10/04 00:30:29.429, 3806, 7
2026/10/04 00:30:29.692, 3808, 7
2026/10/04 00:30:29.956, 3804, 7
2026/10/04 00:30:30.219, 3802, 7
2026/10/04 00:30:30.483, 3802, 7
2026/10/04 00:30:30.748, 3801, 7
2026/10/04 00:30:31.011, 3788, 7
2026/10/04 00:30:31.275, 3788, 8
2026/10/04 00:30:31.540, 3788, 7
2026/10/04 00:30:31.804, 3770, 7
2026/10/04 00:30:32.069, 3782, 12
2026/10/04 00:30:32.334, 3782, 12
2026/10/04 00:30:32.599, 3782, 8
2026/10/04 00:30:32.863, 3783, 8
2026/10/04 00:30:33.128, 3766, 9
2026/10/04 00:30:33.393, 3766, 9
2026/10/04 00:30:33.657, 3767, 8
2026/10/04 00:30:33.921, 3766, 8
2026/10/04 00:30:34.186, 3766, 7
2026/10/04 00:30:34.451, 3766, 7
2026/10/04 00:30:34.715, 3774, 9
2026/10/04 00:30:34.980, 3772, 9
2026/10/04 00:30:35.244, 3783, 8
2026/10/04 00:30:35.509, 3811, 8
2026/10/04 00:30:35.773, 3830, 12
2026/10/04 00:30:36.036, 3825, 7
2026/10/04 00:30:36.300, 3825, 7
2026/10/04 00:30:36.563, 3825, 7
2026/10/04 00:30:36.826, 3813, 7
2026/10/04 00:30:37.090, 3751, 8
2026/10/04 00:30:37.353, 3751, 8
2026/10/04 00:30:37.617, 3736, 7
2026/10/04 00:30:37.881, 3765, 7
2026/10/04 00:30:38.144, 3765, 9
2026/10/04 00:30:38.407, 3765, 9
2026/10/04 00:30:38.670, 3768, 11
2026/10/04 00:30:38.933, 3744, 11
2026/10/04 00:30:39.196, 3744, 8
2026/10/04 00:30:39.460, 3746, 8
2026/10/04 00:30:39.724, 3728, 7
2026/10/04 00:30:39.989, 3743, 7
2026/10/04 00:30:40.254, 3945, 12
2026/10/04 00:30:40.519, 11692, 96
2026/10/04 00:30:40.783, 12348, 96
2026/10/04 00:30:41.047, 12336, 38
2026/10/04 00:30:41.310, 12336, 38
2026/10/04 00:30:41.575, 12336, 38
2026/10/04 00:30:41.840, 15079, 38
2026/10/04 00:30:42.105, 15103, 28
2026/10/04 00:30:42.370, 15103, 28
2026/10/04 00:30:42.635, 15103, 71
2026/10/04 00:30:42.899, 15103, 71
2026/10/04 00:30:43.162, 15102, 97
2026/10/04 00:30:43.427, 15102, 97
2026/10/04 00:30:43.692, 15103, 97
2026/10/04 00:30:43.957, 15103, 97
2026/10/04 00:30:44.221, 15091, 97
2026/10/04 00:30:44.487, 15091, 97
2026/10/04 00:30:44.751, 15091, 98
2026/10/04 00:30:45.016, 15090, 98
2026/10/04 00:30:45.280, 15089, 96
2026/10/04 00:30:45.544, 15089, 97
2026/10/04 00:30:45.809, 15089, 97
2026/10/04 00:30:46.074, 15089, 97
2026/10/04 00:30:46.339, 15089, 97
2026/10/04 00:30:46.604, 15089, 97
2026/10/04 00:30:46.869, 15093, 97
2026/10/04 00:30:47.134, 15093, 96
2026/10/04 00:30:47.398, 15106, 96
2026/10/04 00:30:47.661, 15106, 97
2026/10/04 00:30:47.926, 15106, 97
2026/10/04 00:30:48.191, 15108, 96
2026/10/04 00:30:48.455, 15108, 96
2026/10/04 00:30:48.719, 15108, 97
2026/10/04 00:30:48.984, 15110, 97
2026/10/04 00:30:49.248, 15107, 98
2026/10/04 00:30:49.513, 15107, 98
2026/10/04 00:30:49.776, 15107, 97
2026/10/04 00:30:50.040, 15107, 97
2026/10/04 00:30:50.305, 15104, 97
2026/10/04 00:30:50.570, 15103, 97
2026/10/04 00:30:50.836, 15103, 97
2026/10/04 00:30:51.100, 15105, 97
2026/10/04 00:30:51.365, 15107, 97
2026/10/04 00:30:51.630, 15111, 97
2026/10/04 00:30:51.895, 15111, 97
2026/10/04 00:30:52.158, 15117, 96
2026/10/04 00:30:52.423, 15197, 96
2026/10/04 00:30:52.687, 15632, 98
2026/10/04 00:30:52.953, 15587, 98
2026/10/04 00:30:53.217, 15425, 41
2026/10/04 00:30:53.481, 15250, 41
2026/10/04 00:30:53.746, 15334, 46
2026/10/04 00:30:54.012, 15490, 46
2026/10/04 00:30:54.264, 15491, 99
2026/10/04 00:30:54.515, 15491, 99
2026/10/04 00:30:54.780, 15491, 99
2026/10/04 00:30:55.031, 15357, 49
2026/10/04 00:30:55.296, 15114, 49
2026/10/04 00:30:55.562, 14946, 40
2026/10/04 00:30:55.826, 14924, 40
2026/10/04 00:30:56.090, 14880, 28
2026/10/04 00:30:56.356, 14880, 28
2026/10/04 00:30:56.606, 14916, 24
2026/10/04 00:30:56.871, 14990, 24
2026/10/04 00:30:57.135, 15022, 23
2026/10/04 00:30:57.398, 15126, 23
2026/10/04 00:30:57.662, 15280, 20
2026/10/04 00:30:57.928, 15367, 20
2026/10/04 00:30:58.180, 15367, 99
2026/10/04 00:30:58.445, 15367, 99
2026/10/04 00:30:58.697, 15383, 98
2026/10/04 00:30:58.962, 15173, 98
2026/10/04 00:30:59.225, 14969, 46
2026/10/04 00:30:59.489, 14907, 46
2026/10/04 00:30:59.754, 14779, 29
2026/10/04 00:31:00.018, 14761, 29
2026/10/04 00:31:00.283, 14749, 23
2026/10/04 00:31:00.535, 14749, 92
2026/10/04 00:31:00.801, 14725, 92
2026/10/04 00:31:01.065, 14661, 79
2026/10/04 00:31:01.330, 14756, 79
2026/10/04 00:31:01.596, 15080, 55
2026/10/04 00:31:01.847, 15301, 55
2026/10/04 00:31:02.098, 15320, 100
2026/10/04 00:31:02.363, 15293, 100
2026/10/04 00:31:02.614, 15292, 100
2026/10/04 00:31:02.878, 13096, 100
2026/10/04 00:31:03.132, 15243, 46
2026/10/04 00:31:03.386, 14342, 46
2026/10/04 00:31:03.652, 8879, 93
2026/10/04 00:31:03.918, 8881, 93
2026/10/04 00:31:04.184, 8905, 93
2026/10/04 00:31:04.448, 8958, 93
2026/10/04 00:31:04.714, 8901, 98
2026/10/04 00:31:04.979, 8905, 98
2026/10/04 00:31:05.244, 8905, 94
2026/10/04 00:31:05.510, 8916, 94
2026/10/04 00:31:05.775, 8916, 94
2026/10/04 00:31:06.039, 8916, 85
2026/10/04 00:31:06.304, 8916, 85
2026/10/04 00:31:06.568, 8914, 79
2026/10/04 00:31:06.831, 8913, 79
2026/10/04 00:31:07.097, 8908, 85
2026/10/04 00:31:07.361, 8901, 85
2026/10/04 00:31:07.625, 8892, 81
2026/10/04 00:31:07.891, 8892, 81
2026/10/04 00:31:08.155, 8892, 83
2026/10/04 00:31:08.418, 8956, 83
2026/10/04 00:31:08.683, 9091, 86
2026/10/04 00:31:08.948, 9089, 86
2026/10/04 00:31:09.212, 9089, 89
2026/10/04 00:31:09.478, 9083, 89
2026/10/04 00:31:09.743, 9091, 86
2026/10/04 00:31:10.006, 9092, 86
2026/10/04 00:31:10.257, 9092, 92
2026/10/04 00:31:10.522, 9080, 88
2026/10/04 00:31:10.787, 9082, 88
2026/10/04 00:31:11.052, 9082, 91
2026/10/04 00:31:11.317, 9082, 91
2026/10/04 00:31:11.581, 9095, 79
2026/10/04 00:31:11.845, 9090, 79
2026/10/04 00:31:12.109, 9090, 89
2026/10/04 00:31:12.374, 9090, 89
2026/10/04 00:31:12.638, 9099, 90
2026/10/04 00:31:12.901, 9098, 90
2026/10/04 00:31:13.166, 9098, 78
2026/10/04 00:31:13.430, 9098, 78
2026/10/04 00:31:13.682, 9097, 93
2026/10/04 00:31:13.933, 9117, 93
2026/10/04 00:31:14.198, 9113, 92
2026/10/04 00:31:14.449, 9113, 92
2026/10/04 00:31:14.714, 9114, 92
2026/10/04 00:31:14.979, 9114, 92
2026/10/04 00:31:15.243, 9114, 94
2026/10/04 00:31:15.508, 9114, 94
2026/10/04 00:31:15.771, 9107, 88
2026/10/04 00:31:16.037, 9107, 78
2026/10/04 00:31:16.301, 9107, 78
2026/10/04 00:31:16.565, 9107, 77
2026/10/04 00:31:16.831, 9118, 77
2026/10/04 00:31:17.096, 9132, 88
2026/10/04 00:31:17.360, 9131, 88
2026/10/04 00:31:17.625, 9131, 90
2026/10/04 00:31:17.891, 9133, 90
2026/10/04 00:31:18.155, 9138, 93
2026/10/04 00:31:18.420, 9138, 93
2026/10/04 00:31:18.674, 9142, 92
2026/10/04 00:31:18.938, 9131, 92
2026/10/04 00:31:19.202, 9120, 88
2026/10/04 00:31:19.468, 9120, 88
2026/10/04 00:31:19.735, 9120, 92
2026/10/04 00:31:19.999, 9119, 92
2026/10/04 00:31:20.265, 9119, 92
2026/10/04 00:31:20.521, 9119, 93
2026/10/04 00:31:20.787, 9142, 93
2026/10/04 00:31:21.051, 9143, 79
2026/10/04 00:31:21.316, 9143, 79
2026/10/04 00:31:21.581, 9143, 78
2026/10/04 00:31:21.847, 9143, 78
2026/10/04 00:31:22.111, 9143, 79
2026/10/04 00:31:22.375, 9142, 79
2026/10/04 00:31:22.641, 9139, 93
2026/10/04 00:31:22.906, 9140, 93
2026/10/04 00:31:23.172, 9140, 90
2026/10/04 00:31:23.436, 9140, 90
2026/10/04 00:31:23.688, 9140, 94
2026/10/04 00:31:23.953, 9142, 94
2026/10/04 00:31:24.205, 9142, 92
2026/10/04 00:31:24.456, 9142, 92
2026/10/04 00:31:24.721, 9142, 92
2026/10/04 00:31:24.986, 9144, 92
2026/10/04 00:31:25.238, 9144, 92
2026/10/04 00:31:25.502, 9144, 92
2026/10/04 00:31:25.767, 9144, 93
2026/10/04 00:31:26.031, 9146, 90
2026/10/04 00:31:26.295, 9146, 90
2026/10/04 00:31:26.559, 9146, 92
2026/10/04 00:31:26.810, 9146, 92
2026/10/04 00:31:27.077, 9148, 91
2026/10/04 00:31:27.330, 9148, 91
2026/10/04 00:31:27.595, 9148, 93
2026/10/04 00:31:27.859, 9148, 93
2026/10/04 00:31:28.123, 9150, 79
2026/10/04 00:31:28.388, 9150, 79
2026/10/04 00:31:28.640, 9150, 90
2026/10/04 00:31:28.903, 9150, 90
2026/10/04 00:31:29.167, 9152, 89
2026/10/04 00:31:29.431, 9152, 89
2026/10/04 00:31:29.695, 9162, 93
2026/10/04 00:31:29.961, 9162, 93
2026/10/04 00:31:30.227, 9163, 92
2026/10/04 00:31:30.478, 9159, 92
2026/10/04 00:31:30.741, 9159, 93
2026/10/04 00:31:31.006, 9159, 93
2026/10/04 00:31:31.269, 9161, 90
2026/10/04 00:31:31.534, 9161, 79
2026/10/04 00:31:31.787, 9161, 79
2026/10/04 00:31:32.038, 9156, 90
2026/10/04 00:31:32.302, 9158, 90
2026/10/04 00:31:32.566, 9158, 90
2026/10/04 00:31:32.830, 9158, 90
2026/10/04 00:31:33.095, 9154, 82
2026/10/04 00:31:33.359, 10794, 82
2026/10/04 00:31:33.622, 10072, 99
2026/10/04 00:31:33.887, 10072, 99
2026/10/04 00:31:34.152, 10074, 83
2026/10/04 00:31:34.417, 10074, 83
2026/10/04 00:31:34.683, 10074, 93
2026/10/04 00:31:34.947, 10074, 93
2026/10/04 00:31:35.211, 10074, 92
2026/10/04 00:31:35.476, 10072, 92
2026/10/04 00:31:35.728, 10059, 92
2026/10/04 00:31:35.993, 10102, 92
2026/10/04 00:31:36.257, 10102, 83
2026/10/04 00:31:36.521, 10102, 83
2026/10/04 00:31:36.785, 10077, 81
2026/10/04 00:31:37.050, 10077, 94
2026/10/04 00:31:37.316, 10078, 94
2026/10/04 00:31:37.580, 10078, 90
2026/10/04 00:31:37.844, 10078, 90
2026/10/04 00:31:38.109, 10078, 93
2026/10/04 00:31:38.373, 10080, 93
2026/10/04 00:31:38.638, 10080, 92
2026/10/04 00:31:38.903, 10080, 92
2026/10/04 00:31:39.155, 10080, 93
2026/10/04 00:31:39.419, 10082, 93
2026/10/04 00:31:39.683, 10082, 93
2026/10/04 00:31:39.946, 10082, 93
2026/10/04 00:31:40.210, 10082, 89
2026/10/04 00:31:40.474, 10084, 89
2026/10/04 00:31:40.737, 10084, 90
2026/10/04 00:31:41.002, 10084, 90
2026/10/04 00:31:41.267, 10084, 90
2026/10/04 00:31:41.533, 10086, 93
2026/10/04 00:31:41.799, 10086, 93
2026/10/04 00:31:42.064, 10086, 87
2026/10/04 00:31:42.328, 10086, 87
2026/10/04 00:31:42.580, 10088, 93
2026/10/04 00:31:42.845, 10088, 93
2026/10/04 00:31:43.109, 10088, 91
2026/10/04 00:31:43.375, 10088, 91
2026/10/04 00:31:43.640, 10090, 92
2026/10/04 00:31:43.905, 10090, 92
2026/10/04 00:31:44.170, 10090, 92
2026/10/04 00:31:44.436, 10092, 92
2026/10/04 00:31:44.689, 10092, 92
2026/10/04 00:31:44.955, 10092, 92
2026/10/04 00:31:45.219, 10092, 92
2026/10/04 00:31:45.484, 10094, 92
2026/10/04 00:31:45.750, 10094, 92
2026/10/04 00:31:46.014, 10094, 92
2026/10/04 00:31:46.279, 10094, 92
2026/10/04 00:31:46.543, 10096, 79
2026/10/04 00:31:46.808, 10096, 79
2026/10/04 00:31:47.073, 10096, 84
2026/10/04 00:31:47.337, 10096, 84
2026/10/04 00:31:47.601, 10098, 78
2026/10/04 00:31:47.865, 10098, 78
2026/10/04 00:31:48.130, 10098, 86
2026/10/04 00:31:48.395, 10098, 86
2026/10/04 00:31:48.661, 10100, 81
2026/10/04 00:31:48.924, 10100, 81
2026/10/04 00:31:49.189, 10100, 80
2026/10/04 00:31:49.453, 10100, 80
2026/10/04 00:31:49.717, 10102, 82
2026/10/04 00:31:49.981, 10102, 82
2026/10/04 00:31:50.247, 10102, 79
2026/10/04 00:31:50.512, 10102, 79
2026/10/04 00:31:50.776, 10104, 79
2026/10/04 00:31:51.040, 10104, 78
2026/10/04 00:31:51.306, 10104, 78
2026/10/04 00:31:51.569, 10104, 94
2026/10/04 00:31:51.834, 10106, 94
2026/10/04 00:31:52.099, 10106, 92
2026/10/04 00:31:52.364, 10106, 92
2026/10/04 00:31:52.630, 10108, 94
2026/10/04 00:31:52.895, 10108, 94
2026/10/04 00:31:53.159, 10108, 92
2026/10/04 00:31:53.410, 10108, 92
2026/10/04 00:31:53.676, 10110, 93
2026/10/04 00:31:53.941, 10110, 93
2026/10/04 00:31:54.205, 10110, 93
2026/10/04 00:31:54.468, 10110, 93
2026/10/04 00:31:54.719, 10112, 90
2026/10/04 00:31:54.983, 10112, 90
2026/10/04 00:31:55.249, 10112, 90
2026/10/04 00:31:55.514, 10112, 90
2026/10/04 00:31:55.778, 10114, 92
2026/10/04 00:31:56.043, 10114, 90
2026/10/04 00:31:56.308, 10114, 90
2026/10/04 00:31:56.574, 10114, 79
2026/10/04 00:31:56.838, 10116, 79
2026/10/04 00:31:57.102, 10116, 80
2026/10/04 00:31:57.368, 10116, 80
2026/10/04 00:31:57.632, 10116, 83
2026/10/04 00:31:57.895, 10118, 83
2026/10/04 00:31:58.159, 10118, 82
2026/10/04 00:31:58.423, 10118, 82
2026/10/04 00:31:58.688, 10118, 94
2026/10/04 00:31:58.953, 10120, 94
2026/10/04 00:31:59.217, 10120, 78
2026/10/04 00:31:59.483, 10120, 78
2026/10/04 00:31:59.747, 10120, 80
2026/10/04 00:32:00.013, 10122, 80
2026/10/04 00:32:00.264, 10122, 92
2026/10/04 00:32:00.530, 10122, 91
2026/10/04 00:32:00.794, 10122, 91
2026/10/04 00:32:01.060, 10124, 92
2026/10/04 00:32:01.324, 10124, 92
2026/10/04 00:32:01.590, 10124, 92
2026/10/04 00:32:01.855, 10126, 92
2026/10/04 00:32:02.120, 10126, 92
2026/10/04 00:32:02.385, 10126, 92
2026/10/04 00:32:02.651, 10126, 92
2026/10/04 00:32:02.915, 10128, 92
2026/10/04 00:32:03.180, 10128, 93
2026/10/04 00:32:03.445, 10128, 93
2026/10/04 00:32:03.709, 10128, 93
2026/10/04 00:32:03.973, 10130, 93
2026/10/04 00:32:04.238, 10130, 89
2026/10/04 00:32:04.504, 10130, 89
2026/10/04 00:32:04.769, 10130, 92
2026/10/04 00:32:05.033, 10132, 93
2026/10/04 00:32:05.298, 10132, 93
2026/10/04 00:32:05.564, 10132, 89
2026/10/04 00:32:05.828, 10132, 89
2026/10/04 00:32:06.092, 10132, 89
2026/10/04 00:32:06.343, 10132, 89
2026/10/04 00:32:06.609, 10131, 90
2026/10/04 00:32:06.860, 10078, 90
2026/10/04 00:32:07.124, 10078, 87
2026/10/04 00:32:07.389, 10078, 87
2026/10/04 00:32:07.654, 10078, 94
2026/10/04 00:32:07.917, 10078, 94
2026/10/04 00:32:08.181, 10080, 91
2026/10/04 00:32:08.445, 10080, 91
2026/10/04 00:32:08.710, 10080, 78
2026/10/04 00:32:08.974, 10080, 78
2026/10/04 00:32:09.227, 10082, 92
2026/10/04 00:32:09.493, 10082, 92
2026/10/04 00:32:09.758, 10082, 82
2026/10/04 00:32:10.023, 10082, 82
2026/10/04 00:32:10.288, 10084, 83
2026/10/04 00:32:10.552, 10084, 79
2026/10/04 00:32:10.816, 10084, 79
2026/10/04 00:32:11.080, 10084, 78
2026/10/04 00:32:11.346, 10086, 78
2026/10/04 00:32:11.610, 10086, 84
2026/10/04 00:32:11.874, 10086, 84
2026/10/04 00:32:12.138, 10088, 82
2026/10/04 00:32:12.402, 10088, 82
2026/10/04 00:32:12.666, 10095, 92
2026/10/04 00:32:12.932, 10095, 92
2026/10/04 00:32:13.197, 10097, 93
2026/10/04 00:32:13.462, 10097, 93
2026/10/04 00:32:13.726, 10097, 93
2026/10/04 00:32:13.991, 10097, 93
2026/10/04 00:32:14.256, 10094, 94
2026/10/04 00:32:14.520, 10094, 94
2026/10/04 00:32:14.784, 10094, 94
2026/10/04 00:32:15.050, 10094, 94
2026/10/04 00:32:15.314, 10096, 94
2026/10/04 00:32:15.580, 10096, 94
2026/10/04 00:32:15.845, 10096, 94
2026/10/04 00:32:16.109, 10096, 93
2026/10/04 00:32:16.375, 10098, 93
2026/10/04 00:32:16.628, 10098, 94
2026/10/04 00:32:16.892, 10097, 94
2026/10/04 00:32:17.157, 10097, 92
2026/10/04 00:32:17.422, 10099, 92
2026/10/04 00:32:17.686, 10097, 93
2026/10/04 00:32:17.951, 10097, 93
2026/10/04 00:32:18.215, 10097, 83
2026/10/04 00:32:18.480, 10099, 83
2026/10/04 00:32:18.745, 10099, 83
2026/10/04 00:32:19.009, 10099, 83
2026/10/04 00:32:19.274, 10099, 91
2026/10/04 00:32:19.538, 10101, 82
2026/10/04 00:32:19.789, 10101, 82
2026/10/04 00:32:20.042, 10101, 93
2026/10/04 00:32:20.308, 10101, 93
2026/10/04 00:32:20.572, 10103, 91
2026/10/04 00:32:20.836, 10103, 91
2026/10/04 00:32:21.102, 10103, 93
2026/10/04 00:32:21.354, 10103, 93
2026/10/04 00:32:21.618, 10105, 94
2026/10/04 00:32:21.871, 10105, 94
2026/10/04 00:32:22.136, 10105, 94
2026/10/04 00:32:22.400, 10107, 94
2026/10/04 00:32:22.664, 10107, 83
2026/10/04 00:32:22.927, 10107, 83
2026/10/04 00:32:23.192, 10107, 80
2026/10/04 00:32:23.456, 10109, 80
2026/10/04 00:32:23.721, 10109, 81
2026/10/04 00:32:23.987, 10109, 81
2026/10/04 00:32:24.253, 10109, 81
2026/10/04 00:32:24.517, 10111, 81
2026/10/04 00:32:24.782, 10111, 83
2026/10/04 00:32:25.047, 10111, 93
2026/10/04 00:32:25.311, 10111, 93
2026/10/04 00:32:25.575, 10113, 82
2026/10/04 00:32:25.827, 10113, 82
2026/10/04 00:32:26.091, 10113, 82
2026/10/04 00:32:26.356, 10113, 82
2026/10/04 00:32:26.620, 10115, 92
2026/10/04 00:32:26.884, 10115, 92
2026/10/04 00:32:27.135, 10115, 93
2026/10/04 00:32:27.399, 10115, 93
2026/10/04 00:32:27.665, 10117, 93
2026/10/04 00:32:27.930, 10117, 93
2026/10/04 00:32:28.194, 10117, 94
2026/10/04 00:32:28.445, 10117, 94
2026/10/04 00:32:28.709, 10119, 92
2026/10/04 00:32:28.972, 10119, 92
2026/10/04 00:32:29.236, 10119, 91
2026/10/04 00:32:29.500, 10119, 91
2026/10/04 00:32:29.764, 10121, 89
2026/10/04 00:32:30.018, 10121, 89
2026/10/04 00:32:30.270, 10121, 92
2026/10/04 00:32:30.534, 10121, 93
2026/10/04 00:32:30.785, 10123, 93
2026/10/04 00:32:31.049, 10123, 93
2026/10/04 00:32:31.300, 10123, 93
2026/10/04 00:32:31.564, 10123, 94
2026/10/04 00:32:31.818, 10125, 94
2026/10/04 00:32:32.084, 10125, 94
2026/10/04 00:32:32.349, 10125, 94
2026/10/04 00:32:32.601, 10125, 95
2026/10/04 00:32:32.865, 10128, 95
2026/10/04 00:32:33.119, 10128, 95
2026/10/04 00:32:33.384, 10128, 95
2026/10/04 00:32:33.648, 10128, 81
2026/10/04 00:32:33.899, 10130, 81
2026/10/04 00:32:34.164, 10130, 92
2026/10/04 00:32:34.429, 10130, 92
2026/10/04 00:32:34.695, 10130, 93
2026/10/04 00:32:34.958, 10131, 93
2026/10/04 00:32:35.209, 10131, 93
2026/10/04 00:32:35.474, 10131, 93
2026/10/04 00:32:35.738, 10131, 93
2026/10/04 00:32:35.990, 10131, 93
2026/10/04 00:32:36.255, 10131, 92
2026/10/04 00:32:36.519, 10131, 92
2026/10/04 00:32:36.771, 10114, 93
2026/10/04 00:32:37.036, 10705, 87
2026/10/04 00:32:37.302, 10705, 87
2026/10/04 00:32:37.552, 10705, 100
2026/10/04 00:32:37.817, 10707, 100
2026/10/04 00:32:38.082, 10707, 99
2026/10/04 00:32:38.347, 10707, 99
2026/10/04 00:32:38.612, 10707, 99
2026/10/04 00:32:38.866, 10709, 99
2026/10/04 00:32:39.130, 10709, 100
2026/10/04 00:32:39.395, 10709, 100
2026/10/04 00:32:39.660, 10709, 100
2026/10/04 00:32:39.924, 10711, 100
2026/10/04 00:32:40.188, 10711, 100
2026/10/04 00:32:40.454, 10711, 100
2026/10/04 00:32:40.720, 10711, 100
2026/10/04 00:32:40.973, 10713, 100
2026/10/04 00:32:41.239, 10713, 100
2026/10/04 00:32:41.504, 10713, 100
2026/10/04 00:32:41.767, 10713, 99
2026/10/04 00:32:42.019, 10715, 99
2026/10/04 00:32:42.283, 10715, 98
2026/10/04 00:32:42.548, 10715, 100
2026/10/04 00:32:42.799, 10715, 100
2026/10/04 00:32:43.064, 10717, 100
2026/10/04 00:32:43.328, 10717, 100
2026/10/04 00:32:43.594, 10717, 100
2026/10/04 00:32:43.860, 10717, 100
2026/10/04 00:32:44.114, 10719, 100
2026/10/04 00:32:44.378, 10719, 100
2026/10/04 00:32:44.642, 10719, 100
2026/10/04 00:32:44.905, 10719, 100
2026/10/04 00:32:45.170, 10721, 99
2026/10/04 00:32:45.434, 10721, 99
2026/10/04 00:32:45.698, 10721, 99
2026/10/04 00:32:45.949, 10721, 99
2026/10/04 00:32:46.215, 10723, 100
2026/10/04 00:32:46.480, 10723, 100
2026/10/04 00:32:46.743, 10723, 100
2026/10/04 00:32:47.008, 10723, 100
2026/10/04 00:32:47.273, 10725, 100
2026/10/04 00:32:47.537, 10725, 100
2026/10/04 00:32:47.802, 10725, 100
2026/10/04 00:32:48.067, 10727, 100
2026/10/04 00:32:48.331, 10727, 100
2026/10/04 00:32:48.596, 10727, 99
2026/10/04 00:32:48.862, 10727, 99
2026/10/04 00:32:49.126, 10729, 99
2026/10/04 00:32:49.391, 10729, 99
2026/10/04 00:32:49.654, 10729, 100
2026/10/04 00:32:49.919, 10729, 100
2026/10/04 00:32:50.173, 10731, 100
2026/10/04 00:32:50.439, 10731, 100
2026/10/04 00:32:50.692, 10731, 100
2026/10/04 00:32:50.957, 10731, 100
2026/10/04 00:32:51.209, 10733, 100
2026/10/04 00:32:51.473, 10733, 100
2026/10/04 00:32:51.737, 10733, 100
2026/10/04 00:32:52.001, 10733, 100
2026/10/04 00:32:52.252, 10735, 99
2026/10/04 00:32:52.517, 10735, 99
2026/10/04 00:32:52.769, 10735, 99
2026/10/04 00:32:53.034, 10735, 100
2026/10/04 00:32:53.298, 10737, 100
2026/10/04 00:32:53.562, 10737, 100
2026/10/04 00:32:53.827, 10737, 100
2026/10/04 00:32:54.091, 10737, 100
2026/10/04 00:32:54.355, 10739, 100
2026/10/04 00:32:54.621, 10739, 100
2026/10/04 00:32:54.886, 10739, 100
2026/10/04 00:32:55.149, 10739, 100
2026/10/04 00:32:55.414, 10741, 100
2026/10/04 00:32:55.678, 10741, 99
2026/10/04 00:32:55.943, 10741, 99
2026/10/04 00:32:56.208, 10741, 99
2026/10/04 00:32:56.472, 10743, 99
2026/10/04 00:32:56.736, 10743, 100
2026/10/04 00:32:57.000, 10743, 100
2026/10/04 00:32:57.265, 10743, 100
2026/10/04 00:32:57.530, 10745, 100
2026/10/04 00:32:57.794, 10745, 100
2026/10/04 00:32:58.060, 10745, 100
2026/10/04 00:32:58.324, 10747, 100
2026/10/04 00:32:58.587, 10747, 100
2026/10/04 00:32:58.852, 10747, 100
2026/10/04 00:32:59.116, 10747, 99
2026/10/04 00:32:59.381, 10749, 99
2026/10/04 00:32:59.644, 10749, 98
2026/10/04 00:32:59.910, 10749, 98
2026/10/04 00:33:00.174, 10749, 100
2026/10/04 00:33:00.438, 10751, 100
2026/10/04 00:33:00.691, 10751, 100
2026/10/04 00:33:00.957, 10751, 100
2026/10/04 00:33:01.211, 10751, 100
2026/10/04 00:33:01.477, 10753, 100
2026/10/04 00:33:01.729, 10753, 100
2026/10/04 00:33:01.993, 10753, 100
2026/10/04 00:33:02.258, 10753, 100
2026/10/04 00:33:02.523, 10755, 100
2026/10/04 00:33:02.787, 10755, 98
2026/10/04 00:33:03.052, 10755, 100
2026/10/04 00:33:03.316, 10755, 100
2026/10/04 00:33:03.579, 10757, 100
2026/10/04 00:33:03.831, 10757, 100
2026/10/04 00:33:04.097, 10757, 100
2026/10/04 00:33:04.360, 10757, 100
2026/10/04 00:33:04.614, 10759, 100
2026/10/04 00:33:04.879, 10759, 100
2026/10/04 00:33:05.143, 10759, 100
2026/10/04 00:33:05.407, 10759, 100
2026/10/04 00:33:05.672, 10759, 100
2026/10/04 00:33:05.936, 10759, 100
2026/10/04 00:33:06.200, 10759, 11
2026/10/04 00:33:06.464, 10759, 11
2026/10/04 00:33:06.729, 10750, 52
2026/10/04 00:33:06.993, 10703, 52
2026/10/04 00:33:07.258, 9663, 12
2026/10/04 00:33:07.522, 2245, 12
2026/10/04 00:33:07.785, 5987, 6
2026/10/04 00:33:08.038, 6731, 100
2026/10/04 00:33:08.303, 8219, 100
2026/10/04 00:33:08.567, 8219, 96
2026/10/04 00:33:08.831, 8222, 96
2026/10/04 00:33:09.096, 8224, 97
2026/10/04 00:33:09.359, 8224, 97
2026/10/04 00:33:09.625, 8226, 100
2026/10/04 00:33:09.889, 8226, 100
2026/10/04 00:33:10.153, 1972, 9
2026/10/04 00:33:10.417, 2694, 9
2026/10/04 00:33:10.681, 4348, 46
2026/10/04 00:33:10.945, 6452, 46
2026/10/04 00:33:11.208, 8618, 50
2026/10/04 00:33:11.473, 9768, 50
2026/10/04 00:33:11.737, 9782, 76
2026/10/04 00:33:12.001, 9782, 76
2026/10/04 00:33:12.264, 9782, 79
2026/10/04 00:33:12.529, 9782, 79
2026/10/04 00:33:12.793, 9814, 92
2026/10/04 00:33:13.058, 9811, 91
2026/10/04 00:33:13.310, 9814, 91
2026/10/04 00:33:13.575, 9814, 92
2026/10/04 00:33:13.840, 9816, 92
2026/10/04 00:33:14.104, 9813, 80
2026/10/04 00:33:14.369, 9813, 80
2026/10/04 00:33:14.635, 9813, 91
2026/10/04 00:33:14.900, 9815, 91
2026/10/04 00:33:15.165, 9803, 93
2026/10/04 00:33:15.431, 9803, 93
2026/10/04 00:33:15.696, 9803, 89
2026/10/04 00:33:15.961, 9805, 89
2026/10/04 00:33:16.226, 9794, 93
2026/10/04 00:33:16.492, 9794, 93
2026/10/04 00:33:16.757, 9794, 93
2026/10/04 00:33:17.023, 9796, 93
2026/10/04 00:33:17.288, 9796, 80
2026/10/04 00:33:17.554, 9796, 91
2026/10/04 00:33:17.819, 9793, 91
2026/10/04 00:33:18.083, 9784, 92
2026/10/04 00:33:18.348, 9781, 92
2026/10/04 00:33:18.599, 9781, 90
2026/10/04 00:33:18.865, 9779, 90
2026/10/04 00:33:19.130, 9779, 92
2026/10/04 00:33:19.395, 9779, 92
2026/10/04 00:33:19.660, 9779, 90
2026/10/04 00:33:19.926, 9781, 90
2026/10/04 00:33:20.190, 9781, 92
2026/10/04 00:33:20.455, 9781, 92
2026/10/04 00:33:20.721, 9781, 91
2026/10/04 00:33:20.986, 9783, 91
2026/10/04 00:33:21.251, 9783, 80
2026/10/04 00:33:21.516, 9783, 80
2026/10/04 00:33:21.782, 9783, 94
2026/10/04 00:33:22.046, 9785, 92
2026/10/04 00:33:22.311, 9785, 92
2026/10/04 00:33:22.577, 9785, 87
2026/10/04 00:33:22.843, 9785, 87
2026/10/04 00:33:23.107, 9787, 92
2026/10/04 00:33:23.373, 9787, 92
2026/10/04 00:33:23.638, 9787, 91
2026/10/04 00:33:23.903, 9787, 91
2026/10/04 00:33:24.169, 9789, 88
2026/10/04 00:33:24.434, 9789, 88
2026/10/04 00:33:24.699, 9789, 81
2026/10/04 00:33:24.964, 9789, 81
2026/10/04 00:33:25.228, 9791, 79
2026/10/04 00:33:25.494, 9791, 79
2026/10/04 00:33:25.747, 9791, 84
2026/10/04 00:33:26.011, 9791, 84
2026/10/04 00:33:26.277, 9793, 92
2026/10/04 00:33:26.542, 9793, 81
2026/10/04 00:33:26.808, 9793, 81
2026/10/04 00:33:27.072, 9795, 82
2026/10/04 00:33:27.337, 9795, 82
2026/10/04 00:33:27.589, 9795, 92
2026/10/04 00:33:27.854, 9795, 92
2026/10/04 00:33:28.119, 9797, 80
2026/10/04 00:33:28.384, 9797, 80
2026/10/04 00:33:28.650, 9797, 82
2026/10/04 00:33:28.914, 9797, 82
2026/10/04 00:33:29.179, 9799, 81
2026/10/04 00:33:29.443, 9799, 81
2026/10/04 00:33:29.708, 9799, 92
2026/10/04 00:33:29.960, 9799, 92
2026/10/04 00:33:30.225, 9801, 90
2026/10/04 00:33:30.489, 9801, 90
2026/10/04 00:33:30.755, 9801, 92
2026/10/04 00:33:31.020, 9801, 92
2026/10/04 00:33:31.285, 9803, 93
2026/10/04 00:33:31.550, 9803, 91
2026/10/04 00:33:31.814, 9803, 91
2026/10/04 00:33:32.078, 9803, 90
2026/10/04 00:33:32.343, 9805, 90
2026/10/04 00:33:32.606, 9805, 82
2026/10/04 00:33:32.871, 9805, 82
2026/10/04 00:33:33.137, 9805, 93
2026/10/04 00:33:33.402, 9807, 93
2026/10/04 00:33:33.668, 9807, 93
2026/10/04 00:33:33.933, 9807, 93
2026/10/04 00:33:34.184, 9807, 93
2026/10/04 00:33:34.448, 9809, 93
2026/10/04 00:33:34.701, 9809, 94
2026/10/04 00:33:34.953, 9809, 94
2026/10/04 00:33:35.218, 9809, 93
2026/10/04 00:33:35.470, 9809, 93
2026/10/04 00:33:35.735, 9809, 92
2026/10/04 00:33:36.001, 9809, 92
2026/10/04 00:33:36.265, 9809, 92
2026/10/04 00:33:36.531, 9809, 92
2026/10/04 00:33:36.794, 9794, 81
2026/10/04 00:33:37.059, 9755, 81
2026/10/04 00:33:37.324, 9755, 81
2026/10/04 00:33:37.575, 9757, 80
2026/10/04 00:33:37.840, 9757, 80
2026/10/04 00:33:38.105, 9757, 82
2026/10/04 00:33:38.371, 9759, 82
2026/10/04 00:33:38.635, 9759, 82
2026/10/04 00:33:38.901, 9759, 82
2026/10/04 00:33:39.166, 9759, 79
2026/10/04 00:33:39.429, 9780, 79
2026/10/04 00:33:39.695, 9780, 92
2026/10/04 00:33:39.960, 9782, 92
2026/10/04 00:33:40.225, 9788, 92
2026/10/04 00:33:40.490, 9789, 92
2026/10/04 00:33:40.755, 9789, 92
2026/10/04 00:33:41.020, 9797, 92
2026/10/04 00:33:41.286, 9797, 94
2026/10/04 00:33:41.539, 9799, 92
2026/10/04 00:33:41.803, 9799, 92
2026/10/04 00:33:42.068, 9796, 87
2026/10/04 00:33:42.333, 9795, 87
2026/10/04 00:33:42.598, 9799, 93
2026/10/04 00:33:42.864, 9799, 93
2026/10/04 00:33:43.130, 9791, 84
2026/10/04 00:33:43.381, 9791, 84
2026/10/04 00:33:43.646, 9793, 81
2026/10/04 00:33:43.911, 9793, 81
2026/10/04 00:33:44.176, 9790, 81
2026/10/04 00:33:44.441, 9790, 81
2026/10/04 00:33:44.705, 9787, 82
2026/10/04 00:33:44.970, 9787, 82
2026/10/04 00:33:45.234, 9783, 86
2026/10/04 00:33:45.485, 9783, 86
2026/10/04 00:33:45.751, 9785, 90
2026/10/04 00:33:46.016, 9785, 90
2026/10/04 00:33:46.282, 9785, 84
2026/10/04 00:33:46.545, 10003, 87
2026/10/04 00:33:46.797, 10005, 87
2026/10/04 00:33:47.061, 10005, 99
2026/10/04 00:33:47.325, 9996, 99
2026/10/04 00:33:47.591, 9996, 98
2026/10/04 00:33:47.855, 9998, 98
2026/10/04 00:33:48.121, 9998, 98
2026/10/04 00:33:48.386, 9998, 98
2026/10/04 00:33:48.652, 10000, 99
2026/10/04 00:33:48.903, 10000, 99
2026/10/04 00:33:49.168, 10000, 99
2026/10/04 00:33:49.434, 10000, 99
2026/10/04 00:33:49.700, 10002, 99
2026/10/04 00:33:49.965, 10001, 99
2026/10/04 00:33:50.230, 10001, 98
2026/10/04 00:33:50.496, 10001, 98
2026/10/04 00:33:50.760, 10003, 99
2026/10/04 00:33:51.024, 10003, 99
2026/10/04 00:33:51.288, 10003, 99
2026/10/04 00:33:51.554, 10003, 98
2026/10/04 00:33:51.819, 10004, 98
2026/10/04 00:33:52.083, 10004, 99
2026/10/04 00:33:52.348, 10004, 99
2026/10/04 00:33:52.613, 10004, 98
2026/10/04 00:33:52.877, 10006, 98
2026/10/04 00:33:53.143, 10006, 99
2026/10/04 00:33:53.409, 10006, 99
2026/10/04 00:33:53.660, 10006, 98
2026/10/04 00:33:53.913, 10008, 98
2026/10/04 00:33:54.167, 10008, 98
2026/10/04 00:33:54.431, 10008, 98
2026/10/04 00:33:54.695, 10008, 99
2026/10/04 00:33:54.961, 10010, 99
2026/10/04 00:33:55.225, 10010, 98
2026/10/04 00:33:55.490, 10010, 98
2026/10/04 00:33:55.754, 10010, 99
2026/10/04 00:33:56.020, 10012, 99
2026/10/04 00:33:56.286, 10012, 98
2026/10/04 00:33:56.537, 10012, 99
2026/10/04 00:33:56.802, 10012, 99
2026/10/04 00:33:57.067, 10014, 99
2026/10/04 00:33:57.333, 10014, 99
2026/10/04 00:33:57.598, 10014, 98
2026/10/04 00:33:57.850, 10014, 98
2026/10/04 00:33:58.115, 10016, 99
2026/10/04 00:33:58.380, 10016, 99
2026/10/04 00:33:58.644, 10016, 98
2026/10/04 00:33:58.909, 10018, 98
2026/10/04 00:33:59.174, 10018, 99
2026/10/04 00:33:59.439, 10018, 99
2026/10/04 00:33:59.703, 10018, 98
2026/10/04 00:33:59.954, 10020, 98
2026/10/04 00:34:00.219, 10020, 23
2026/10/04 00:34:00.483, 10020, 23
2026/10/04 00:34:00.748, 10020, 37
2026/10/04 00:34:01.013, 10022, 37
2026/10/04 00:34:01.278, 10022, 40
2026/10/04 00:34:01.542, 10022, 12
2026/10/04 00:34:01.807, 5502, 12
2026/10/04 00:34:02.072, 6064, 80
2026/10/04 00:34:02.338, 8296, 80
2026/10/04 00:34:02.603, 8296, 100
2026/10/04 00:34:02.854, 8296, 100
2026/10/04 00:34:03.120, 8298, 100
2026/10/04 00:34:03.384, 2094, 100
2026/10/04 00:34:03.648, 2094, 5
2026/10/04 00:34:03.911, 2094, 5
2026/10/04 00:34:04.175, 2096, 5
2026/10/04 00:34:04.437, 2096, 5
2026/10/04 00:34:04.700, 2096, 6
2026/10/04 00:34:04.962, 2096, 6
2026/10/04 00:34:05.225, 2096, 6
2026/10/04 00:34:05.488, 2096, 6
2026/10/04 00:34:05.753, 2096, 6
2026/10/04 00:34:06.016, 2102, 6
2026/10/04 00:34:06.281, 2107, 8
2026/10/04 00:34:06.545, 2109, 6
2026/10/04 00:34:06.809, 2096, 6
2026/10/04 00:34:07.074, 2075, 8
2026/10/04 00:34:07.339, 2076, 8
2026/10/04 00:34:07.603, 2076, 6
2026/10/04 00:34:07.867, 2076, 6
2026/10/04 00:34:08.129, 2076, 6
2026/10/04 00:34:08.392, 2075, 6
2026/10/04 00:34:08.655, 2075, 6
2026/10/04 00:34:08.918, 2063, 6
2026/10/04 00:34:09.182, 2063, 6
2026/10/04 00:34:09.446, 2063, 6
2026/10/04 00:34:09.708, 2063, 2
2026/10/04 00:34:09.972, 2063, 2
2026/10/04 00:34:10.236, 2063, 3
2026/10/04 00:34:10.498, 2063, 3
2026/10/04 00:34:10.760, 2063, 6
2026/10/04 00:34:11.024, 2063, 6
2026/10/04 00:34:11.287, 2063, 6
2026/10/04 00:34:11.550, 2063, 6
2026/10/04 00:34:11.812, 2055, 6
2026/10/04 00:34:12.075, 2035, 7
2026/10/04 00:34:12.339, 2022, 7
2026/10/04 00:34:12.603, 2022, 2
2026/10/04 00:34:12.866, 2022, 2
2026/10/04 00:34:13.129, 2022, 6
2026/10/04 00:34:13.391, 2022, 6
2026/10/04 00:34:13.655, 2022, 6
2026/10/04 00:34:13.917, 2022, 6
2026/10/04 00:34:14.178, 2022, 6
2026/10/04 00:34:14.443, 2022, 6
2026/10/04 00:34:14.707, 2022, 6
2026/10/04 00:34:14.970, 2022, 6
2026/10/04 00:34:15.233, 2022, 6
2026/10/04 00:34:15.498, 2043, 6
2026/10/04 00:34:15.761, 2043, 7
2026/10/04 00:34:16.025, 2043, 7
2026/10/04 00:34:16.287, 2043, 6
2026/10/04 00:34:16.550, 2043, 6
2026/10/04 00:34:16.814, 2043, 6
2026/10/04 00:34:17.076, 2043, 7
2026/10/04 00:34:17.339, 2051, 7
2026/10/04 00:34:17.603, 2045, 6
2026/10/04 00:34:17.866, 2045, 6
2026/10/04 00:34:18.130, 2045, 6
2026/10/04 00:34:18.393, 2043, 6
2026/10/04 00:34:18.659, 2043, 3
2026/10/04 00:34:18.921, 2043, 3
2026/10/04 00:34:19.185, 2043, 6
2026/10/04 00:34:19.449, 2043, 6
2026/10/04 00:34:19.712, 2043, 6
2026/10/04 00:34:19.975, 2043, 6
2026/10/04 00:34:20.239, 2043, 7
2026/10/04 00:34:20.501, 2037, 7
2026/10/04 00:34:20.765, 2037, 6
2026/10/04 00:34:21.028, 2037, 6
2026/10/04 00:34:21.292, 2044, 6
2026/10/04 00:34:21.554, 2044, 3
2026/10/04 00:34:21.817, 2045, 3
2026/10/04 00:34:22.080, 2048, 7
2026/10/04 00:34:22.343, 2042, 7
2026/10/04 00:34:22.608, 2042, 5
2026/10/04 00:34:22.871, 2042, 5
2026/10/04 00:34:23.135, 2042, 6
2026/10/04 00:34:23.398, 2042, 6
2026/10/04 00:34:23.662, 2035, 5
2026/10/04 00:34:23.926, 2035, 5
2026/10/04 00:34:24.189, 2035, 5
2026/10/04 00:34:24.455, 2035, 5
2026/10/04 00:34:24.718, 2036, 3
2026/10/04 00:34:24.980, 2036, 3
2026/10/04 00:34:25.244, 2035, 5
2026/10/04 00:34:25.508, 2035, 5
2026/10/04 00:34:25.772, 2035, 6
2026/10/04 00:34:26.036, 2035, 6
2026/10/04 00:34:26.300, 2036, 7
2026/10/04 00:34:26.563, 2036, 6
2026/10/04 00:34:26.828, 2053, 6
2026/10/04 00:34:27.093, 2070, 6
2026/10/04 00:34:27.356, 2070, 6
2026/10/04 00:34:27.620, 2070, 6
2026/10/04 00:34:27.883, 2088, 6
2026/10/04 00:34:28.147, 2084, 6
2026/10/04 00:34:28.410, 2083, 6
2026/10/04 00:34:28.675, 2083, 5
2026/10/04 00:34:28.938, 2082, 5
2026/10/04 00:34:29.201, 2068, 7
2026/10/04 00:34:29.465, 2068, 7
2026/10/04 00:34:29.729, 2068, 6
2026/10/04 00:34:29.992, 2067, 6
2026/10/04 00:34:30.255, 2052, 6
2026/10/04 00:34:30.517, 2052, 6
2026/10/04 00:34:30.780, 2052, 2
2026/10/04 00:34:31.042, 2052, 6
2026/10/04 00:34:31.306, 2049, 6
2026/10/04 00:34:31.568, 2049, 7
2026/10/04 00:34:31.831, 2059, 7
2026/10/04 00:34:32.094, 2059, 6
2026/10/04 00:34:32.357, 2069, 6
2026/10/04 00:34:32.619, 2069, 7
2026/10/04 00:34:32.882, 2069, 7
2026/10/04 00:34:33.147, 2070, 7
2026/10/04 00:34:33.411, 2084, 7
2026/10/04 00:34:33.676, 2084, 9
2026/10/04 00:34:33.941, 2077, 9
2026/10/04 00:34:34.204, 2077, 6
2026/10/04 00:34:34.467, 2077, 6
2026/10/04 00:34:34.732, 2077, 7
2026/10/04 00:34:34.996, 2072, 7
2026/10/04 00:34:35.259, 2066, 6
2026/10/04 00:34:35.521, 2066, 6
2026/10/04 00:34:35.784, 2066, 6
2026/10/04 00:34:36.046, 2066, 8
2026/10/04 00:34:36.309, 2062, 8
2026/10/04 00:34:36.573, 2062, 6
2026/10/04 00:34:36.838, 2059, 6
2026/10/04 00:34:37.103, 2010, 7
2026/10/04 00:34:37.367, 2008, 7
2026/10/04 00:34:37.632, 2008, 8
2026/10/04 00:34:37.896, 2008, 8
2026/10/04 00:34:38.162, 2008, 7
2026/10/04 00:34:38.426, 2005, 7
2026/10/04 00:34:38.691, 2005, 7
2026/10/04 00:34:38.955, 2005, 7
2026/10/04 00:34:39.221, 2005, 7
2026/10/04 00:34:39.485, 2005, 7
2026/10/04 00:34:39.751, 2007, 7
2026/10/04 00:34:40.015, 2002, 7
2026/10/04 00:34:40.280, 2002, 7
2026/10/04 00:34:40.544, 2002, 7
2026/10/04 00:34:40.808, 2002, 7
2026/10/04 00:34:41.073, 2002, 6
2026/10/04 00:34:41.337, 2004, 6
2026/10/04 00:34:41.602, 2004, 6
2026/10/04 00:34:41.866, 2004, 6
2026/10/04 00:34:42.131, 2004, 6
2026/10/04 00:34:42.395, 1985, 6
2026/10/04 00:34:42.661, 1985, 6
2026/10/04 00:34:42.925, 1985, 6
2026/10/04 00:34:43.189, 1985, 6
2026/10/04 00:34:43.454, 1985, 6
2026/10/04 00:34:43.719, 1985, 6
2026/10/04 00:34:43.984, 1985, 6
2026/10/04 00:34:44.247, 1985, 7
2026/10/04 00:34:44.513, 1985, 7
2026/10/04 00:34:44.779, 1985, 7
2026/10/04 00:34:45.044, 1985, 6
2026/10/04 00:34:45.308, 1985, 6
2026/10/04 00:34:45.573, 1985, 7
2026/10/04 00:34:45.837, 1985, 7
2026/10/04 00:34:46.102, 1985, 6
2026/10/04 00:34:46.367, 1985, 6
2026/10/04 00:34:46.618, 1985, 6
2026/10/04 00:34:46.882, 1985, 6
2026/10/04 00:34:47.145, 1985, 6
2026/10/04 00:34:47.409, 1985, 6
2026/10/04 00:34:47.674, 1983, 7
2026/10/04 00:34:47.938, 1983, 7
2026/10/04 00:34:48.204, 1983, 8
2026/10/04 00:34:48.469, 1983, 8
2026/10/04 00:34:48.733, 1983, 7
2026/10/04 00:34:48.997, 1983, 7
2026/10/04 00:34:49.263, 1983, 7
2026/10/04 00:34:49.527, 1983, 7
2026/10/04 00:34:49.790, 1983, 8
2026/10/04 00:34:50.052, 1983, 7
2026/10/04 00:34:50.317, 1983, 7
2026/10/04 00:34:50.579, 1983, 7
2026/10/04 00:34:50.843, 1983, 7
2026/10/04 00:34:51.107, 1983, 6
2026/10/04 00:34:51.372, 1983, 6
2026/10/04 00:34:51.637, 1983, 7
2026/10/04 00:34:51.903, 1983, 7
2026/10/04 00:34:52.168, 1996, 8
2026/10/04 00:34:52.432, 2000, 8
2026/10/04 00:34:52.696, 2015, 7
2026/10/04 00:34:52.961, 2015, 7
2026/10/04 00:34:53.225, 2015, 6
2026/10/04 00:34:53.490, 2015, 6
2026/10/04 00:34:53.754, 2015, 6
2026/10/04 00:34:54.005, 2015, 6
2026/10/04 00:34:54.269, 2015, 6
2026/10/04 00:34:54.534, 2015, 6
2026/10/04 00:34:54.800, 2013, 6
2026/10/04 00:34:55.064, 2006, 7
2026/10/04 00:34:55.328, 2006, 7
2026/10/04 00:34:55.593, 2012, 9
2026/10/04 00:34:55.858, 2018, 9
2026/10/04 00:34:56.122, 2018, 8
2026/10/04 00:34:56.387, 2018, 8
2026/10/04 00:34:56.651, 2018, 8
2026/10/04 00:34:56.915, 2018, 8
2026/10/04 00:34:57.180, 2016, 8
2026/10/04 00:34:57.444, 2015, 8
2026/10/04 00:34:57.708, 1996, 7
2026/10/04 00:34:57.973, 1996, 7
2026/10/04 00:34:58.236, 1987, 6
2026/10/04 00:34:58.500, 1987, 6
2026/10/04 00:34:58.764, 1987, 6
2026/10/04 00:34:59.027, 1987, 6
2026/10/04 00:34:59.291, 1987, 6
2026/10/04 00:34:59.554, 1987, 6
2026/10/04 00:34:59.816, 1987, 6
2026/10/04 00:35:00.078, 1987, 6
2026/10/04 00:35:00.341, 2008, 6
2026/10/04 00:35:00.602, 2008, 6
2026/10/04 00:35:00.867, 2004, 6
2026/10/04 00:35:01.129, 2004, 6
2026/10/04 00:35:01.409, 2004, 6
2026/10/04 00:35:01.671, 2004, 6
2026/10/04 00:35:01.934, 2005, 6
2026/10/04 00:35:02.196, 2005, 7
2026/10/04 00:35:02.460, 2005, 7
2026/10/04 00:35:02.724, 2008, 6
2026/10/04 00:35:02.988, 2008, 6
2026/10/04 00:35:03.253, 2023, 6
2026/10/04 00:35:03.515, 2023, 6
2026/10/04 00:35:03.780, 2023, 7
2026/10/04 00:35:04.043, 2023, 6
2026/10/04 00:35:04.306, 2023, 6
2026/10/04 00:35:04.568, 2023, 6
2026/10/04 00:35:04.832, 2022, 6
2026/10/04 00:35:05.095, 2017, 6
2026/10/04 00:35:05.358, 2017, 6
2026/10/04 00:35:05.619, 2017, 6
2026/10/04 00:35:05.882, 2017, 6
2026/10/04 00:35:06.144, 2017, 6
2026/10/04 00:35:06.409, 2017, 6
2026/10/04 00:35:06.673, 2017, 7
2026/10/04 00:35:06.937, 2012, 7
2026/10/04 00:35:07.200, 2012, 6
2026/10/04 00:35:07.464, 2012, 6
2026/10/04 00:35:07.727, 1998, 6
2026/10/04 00:35:07.990, 1998, 6
2026/10/04 00:35:08.253, 1982, 7
2026/10/04 00:35:08.518, 1982, 7
2026/10/04 00:35:08.782, 1982, 6
2026/10/04 00:35:09.045, 2004, 7
2026/10/04 00:35:09.309, 2004, 7
2026/10/04 00:35:09.573, 2004, 6
2026/10/04 00:35:09.836, 2004, 6
2026/10/04 00:35:10.099, 2004, 7
2026/10/04 00:35:10.362, 2017, 7
2026/10/04 00:35:10.626, 2220, 14
2026/10/04 00:35:10.891, 2224, 14
2026/10/04 00:35:11.156, 2224, 6
2026/10/04 00:35:11.420, 2224, 6
2026/10/04 00:35:11.684, 2224, 7
2026/10/04 00:35:11.948, 2218, 7
2026/10/04 00:35:12.212, 2218, 6
2026/10/04 00:35:12.477, 2218, 6
2026/10/04 00:35:12.740, 2218, 7
2026/10/04 00:35:13.004, 2220, 7
2026/10/04 00:35:13.269, 2220, 6
2026/10/04 00:35:13.534, 2220, 6
2026/10/04 00:35:13.797, 2220, 7
2026/10/04 00:35:14.062, 2234, 7
2026/10/04 00:35:14.326, 2234, 7
2026/10/04 00:35:14.591, 2234, 7
2026/10/04 00:35:14.856, 2234, 7
2026/10/04 00:35:15.120, 2236, 7
2026/10/04 00:35:15.385, 2234, 7
2026/10/04 00:35:15.649, 2230, 6
2026/10/04 00:35:15.914, 2230, 6
2026/10/04 00:35:16.179, 2232, 7
2026/10/04 00:35:16.444, 2232, 7
2026/10/04 00:35:16.709, 2232, 6
2026/10/04 00:35:16.974, 2232, 6
2026/10/04 00:35:17.238, 2234, 8
2026/10/04 00:35:17.503, 2234, 8
2026/10/04 00:35:17.768, 2234, 8
2026/10/04 00:35:18.032, 2230, 8
2026/10/04 00:35:18.297, 2230, 7
2026/10/04 00:35:18.561, 2224, 7
2026/10/04 00:35:18.826, 2224, 7
2026/10/04 00:35:19.090, 2226, 6
2026/10/04 00:35:19.354, 2226, 6
2026/10/04 00:35:19.621, 2226, 6
2026/10/04 00:35:19.886, 2226, 6
2026/10/04 00:35:20.150, 2228, 6
2026/10/04 00:35:20.415, 2228, 6
2026/10/04 00:35:20.679, 2228, 7
2026/10/04 00:35:20.944, 2228, 7
2026/10/04 00:35:21.208, 2230, 7
2026/10/04 00:35:21.474, 2230, 7
2026/10/04 00:35:21.739, 2230, 6
2026/10/04 00:35:22.003, 2236, 6
2026/10/04 00:35:22.269, 2240, 7
2026/10/04 00:35:22.534, 2240, 7
2026/10/04 00:35:22.799, 2240, 6
2026/10/04 00:35:23.065, 2240, 7
2026/10/04 00:35:23.329, 2242, 7
2026/10/04 00:35:23.594, 2242, 7
2026/10/04 00:35:23.858, 2238, 7
2026/10/04 00:35:24.123, 2238, 7
2026/10/04 00:35:24.388, 2240, 7
2026/10/04 00:35:24.651, 2240, 8
2026/10/04 00:35:24.916, 2239, 8
2026/10/04 00:35:25.182, 2239, 7
2026/10/04 00:35:25.447, 2241, 7
2026/10/04 00:35:25.697, 2241, 8
2026/10/04 00:35:25.961, 2242, 8
2026/10/04 00:35:26.226, 2242, 7
2026/10/04 00:35:26.490, 2244, 7
2026/10/04 00:35:26.755, 2246, 7
2026/10/04 00:35:27.020, 2245, 7
2026/10/04 00:35:27.285, 2246, 8
2026/10/04 00:35:27.549, 2244, 6
2026/10/04 00:35:27.815, 2266, 6
2026/10/04 00:35:28.079, 2266, 6
2026/10/04 00:35:28.344, 2268, 6
2026/10/04 00:35:28.608, 2268, 6
2026/10/04 00:35:28.873, 2268, 6
2026/10/04 00:35:29.139, 2264, 8
2026/10/04 00:35:29.402, 2266, 8
2026/10/04 00:35:29.666, 2266, 6
2026/10/04 00:35:29.931, 2266, 6
2026/10/04 00:35:30.195, 2267, 7
2026/10/04 00:35:30.459, 2268, 7
2026/10/04 00:35:30.724, 2268, 9
2026/10/04 00:35:30.989, 2268, 9
2026/10/04 00:35:31.255, 2268, 7
2026/10/04 00:35:31.519, 2270, 7
2026/10/04 00:35:31.784, 2270, 7
2026/10/04 00:35:32.048, 2270, 6
2026/10/04 00:35:32.313, 2270, 6
2026/10/04 00:35:32.578, 2271, 6
2026/10/04 00:35:32.844, 2256, 6
2026/10/04 00:35:33.111, 2256, 6
2026/10/04 00:35:33.375, 2256, 6
2026/10/04 00:35:33.640, 2258, 7
2026/10/04 00:35:33.905, 2258, 7
2026/10/04 00:35:34.169, 2258, 7
2026/10/04 00:35:34.435, 2258, 7
2026/10/04 00:35:34.699, 2260, 6
2026/10/04 00:35:34.965, 2260, 6
2026/10/04 00:35:35.229, 2260, 7
2026/10/04 00:35:35.493, 2256, 7
2026/10/04 00:35:35.757, 2256, 7
2026/10/04 00:35:36.020, 2256, 7
2026/10/04 00:35:36.287, 2256, 8
2026/10/04 00:35:36.550, 2256, 7
2026/10/04 00:35:36.815, 2256, 7
2026/10/04 00:35:37.079, 2256, 6
2026/10/04 00:35:37.344, 2256, 6
2026/10/04 00:35:37.609, 2256, 7
2026/10/04 00:35:37.873, 2258, 7
2026/10/04 00:35:38.137, 2258, 7
2026/10/04 00:35:38.402, 2258, 7
2026/10/04 00:35:38.666, 2258, 6
2026/10/04 00:35:38.931, 2260, 6
2026/10/04 00:35:39.194, 2260, 6
2026/10/04 00:35:39.457, 2260, 6
2026/10/04 00:35:39.725, 2261, 6
2026/10/04 00:35:39.985, 2262, 6
2026/10/04 00:35:40.249, 2381, 6
2026/10/04 00:35:40.514, 2383, 6
2026/10/04 00:35:40.778, 2686, 8
2026/10/04 00:35:41.043, 3104, 14
2026/10/04 00:35:41.309, 5090, 14
2026/10/04 00:35:41.573, 6856, 90
2026/10/04 00:35:41.837, 6856, 90
2026/10/04 00:35:42.102, 6855, 21
2026/10/04 00:35:42.366, 2835, 21
2026/10/04 00:35:42.629, 2842, 6
2026/10/04 00:35:42.893, 2840, 6
2026/10/04 00:35:43.158, 3100, 6
2026/10/04 00:35:43.423, 3660, 6
2026/10/04 00:35:43.688, 3660, 6
2026/10/04 00:35:43.952, 3695, 6
2026/10/04 00:35:44.218, 3695, 27
2026/10/04 00:35:44.482, 3695, 27
2026/10/04 00:35:44.746, 3077, 6
2026/10/04 00:35:45.010, 3547, 6
2026/10/04 00:35:45.275, 4035, 17
2026/10/04 00:35:45.540, 4703, 17
2026/10/04 00:35:45.804, 5322, 22
2026/10/04 00:35:46.068, 5960, 22
2026/10/04 00:35:46.334, 6532, 22
2026/10/04 00:35:46.598, 7052, 18
2026/10/04 00:35:46.864, 7124, 18
2026/10/04 00:35:47.128, 7126, 7
2026/10/04 00:35:47.392, 7126, 7
2026/10/04 00:35:47.656, 7126, 6
2026/10/04 00:35:47.920, 7328, 6
2026/10/04 00:35:48.185, 7341, 60
2026/10/04 00:35:48.450, 7345, 60
2026/10/04 00:35:48.714, 7349, 68
2026/10/04 00:35:48.979, 7349, 68
2026/10/04 00:35:49.244, 7351, 57
2026/10/04 00:35:49.508, 7351, 57
2026/10/04 00:35:49.774, 7351, 24
2026/10/04 00:35:50.038, 7351, 24
2026/10/04 00:35:50.304, 7353, 13
2026/10/04 00:35:50.568, 2869, 19
2026/10/04 00:35:50.832, 3229, 19
2026/10/04 00:35:51.095, 4519, 99
2026/10/04 00:35:51.360, 4521, 99
2026/10/04 00:35:51.624, 4521, 98
2026/10/04 00:35:51.890, 4521, 98
2026/10/04 00:35:52.154, 3135, 54
2026/10/04 00:35:52.418, 3082, 54
2026/10/04 00:35:52.683, 3082, 6
2026/10/04 00:35:52.948, 3082, 6
2026/10/04 00:35:53.212, 3062, 6
2026/10/04 00:35:53.477, 3062, 6
2026/10/04 00:35:53.741, 3062, 6
2026/10/04 00:35:54.005, 3062, 6
2026/10/04 00:35:54.270, 3064, 6
2026/10/04 00:35:54.534, 3064, 6
2026/10/04 00:35:54.800, 3064, 6
2026/10/04 00:35:55.065, 3064, 6
2026/10/04 00:35:55.329, 3065, 6
2026/10/04 00:35:55.594, 3065, 6
2026/10/04 00:35:55.859, 3066, 6
2026/10/04 00:35:56.123, 3074, 7
2026/10/04 00:35:56.386, 3076, 7
2026/10/04 00:35:56.650, 3081, 7
2026/10/04 00:35:56.914, 3083, 7
2026/10/04 00:35:57.175, 3083, 6
2026/10/04 00:35:57.440, 3084, 6
2026/10/04 00:35:57.703, 3084, 6
2026/10/04 00:35:57.968, 3084, 6
2026/10/04 00:35:58.232, 3084, 6
2026/10/04 00:35:58.497, 3083, 6
2026/10/04 00:35:58.760, 3083, 6
2026/10/04 00:35:59.024, 3075, 6
2026/10/04 00:35:59.288, 3076, 6
2026/10/04 00:35:59.552, 3076, 6
2026/10/04 00:35:59.815, 3077, 6
2026/10/04 00:36:00.079, 3077, 6
2026/10/04 00:36:00.342, 3076, 6
2026/10/04 00:36:00.606, 3076, 6
2026/10/04 00:36:00.869, 3077, 6
2026/10/04 00:36:01.131, 3077, 6
2026/10/04 00:36:01.395, 3076, 6
2026/10/04 00:36:01.658, 3076, 5
2026/10/04 00:36:01.922, 3076, 5
2026/10/04 00:36:02.185, 3067, 6
2026/10/04 00:36:02.451, 3066, 6
2026/10/04 00:36:02.714, 3066, 6
2026/10/04 00:36:02.978, 3066, 6
2026/10/04 00:36:03.243, 3066, 5
2026/10/04 00:36:03.507, 3053, 5
2026/10/04 00:36:03.771, 2069, 6
2026/10/04 00:36:04.036, 2081, 6
2026/10/04 00:36:04.299, 2112, 6
2026/10/04 00:36:04.564, 2125, 8
2026/10/04 00:36:04.828, 2129, 8
2026/10/04 00:36:05.092, 2124, 7
2026/10/04 00:36:05.356, 2124, 7
2026/10/04 00:36:05.618, 2124, 6
2026/10/04 00:36:05.882, 2124, 6
2026/10/04 00:36:06.147, 2123, 6
2026/10/04 00:36:06.412, 2123, 6
2026/10/04 00:36:06.674, 2123, 6
2026/10/04 00:36:06.937, 2116, 6
2026/10/04 00:36:07.199, 2062, 7
2026/10/04 00:36:07.463, 2062, 7
2026/10/04 00:36:07.728, 2062, 6
2026/10/04 00:36:07.992, 2063, 6
2026/10/04 00:36:08.257, 2063, 6
2026/10/04 00:36:08.521, 2076, 6
2026/10/04 00:36:08.785, 2076, 6
2026/10/04 00:36:09.048, 2076, 7
2026/10/04 00:36:09.311, 2071, 7
2026/10/04 00:36:09.575, 2056, 7
2026/10/04 00:36:09.839, 2051, 7
2026/10/04 00:36:10.104, 2044, 6
2026/10/04 00:36:10.367, 2044, 6
2026/10/04 00:36:10.629, 2051, 7
2026/10/04 00:36:10.893, 2051, 7
2026/10/04 00:36:11.156, 2051, 6
2026/10/04 00:36:11.419, 2051, 6
2026/10/04 00:36:11.683, 2053, 7
2026/10/04 00:36:11.946, 2087, 7
2026/10/04 00:36:12.210, 2100, 8
2026/10/04 00:36:12.475, 2100, 8
2026/10/04 00:36:12.737, 2102, 6
2026/10/04 00:36:13.000, 2102, 6
2026/10/04 00:36:13.265, 2102, 7
2026/10/04 00:36:13.530, 2104, 7
2026/10/04 00:36:13.793, 2103, 5
2026/10/04 00:36:14.057, 2098, 7
2026/10/04 00:36:14.319, 2103, 7
2026/10/04 00:36:14.583, 2091, 6
2026/10/04 00:36:14.846, 2076, 6
2026/10/04 00:36:15.108, 2072, 6
2026/10/04 00:36:15.371, 2072, 6
2026/10/04 00:36:15.633, 2071, 6
2026/10/04 00:36:15.895, 2070, 6
2026/10/04 00:36:16.157, 2065, 6
2026/10/04 00:36:16.421, 2085, 6
2026/10/04 00:36:16.684, 2089, 7
2026/10/04 00:36:16.948, 2101, 7
2026/10/04 00:36:17.210, 2102, 7
2026/10/04 00:36:17.474, 2102, 7
2026/10/04 00:36:17.736, 2098, 7
2026/10/04 00:36:17.998, 2077, 7
2026/10/04 00:36:18.261, 2077, 5
2026/10/04 00:36:18.526, 2077, 5
2026/10/04 00:36:18.789, 2077, 7
2026/10/04 00:36:19.054, 2098, 6
2026/10/04 00:36:19.317, 2091, 6
2026/10/04 00:36:19.579, 2081, 6
2026/10/04 00:36:19.843, 2078, 6
2026/10/04 00:36:20.107, 2078, 6
2026/10/04 00:36:20.371, 2068, 6
2026/10/04 00:36:20.635, 2071, 7
2026/10/04 00:36:20.898, 2071, 7
2026/10/04 00:36:21.161, 2071, 8
2026/10/04 00:36:21.425, 2064, 8
2026/10/04 00:36:21.690, 2061, 7
2026/10/04 00:36:21.954, 2051, 7
2026/10/04 00:36:22.217, 2059, 7
2026/10/04 00:36:22.481, 2066, 7
2026/10/04 00:36:22.745, 2060, 7
2026/10/04 00:36:23.008, 2065, 7
2026/10/04 00:36:23.274, 2060, 7
2026/10/04 00:36:23.540, 2060, 7
2026/10/04 00:36:23.803, 2060, 6
2026/10/04 00:36:24.067, 2060, 7
2026/10/04 00:36:24.331, 2050, 7
2026/10/04 00:36:24.595, 2050, 7
2026/10/04 00:36:24.858, 2050, 7
2026/10/04 00:36:25.122, 2050, 6
2026/10/04 00:36:25.386, 2049, 6
2026/10/04 00:36:25.649, 2038, 6
2026/10/04 00:36:25.914, 2033, 6
2026/10/04 00:36:26.179, 2033, 7
2026/10/04 00:36:26.444, 2033, 7
2026/10/04 00:36:26.708, 2033, 6
2026/10/04 00:36:26.975, 2033, 6
2026/10/04 00:36:27.238, 2027, 7
2026/10/04 00:36:27.503, 2032, 7
2026/10/04 00:36:27.767, 2030, 8
2026/10/04 00:36:28.019, 2030, 8
2026/10/04 00:36:28.284, 2028, 7
2026/10/04 00:36:28.548, 2480, 22
2026/10/04 00:36:28.813, 4578, 22
2026/10/04 00:36:29.077, 4854, 6
2026/10/04 00:36:29.342, 5739, 6
2026/10/04 00:36:29.607, 5745, 9
2026/10/04 00:36:29.871, 5744, 9
2026/10/04 00:36:30.136, 5748, 46
2026/10/04 00:36:30.401, 5743, 46
2026/10/04 00:36:30.665, 5745, 32
2026/10/04 00:36:30.931, 5741, 32
2026/10/04 00:36:31.195, 5743, 41
2026/10/04 00:36:31.459, 5745, 41
2026/10/04 00:36:31.724, 5747, 31
2026/10/04 00:36:31.988, 5747, 31
2026/10/04 00:36:32.253, 5749, 45
2026/10/04 00:36:32.518, 5753, 45
2026/10/04 00:36:32.784, 5755, 43
2026/10/04 00:36:33.049, 5757, 44
2026/10/04 00:36:33.313, 5755, 44
2026/10/04 00:36:33.578, 5761, 42
2026/10/04 00:36:33.844, 5761, 42
2026/10/04 00:36:34.109, 5761, 44
2026/10/04 00:36:34.374, 5761, 44
2026/10/04 00:36:34.640, 5763, 44
2026/10/04 00:36:34.905, 5763, 44
2026/10/04 00:36:35.169, 5763, 45
2026/10/04 00:36:35.434, 5763, 45
2026/10/04 00:36:35.698, 5763, 31
2026/10/04 00:36:35.963, 5763, 31
2026/10/04 00:36:36.226, 5723, 5
2026/10/04 00:36:36.489, 5715, 5
2026/10/04 00:36:36.754, 1974, 6
2026/10/04 00:36:37.019, 1974, 6
2026/10/04 00:36:37.284, 1974, 6
2026/10/04 00:36:37.549, 1974, 7
2026/10/04 00:36:37.814, 1974, 7
2026/10/04 00:36:38.079, 1974, 6
2026/10/04 00:36:38.343, 1974, 6
2026/10/04 00:36:38.608, 1974, 7
2026/10/04 00:36:38.872, 1974, 7
2026/10/04 00:36:39.137, 1974, 7
2026/10/04 00:36:39.401, 1974, 7
2026/10/04 00:36:39.664, 2689, 7
2026/10/04 00:36:39.929, 4799, 7
2026/10/04 00:36:40.193, 4799, 24
2026/10/04 00:36:40.457, 5691, 24
2026/10/04 00:36:40.721, 5695, 8
2026/10/04 00:36:40.987, 5697, 8
2026/10/04 00:36:41.251, 5697, 47
2026/10/04 00:36:41.515, 5699, 47
2026/10/04 00:36:41.780, 5701, 31
2026/10/04 00:36:42.044, 5701, 31
2026/10/04 00:36:42.308, 5703, 31
2026/10/04 00:36:42.572, 5705, 32
2026/10/04 00:36:42.838, 5707, 32
2026/10/04 00:36:43.103, 5707, 33
2026/10/04 00:36:43.368, 5711, 33
2026/10/04 00:36:43.631, 5713, 46
2026/10/04 00:36:43.896, 5715, 46
2026/10/04 00:36:44.161, 5718, 31
2026/10/04 00:36:44.425, 5722, 31
2026/10/04 00:36:44.690, 5729, 31
2026/10/04 00:36:44.954, 5729, 31
2026/10/04 00:36:45.218, 5729, 37
2026/10/04 00:36:45.481, 5729, 37
2026/10/04 00:36:45.743, 5729, 47
2026/10/04 00:36:46.010, 5731, 47
2026/10/04 00:36:46.274, 5733, 19
2026/10/04 00:36:46.539, 5733, 19
2026/10/04 00:36:46.804, 5733, 19
2026/10/04 00:36:47.069, 5733, 19
2026/10/04 00:36:47.334, 5749, 19
2026/10/04 00:36:47.598, 5761, 49
2026/10/04 00:36:47.864, 5761, 49
2026/10/04 00:36:48.129, 5761, 8
2026/10/04 00:36:48.393, 5753, 8
2026/10/04 00:36:48.656, 2012, 8
2026/10/04 00:36:48.921, 2012, 8
2026/10/04 00:36:49.185, 2011, 7
2026/10/04 00:36:49.450, 2011, 7
2026/10/04 00:36:49.714, 2011, 6
2026/10/04 00:36:49.979, 2011, 6
2026/10/04 00:36:50.243, 1986, 7
2026/10/04 00:36:50.508, 1986, 7
2026/10/04 00:36:50.773, 1986, 7
2026/10/04 00:36:51.037, 1986, 7
2026/10/04 00:36:51.301, 1986, 7
2026/10/04 00:36:51.566, 2005, 7
2026/10/04 00:36:51.831, 4117, 7
2026/10/04 00:36:52.095, 4811, 21
2026/10/04 00:36:52.359, 5695, 21
2026/10/04 00:36:52.623, 5701, 8
2026/10/04 00:36:52.888, 5705, 8
2026/10/04 00:36:53.152, 5702, 100
2026/10/04 00:36:53.417, 5695, 100
2026/10/04 00:36:53.682, 5697, 28
2026/10/04 00:36:53.947, 5697, 28
2026/10/04 00:36:54.212, 5712, 17
2026/10/04 00:36:54.477, 5767, 17
2026/10/04 00:36:54.741, 5770, 17
2026/10/04 00:36:55.006, 5762, 17
2026/10/04 00:36:55.270, 5762, 15
2026/10/04 00:36:55.536, 5764, 15
2026/10/04 00:36:55.800, 5766, 36
2026/10/04 00:36:56.064, 5762, 44
2026/10/04 00:36:56.327, 5762, 44
2026/10/04 00:36:56.592, 5766, 20
2026/10/04 00:36:56.856, 5766, 20
2026/10/04 00:36:57.121, 5764, 45
2026/10/04 00:36:57.386, 5804, 45
2026/10/04 00:36:57.650, 5806, 45
2026/10/04 00:36:57.916, 5812, 45
2026/10/04 00:36:58.181, 5831, 18
2026/10/04 00:36:58.445, 5831, 18
2026/10/04 00:36:58.709, 5831, 39
2026/10/04 00:36:58.973, 5831, 39
2026/10/04 00:36:59.237, 5831, 13
2026/10/04 00:36:59.501, 5831, 13
2026/10/04 00:36:59.765, 5831, 30
2026/10/04 00:37:00.029, 5830, 30
2026/10/04 00:37:00.293, 5827, 23
2026/10/04 00:37:00.558, 5827, 43
2026/10/04 00:37:00.821, 5827, 43
2026/10/04 00:37:01.085, 5827, 1
2026/10/04 00:37:01.350, 5389, 1
2026/10/04 00:37:01.613, 2077, 1
2026/10/04 00:37:01.879, 2077, 1
2026/10/04 00:37:02.143, 2077, 0
2026/10/04 00:37:02.407, 2077, 0
2026/10/04 00:37:02.671, 2077, 1
2026/10/04 00:37:02.937, 2075, 1
2026/10/04 00:37:03.201, 2075, 1
2026/10/04 00:37:03.464, 2070, 1
2026/10/04 00:37:03.730, 2070, 1
2026/10/04 00:37:03.995, 2070, 1
2026/10/04 00:37:04.259, 2070, 0
2026/10/04 00:37:04.523, 2625, 0
2026/10/04 00:37:04.788, 4887, 19
2026/10/04 00:37:05.052, 4887, 0
2026/10/04 00:37:05.316, 5779, 0
2026/10/04 00:37:05.582, 5777, 21
2026/10/04 00:37:05.847, 5779, 21
2026/10/04 00:37:06.111, 5767, 26
2026/10/04 00:37:06.375, 5767, 26
2026/10/04 00:37:06.640, 5752, 13
2026/10/04 00:37:06.906, 5754, 13
2026/10/04 00:37:07.171, 5754, 25
2026/10/04 00:37:07.436, 5756, 25
2026/10/04 00:37:07.699, 5757, 41
2026/10/04 00:37:07.965, 5757, 41
2026/10/04 00:37:08.229, 5755, 25
2026/10/04 00:37:08.493, 5757, 25
2026/10/04 00:37:08.757, 5755, 40
2026/10/04 00:37:09.022, 5759, 40
2026/10/04 00:37:09.285, 5759, 25
2026/10/04 00:37:09.550, 5756, 25
2026/10/04 00:37:09.815, 5749, 33
2026/10/04 00:37:10.080, 5748, 38
2026/10/04 00:37:10.344, 5743, 38
2026/10/04 00:37:10.609, 5743, 42
2026/10/04 00:37:10.873, 5736, 42
2026/10/04 00:37:11.138, 5734, 23
2026/10/04 00:37:11.402, 5734, 23
2026/10/04 00:37:11.666, 5733, 25
2026/10/04 00:37:11.931, 5733, 25
2026/10/04 00:37:12.197, 1985, 1
2026/10/04 00:37:12.461, 1983, 1
2026/10/04 00:37:12.726, 1983, 1
2026/10/04 00:37:12.977, 1983, 1
2026/10/04 00:37:13.240, 1979, 0
2026/10/04 00:37:13.503, 1979, 0
2026/10/04 00:37:13.769, 1979, 0
2026/10/04 00:37:14.033, 1979, 0
2026/10/04 00:37:14.297, 1979, 0
2026/10/04 00:37:14.561, 1987, 0
2026/10/04 00:37:14.826, 1998, 0
2026/10/04 00:37:15.091, 2004, 1
2026/10/04 00:37:15.356, 3108, 1
2026/10/04 00:37:15.620, 4840, 49
2026/10/04 00:37:15.884, 4857, 49
2026/10/04 00:37:16.147, 5749, 18
2026/10/04 00:37:16.412, 5754, 18
2026/10/04 00:37:16.676, 5758, 65
2026/10/04 00:37:16.940, 5758, 65
2026/10/04 00:37:17.204, 5774, 35
2026/10/04 00:37:17.467, 5781, 35
2026/10/04 00:37:17.732, 5783, 31
2026/10/04 00:37:17.996, 5783, 31
2026/10/04 00:37:18.260, 5785, 22
2026/10/04 00:37:18.525, 5788, 22
2026/10/04 00:37:18.789, 5791, 36
2026/10/04 00:37:19.053, 5791, 26
2026/10/04 00:37:19.317, 5793, 26
2026/10/04 00:37:19.582, 5795, 32
2026/10/04 00:37:19.847, 5794, 32
2026/10/04 00:37:20.111, 5804, 38
2026/10/04 00:37:20.374, 5804, 38
2026/10/04 00:37:20.637, 5804, 16
2026/10/04 00:37:20.901, 5796, 16
2026/10/04 00:37:21.165, 5796, 44
2026/10/04 00:37:21.429, 5802, 44
2026/10/04 00:37:21.693, 5804, 39
2026/10/04 00:37:21.957, 5850, 39
2026/10/04 00:37:22.221, 5850, 24
2026/10/04 00:37:22.487, 5850, 24
2026/10/04 00:37:22.753, 5846, 14
2026/10/04 00:37:23.017, 5846, 14
2026/10/04 00:37:23.280, 5846, 14
2026/10/04 00:37:23.545, 5844, 14
2026/10/04 00:37:23.809, 2103, 1
2026/10/04 00:37:24.074, 2103, 1
2026/10/04 00:37:24.339, 2100, 1
2026/10/04 00:37:24.604, 2092, 1
2026/10/04 00:37:24.855, 2063, 1
2026/10/04 00:37:25.120, 2057, 1
2026/10/04 00:37:25.384, 2058, 1
2026/10/04 00:37:25.649, 2062, 1
2026/10/04 00:37:25.914, 2064, 1
2026/10/04 00:37:26.178, 2069, 1
2026/10/04 00:37:26.442, 2069, 1
2026/10/04 00:37:26.707, 2078, 5
2026/10/04 00:37:26.971, 3630, 5
2026/10/04 00:37:27.236, 4894, 51
2026/10/04 00:37:27.500, 5767, 51
2026/10/04 00:37:27.764, 5764, 25
2026/10/04 00:37:28.028, 5788, 25
2026/10/04 00:37:28.292, 5792, 75
2026/10/04 00:37:28.556, 5791, 21
2026/10/04 00:37:28.822, 5790, 21
2026/10/04 00:37:29.086, 5792, 25
2026/10/04 00:37:29.350, 5792, 25
2026/10/04 00:37:29.614, 5791, 39
2026/10/04 00:37:29.878, 5793, 39
2026/10/04 00:37:30.143, 5829, 38
2026/10/04 00:37:30.408, 5841, 38
2026/10/04 00:37:30.672, 5837, 21
2026/10/04 00:37:30.937, 5841, 21
2026/10/04 00:37:31.200, 5849, 35
2026/10/04 00:37:31.465, 5851, 35
2026/10/04 00:37:31.729, 5851, 39
2026/10/04 00:37:31.992, 5857, 39
2026/10/04 00:37:32.256, 5857, 24
2026/10/04 00:37:32.522, 5857, 24
2026/10/04 00:37:32.786, 5857, 13
2026/10/04 00:37:33.051, 5857, 13
2026/10/04 00:37:33.316, 5856, 39
2026/10/04 00:37:33.580, 5854, 27
2026/10/04 00:37:33.846, 5838, 27
2026/10/04 00:37:34.110, 5832, 15
2026/10/04 00:37:34.374, 5828, 15
2026/10/04 00:37:34.638, 5828, 15
2026/10/04 00:37:34.902, 5828, 15
2026/10/04 00:37:35.166, 5816, 40
2026/10/04 00:37:35.430, 5809, 40
2026/10/04 00:37:35.695, 2059, 0
2026/10/04 00:37:35.958, 2057, 0
2026/10/04 00:37:36.222, 2043, 1
2026/10/04 00:37:36.485, 2043, 1
2026/10/04 00:37:36.749, 2039, 1
2026/10/04 00:37:37.013, 2039, 1
2026/10/04 00:37:37.277, 2039, 1
2026/10/04 00:37:37.542, 2039, 1
2026/10/04 00:37:37.806, 2036, 0
2026/10/04 00:37:38.071, 2031, 0
2026/10/04 00:37:38.333, 2031, 0
2026/10/04 00:37:38.595, 2028, 0
2026/10/04 00:37:38.858, 2028, 0
2026/10/04 00:37:39.121, 2026, 0
2026/10/04 00:37:39.384, 2026, 0
2026/10/04 00:37:39.647, 2026, 0
2026/10/04 00:37:39.910, 2026, 0
2026/10/04 00:37:40.172, 2037, 1
2026/10/04 00:37:40.434, 2037, 1
2026/10/04 00:37:40.697, 2037, 1
2026/10/04 00:37:40.960, 2041, 1
2026/10/04 00:37:41.222, 2042, 1
2026/10/04 00:37:41.485, 2042, 1
2026/10/04 00:37:41.749, 2042, 0
2026/10/04 00:37:42.011, 2042, 0
2026/10/04 00:37:42.272, 2042, 1
2026/10/04 00:37:42.534, 2042, 1
2026/10/04 00:37:42.797, 2042, 1
2026/10/04 00:37:43.059, 2038, 0
2026/10/04 00:37:43.322, 2038, 0
2026/10/04 00:37:43.583, 2038, 0
2026/10/04 00:37:43.848, 2043, 0
2026/10/04 00:37:44.112, 2044, 1
2026/10/04 00:37:44.377, 2044, 1
2026/10/04 00:37:44.642, 2044, 1
2026/10/04 00:37:44.906, 2045, 1
2026/10/04 00:37:45.169, 2045, 1
2026/10/04 00:37:45.433, 2040, 1
2026/10/04 00:37:45.695, 2040, 1
2026/10/04 00:37:45.957, 2041, 1
2026/10/04 00:37:46.219, 2041, 1
2026/10/04 00:37:46.483, 2040, 1
2026/10/04 00:37:46.748, 2054, 1
2026/10/04 00:37:47.011, 2062, 1
2026/10/04 00:37:47.275, 2062, 2
2026/10/04 00:37:47.539, 2062, 2
2026/10/04 00:37:47.803, 2062, 1
2026/10/04 00:37:48.066, 2062, 1
2026/10/04 00:37:48.329, 2062, 1
2026/10/04 00:37:48.591, 2061, 1
2026/10/04 00:37:48.856, 2054, 1
2026/10/04 00:37:49.119, 2054, 1
2026/10/04 00:37:49.384, 2054, 1
2026/10/04 00:37:49.647, 2053, 0
2026/10/04 00:37:49.910, 2045, 0
2026/10/04 00:37:50.174, 2045, 1
2026/10/04 00:37:50.438, 2046, 1
2026/10/04 00:37:50.701, 2045, 2
2026/10/04 00:37:50.965, 2045, 2
2026/10/04 00:37:51.228, 2045, 1
2026/10/04 00:37:51.491, 2045, 1
2026/10/04 00:37:51.753, 2035, 1
2026/10/04 00:37:52.018, 2035, 1
2026/10/04 00:37:52.282, 2035, 1
2026/10/04 00:37:52.545, 2028, 1
2026/10/04 00:37:52.808, 2028, 1
2026/10/04 00:37:53.071, 2028, 1
2026/10/04 00:37:53.335, 2028, 1
2026/10/04 00:37:53.599, 2048, 4
2026/10/04 00:37:53.864, 2085, 4
2026/10/04 00:37:54.128, 2080, 1
2026/10/04 00:37:54.392, 2085, 1
2026/10/04 00:37:54.655, 2095, 2
2026/10/04 00:37:54.920, 2095, 2
2026/10/04 00:37:55.184, 2095, 1
2026/10/04 00:37:55.447, 2095, 1
2026/10/04 00:37:55.711, 2095, 1
2026/10/04 00:37:55.976, 2095, 1
2026/10/04 00:37:56.238, 2095, 1
2026/10/04 00:37:56.502, 2095, 1
2026/10/04 00:37:56.766, 2100, 1
2026/10/04 00:37:57.031, 2108, 1
2026/10/04 00:37:57.295, 2108, 1
2026/10/04 00:37:57.561, 2108, 1
2026/10/04 00:37:57.826, 2108, 1
2026/10/04 00:37:58.090, 2109, 2
2026/10/04 00:37:58.354, 2109, 2
2026/10/04 00:37:58.618, 2097, 1
2026/10/04 00:37:58.882, 2103, 1
2026/10/04 00:37:59.147, 2297, 9
2026/10/04 00:37:59.411, 2287, 9
2026/10/04 00:37:59.675, 10703, 1
2026/10/04 00:37:59.940, 10704, 1
2026/10/04 00:38:00.204, 10704, 33
2026/10/04 00:38:00.469, 10688, 33
2026/10/04 00:38:00.735, 10679, 34
2026/10/04 00:38:00.998, 13427, 34
2026/10/04 00:38:01.263, 13427, 29
2026/10/04 00:38:01.527, 13453, 29
2026/10/04 00:38:01.791, 13453, 100
2026/10/04 00:38:02.057, 13455, 98
2026/10/04 00:38:02.322, 13454, 98
2026/10/04 00:38:02.587, 2049, 79
2026/10/04 00:38:02.850, 2047, 79
2026/10/04 00:38:03.114, 2063, 1
2026/10/04 00:38:03.378, 2224, 1
2026/10/04 00:38:03.643, 2067, 1
2026/10/04 00:38:03.908, 2076, 1
2026/10/04 00:38:04.171, 2076, 1
2026/10/04 00:38:04.436, 2077, 1
2026/10/04 00:38:04.699, 2077, 1
2026/10/04 00:38:04.962, 2079, 1
2026/10/04 00:38:05.227, 2079, 1
2026/10/04 00:38:05.492, 2079, 1
2026/10/04 00:38:05.757, 2079, 1
2026/10/04 00:38:06.021, 2078, 1
2026/10/04 00:38:06.285, 2078, 1
2026/10/04 00:38:06.549, 2078, 1
2026/10/04 00:38:06.813, 2075, 1
2026/10/04 00:38:07.077, 2075, 1
2026/10/04 00:38:07.341, 2075, 1
2026/10/04 00:38:07.604, 2076, 1
2026/10/04 00:38:07.868, 2076, 1
2026/10/04 00:38:08.132, 2070, 1
2026/10/04 00:38:08.395, 2070, 1
2026/10/04 00:38:08.658, 2070, 1
2026/10/04 00:38:08.921, 2070, 1
2026/10/04 00:38:09.184, 2069, 0
2026/10/04 00:38:09.449, 2068, 0
2026/10/04 00:38:09.712, 2062, 1
2026/10/04 00:38:09.976, 2052, 1
2026/10/04 00:38:10.239, 2052, 2
2026/10/04 00:38:10.502, 2052, 2
2026/10/04 00:38:10.765, 2052, 0
2026/10/04 00:38:11.029, 2070, 0
2026/10/04 00:38:11.293, 2070, 8
2026/10/04 00:38:11.556, 2084, 8
2026/10/04 00:38:11.818, 2086, 7
2026/10/04 00:38:12.081, 2087, 8
2026/10/04 00:38:12.343, 2081, 8
2026/10/04 00:38:12.607, 2084, 6
2026/10/04 00:38:12.871, 2080, 6
2026/10/04 00:38:13.136, 2083, 7
2026/10/04 00:38:13.399, 2083, 7
2026/10/04 00:38:13.663, 2084, 6
2026/10/04 00:38:13.926, 2084, 6
2026/10/04 00:38:14.192, 2084, 6
2026/10/04 00:38:14.455, 2083, 6
2026/10/04 00:38:14.718, 2083, 6
2026/10/04 00:38:14.984, 2083, 6
2026/10/04 00:38:15.248, 2081, 2
2026/10/04 00:38:15.511, 2084, 2
2026/10/04 00:38:15.776, 2084, 0
2026/10/04 00:38:16.039, 2084, 0
2026/10/04 00:38:16.301, 2084, 0
2026/10/04 00:38:16.563, 2084, 0
2026/10/04 00:38:16.826, 2075, 0
2026/10/04 00:38:17.089, 2070, 1
2026/10/04 00:38:17.354, 2070, 1
2026/10/04 00:38:17.616, 2070, 5
2026/10/04 00:38:17.878, 2066, 5
2026/10/04 00:38:18.142, 2066, 1
2026/10/04 00:38:18.404, 2066, 1
2026/10/04 00:38:18.667, 2061, 0
2026/10/04 00:38:18.931, 2056, 0
2026/10/04 00:38:19.193, 2060, 4
2026/10/04 00:38:19.457, 2062, 4
2026/10/04 00:38:19.720, 2062, 2
2026/10/04 00:38:19.982, 2062, 2
2026/10/04 00:38:20.247, 2061, 1
2026/10/04 00:38:20.510, 2076, 1
2026/10/04 00:38:20.773, 2076, 1
2026/10/04 00:38:21.038, 2076, 1
2026/10/04 00:38:21.301, 2076, 5
2026/10/04 00:38:21.564, 2076, 2
2026/10/04 00:38:21.827, 2076, 2
2026/10/04 00:38:22.090, 2076, 1
2026/10/04 00:38:22.353, 2076, 1
2026/10/04 00:38:22.615, 2076, 1
2026/10/04 00:38:22.879, 2068, 1
2026/10/04 00:38:23.143, 2080, 1
2026/10/04 00:38:23.408, 2089, 1
2026/10/04 00:38:23.672, 2094, 7
2026/10/04 00:38:23.934, 2094, 7
2026/10/04 00:38:24.198, 2094, 6
2026/10/04 00:38:24.461, 2123, 6
2026/10/04 00:38:24.725, 2142, 9
2026/10/04 00:38:24.988, 2134, 9
2026/10/04 00:38:25.252, 2145, 7
2026/10/04 00:38:25.516, 2142, 7
2026/10/04 00:38:25.779, 2144, 7
2026/10/04 00:38:26.043, 2133, 7
2026/10/04 00:38:26.306, 2132, 7
2026/10/04 00:38:26.570, 2132, 7
2026/10/04 00:38:26.833, 2132, 7
2026/10/04 00:38:27.097, 2129, 7
2026/10/04 00:38:27.361, 2135, 7
2026/10/04 00:38:27.626, 2142, 8
2026/10/04 00:38:27.891, 2144, 8
2026/10/04 00:38:28.155, 2144, 8
2026/10/04 00:38:28.418, 2144, 8
2026/10/04 00:38:28.682, 2136, 8
2026/10/04 00:38:28.946, 2136, 8
2026/10/04 00:38:29.210, 2136, 8
2026/10/04 00:38:29.475, 2127, 8
2026/10/04 00:38:29.739, 2112, 7
2026/10/04 00:38:30.002, 2103, 7
2026/10/04 00:38:30.267, 2090, 7
2026/10/04 00:38:30.530, 2090, 7
2026/10/04 00:38:30.793, 2090, 7
2026/10/04 00:38:31.056, 2090, 7
2026/10/04 00:38:31.320, 2106, 7
2026/10/04 00:38:31.584, 2106, 7
2026/10/04 00:38:31.848, 2106, 7
2026/10/04 00:38:32.113, 2104, 8
2026/10/04 00:38:32.377, 2104, 8
2026/10/04 00:38:32.641, 2104, 7
2026/10/04 00:38:32.904, 2101, 7
2026/10/04 00:38:33.167, 2094, 7
2026/10/04 00:38:33.430, 2094, 7
2026/10/04 00:38:33.693, 2092, 6
2026/10/04 00:38:33.958, 2086, 6
2026/10/04 00:38:34.222, 2094, 8
2026/10/04 00:38:34.485, 2086, 8
2026/10/04 00:38:34.750, 2080, 9
2026/10/04 00:38:35.014, 2078, 9
2026/10/04 00:38:35.277, 2098, 6
2026/10/04 00:38:35.541, 2098, 6
2026/10/04 00:38:35.806, 2097, 8
2026/10/04 00:38:36.069, 2097, 7
2026/10/04 00:38:36.332, 2092, 7
2026/10/04 00:38:36.595, 2092, 7
2026/10/04 00:38:36.860, 2092, 7
2026/10/04 00:38:37.123, 2092, 7
2026/10/04 00:38:37.386, 2090, 7
2026/10/04 00:38:37.650, 2090, 6
2026/10/04 00:38:37.915, 2090, 6
2026/10/04 00:38:38.178, 2086, 7
2026/10/04 00:38:38.442, 2086, 7
2026/10/04 00:38:38.703, 2082, 8
2026/10/04 00:38:38.965, 2082, 8
2026/10/04 00:38:39.230, 2082, 7
2026/10/04 00:38:39.494, 2082, 7
2026/10/04 00:38:39.757, 2068, 6
2026/10/04 00:38:40.020, 2068, 6
2026/10/04 00:38:40.283, 2055, 7
2026/10/04 00:38:40.547, 2055, 7
2026/10/04 00:38:40.809, 2054, 7
2026/10/04 00:38:41.073, 2050, 7
2026/10/04 00:38:41.337, 2050, 7
2026/10/04 00:38:41.600, 2043, 8
2026/10/04 00:38:41.862, 2043, 8
2026/10/04 00:38:42.125, 2043, 6
2026/10/04 00:38:42.388, 2039, 6
2026/10/04 00:38:42.650, 2039, 6
2026/10/04 00:38:42.913, 2039, 6
2026/10/04 00:38:43.177, 2050, 8
2026/10/04 00:38:43.440, 2061, 8
2026/10/04 00:38:43.704, 2061, 8
2026/10/04 00:38:43.967, 2070, 8
2026/10/04 00:38:44.230, 2278, 14
2026/10/04 00:38:44.495, 9894, 14
2026/10/04 00:38:44.758, 10702, 74
2026/10/04 00:38:45.022, 10720, 74
2026/10/04 00:38:45.286, 10749, 37
2026/10/04 00:38:45.550, 10748, 37
2026/10/04 00:38:45.815, 13484, 35
2026/10/04 00:38:46.079, 13492, 3
2026/10/04 00:38:46.344, 13518, 3
2026/10/04 00:38:46.608, 13518, 100
2026/10/04 00:38:46.871, 13521, 100
2026/10/04 00:38:47.134, 13521, 97
2026/10/04 00:38:47.398, 13518, 97
2026/10/04 00:38:47.661, 13502, 97
2026/10/04 00:38:47.926, 13490, 97
2026/10/04 00:38:48.189, 13478, 97
2026/10/04 00:38:48.452, 13476, 97
2026/10/04 00:38:48.715, 13479, 97
2026/10/04 00:38:48.979, 13482, 97
2026/10/04 00:38:49.242, 13509, 97
2026/10/04 00:38:49.506, 13493, 97
2026/10/04 00:38:49.770, 13491, 97
2026/10/04 00:38:50.034, 13497, 97
2026/10/04 00:38:50.298, 13497, 98
2026/10/04 00:38:50.562, 13491, 97
2026/10/04 00:38:50.825, 13486, 97
2026/10/04 00:38:51.089, 13486, 97
2026/10/04 00:38:51.353, 13486, 97
2026/10/04 00:38:51.617, 13476, 98
2026/10/04 00:38:51.881, 13475, 98
2026/10/04 00:38:52.144, 13475, 98
2026/10/04 00:38:52.409, 13475, 98
2026/10/04 00:38:52.672, 13468, 97
2026/10/04 00:38:52.936, 13466, 97
2026/10/04 00:38:53.200, 15133, 97
2026/10/04 00:38:53.463, 15343, 97
2026/10/04 00:38:53.726, 15383, 96
2026/10/04 00:38:53.990, 15226, 96
2026/10/04 00:38:54.254, 15145, 33
2026/10/04 00:38:54.517, 15393, 33
2026/10/04 00:38:54.781, 15441, 58
2026/10/04 00:38:55.045, 15446, 58
2026/10/04 00:38:55.309, 15444, 97
2026/10/04 00:38:55.573, 15344, 90
2026/10/04 00:38:55.838, 15091, 90
2026/10/04 00:38:56.101, 14923, 32
2026/10/04 00:38:56.366, 14719, 32
2026/10/04 00:38:56.629, 14659, 5
2026/10/04 00:38:56.893, 14931, 5
2026/10/04 00:38:57.157, 15289, 44
2026/10/04 00:38:57.421, 15481, 44
2026/10/04 00:38:57.685, 15480, 92
2026/10/04 00:38:57.949, 15480, 92
2026/10/04 00:38:58.214, 15477, 98
2026/10/04 00:38:58.478, 15419, 98
2026/10/04 00:38:58.741, 14941, 63
2026/10/04 00:38:59.006, 14619, 63
2026/10/04 00:38:59.270, 14441, 32
2026/10/04 00:38:59.535, 14303, 32
2026/10/04 00:38:59.798, 14447, 36
2026/10/04 00:39:00.063, 14476, 47
2026/10/04 00:39:00.328, 14684, 47
2026/10/04 00:39:00.593, 15100, 62
2026/10/04 00:39:00.856, 15362, 62
2026/10/04 00:39:01.120, 15363, 29
2026/10/04 00:39:01.383, 15396, 29
2026/10/04 00:39:01.648, 15482, 84
2026/10/04 00:39:01.911, 15480, 84
2026/10/04 00:39:02.174, 15480, 96
2026/10/04 00:39:02.438, 15480, 96
2026/10/04 00:39:02.702, 15416, 85
2026/10/04 00:39:02.966, 14842, 85
2026/10/04 00:39:03.231, 14472, 63
2026/10/04 00:39:03.495, 14396, 63
2026/10/04 00:39:03.759, 14390, 45
2026/10/04 00:39:04.023, 14390, 45
2026/10/04 00:39:04.286, 14390, 42
2026/10/04 00:39:04.549, 14492, 42
2026/10/04 00:39:04.813, 14988, 60
2026/10/04 00:39:05.077, 15428, 59
2026/10/04 00:39:05.340, 15502, 59
2026/10/04 00:39:05.603, 15505, 95
2026/10/04 00:39:05.867, 15504, 95
2026/10/04 00:39:06.132, 15504, 96
2026/10/04 00:39:06.396, 15418, 96
2026/10/04 00:39:06.660, 15068, 66
2026/10/04 00:39:06.924, 14508, 66
2026/10/04 00:39:07.188, 14418, 64
2026/10/04 00:39:07.453, 14412, 64
2026/10/04 00:39:07.716, 14412, 39
2026/10/04 00:39:07.981, 14412, 39
2026/10/04 00:39:08.245, 14452, 42
2026/10/04 00:39:08.509, 14980, 42
2026/10/04 00:39:08.773, 15373, 63
2026/10/04 00:39:09.039, 15538, 63
2026/10/04 00:39:09.304, 15544, 96
2026/10/04 00:39:09.569, 15544, 96
2026/10/04 00:39:09.833, 12814, 96
2026/10/04 00:39:10.097, 10360, 44
2026/10/04 00:39:10.361, 13366, 44
2026/10/04 00:39:10.624, 10194, 53
2026/10/04 00:39:10.887, 9945, 53
2026/10/04 00:39:11.150, 9947, 60
2026/10/04 00:39:11.413, 9947, 60
2026/10/04 00:39:11.677, 9951, 50
2026/10/04 00:39:11.942, 9951, 50
2026/10/04 00:39:12.206, 9951, 47
2026/10/04 00:39:12.470, 9951, 47
2026/10/04 00:39:12.734, 9951, 49
2026/10/04 00:39:12.998, 9951, 49
2026/10/04 00:39:13.262, 9951, 50
2026/10/04 00:39:13.526, 9951, 50
2026/10/04 00:39:13.789, 9951, 47
2026/10/04 00:39:14.053, 9951, 47
2026/10/04 00:39:14.317, 9951, 50
2026/10/04 00:39:14.580, 9951, 35
2026/10/04 00:39:14.844, 9951, 35
2026/10/04 00:39:15.108, 9951, 66
2026/10/04 00:39:15.372, 9951, 66
2026/10/04 00:39:15.637, 9945, 36
2026/10/04 00:39:15.901, 9945, 36
2026/10/04 00:39:16.165, 9943, 49
2026/10/04 00:39:16.429, 9951, 49
2026/10/04 00:39:16.693, 9951, 60
2026/10/04 00:39:16.958, 9951, 60
2026/10/04 00:39:17.221, 9951, 66
2026/10/04 00:39:17.485, 9953, 66
2026/10/04 00:39:17.750, 9949, 35
2026/10/04 00:39:18.014, 9947, 35
2026/10/04 00:39:18.279, 9947, 62
2026/10/04 00:39:18.542, 9943, 62
2026/10/04 00:39:18.805, 9939, 67
2026/10/04 00:39:19.071, 9939, 67
2026/10/04 00:39:19.334, 9939, 67
2026/10/04 00:39:19.598, 9939, 65
2026/10/04 00:39:19.862, 9939, 65
2026/10/04 00:39:20.125, 9939, 64
2026/10/04 00:39:20.388, 9939, 64
2026/10/04 00:39:20.653, 9940, 66
2026/10/04 00:39:20.918, 10004, 66
2026/10/04 00:39:21.182, 10004, 27
2026/10/04 00:39:21.447, 10004, 27
2026/10/04 00:39:21.711, 10009, 27
2026/10/04 00:39:21.975, 10009, 27
2026/10/04 00:39:22.239, 10009, 63
2026/10/04 00:39:22.503, 10009, 63
2026/10/04 00:39:22.768, 10009, 64
2026/10/04 00:39:23.031, 10009, 64
2026/10/04 00:39:23.296, 10009, 61
2026/10/04 00:39:23.559, 10005, 61
2026/10/04 00:39:23.823, 10005, 52
2026/10/04 00:39:24.088, 10005, 61
2026/10/04 00:39:24.352, 10005, 61
2026/10/04 00:39:24.617, 10005, 34
2026/10/04 00:39:24.881, 10005, 34
2026/10/04 00:39:25.145, 10005, 33
2026/10/04 00:39:25.409, 10005, 33
2026/10/04 00:39:25.674, 10005, 36
2026/10/04 00:39:25.938, 10005, 36
2026/10/04 00:39:26.201, 10005, 32
2026/10/04 00:39:26.465, 10005, 32
2026/10/04 00:39:26.728, 10004, 59
2026/10/04 00:39:26.992, 10004, 59
2026/10/04 00:39:27.255, 10004, 64
2026/10/04 00:39:27.519, 10004, 64
2026/10/04 00:39:27.784, 10004, 58
2026/10/04 00:39:28.049, 10004, 58
2026/10/04 00:39:28.313, 10004, 53
2026/10/04 00:39:28.576, 10004, 64
2026/10/04 00:39:28.840, 10004, 64
2026/10/04 00:39:29.105, 10004, 55
2026/10/04 00:39:29.369, 10004, 55
2026/10/04 00:39:29.633, 10004, 51
2026/10/04 00:39:29.896, 10004, 51
2026/10/04 00:39:30.161, 10004, 27
2026/10/04 00:39:30.425, 10004, 27
2026/10/04 00:39:30.688, 10004, 55
2026/10/04 00:39:30.952, 10004, 55
2026/10/04 00:39:31.216, 10004, 56
2026/10/04 00:39:31.480, 10004, 56
2026/10/04 00:39:31.744, 10004, 53
2026/10/04 00:39:32.007, 10004, 53
2026/10/04 00:39:32.271, 10004, 67
2026/10/04 00:39:32.535, 10004, 67
2026/10/04 00:39:32.798, 10004, 69
2026/10/04 00:39:33.062, 10004, 69
2026/10/04 00:39:33.325, 10004, 59
2026/10/04 00:39:33.590, 10004, 54
2026/10/04 00:39:33.854, 10004, 54
2026/10/04 00:39:34.105, 10004, 36
2026/10/04 00:39:34.369, 10004, 36
2026/10/04 00:39:34.633, 10004, 69
2026/10/04 00:39:34.896, 10004, 69
2026/10/04 00:39:35.159, 10004, 47
2026/10/04 00:39:35.423, 10004, 47
2026/10/04 00:39:35.688, 10004, 43
2026/10/04 00:39:35.952, 10004, 43
2026/10/04 00:39:36.216, 10004, 70
2026/10/04 00:39:36.479, 10004, 70
2026/10/04 00:39:36.742, 10004, 70
2026/10/04 00:39:37.006, 10004, 70
2026/10/04 00:39:37.270, 10004, 63
2026/10/04 00:39:37.535, 10004, 63
2026/10/04 00:39:37.798, 10015, 71
2026/10/04 00:39:38.063, 10015, 71
2026/10/04 00:39:38.327, 10015, 69
2026/10/04 00:39:38.590, 10015, 65
2026/10/04 00:39:38.854, 10015, 65
2026/10/04 00:39:39.118, 10015, 71
2026/10/04 00:39:39.382, 10015, 71
2026/10/04 00:39:39.645, 10023, 67
2026/10/04 00:39:39.909, 10023, 67
2026/10/04 00:39:40.172, 10023, 69
2026/10/04 00:39:40.437, 10231, 69
2026/10/04 00:39:40.701, 11639, 63
2026/10/04 00:39:40.965, 15014, 63
2026/10/04 00:39:41.229, 15091, 72
2026/10/04 00:39:41.493, 15077, 72
2026/10/04 00:39:41.757, 14943, 57
2026/10/04 00:39:42.021, 14935, 57
2026/10/04 00:39:42.285, 14929, 66
2026/10/04 00:39:42.549, 14929, 66
2026/10/04 00:39:42.813, 14916, 62
2026/10/04 00:39:43.078, 15076, 58
2026/10/04 00:39:43.342, 15048, 58
2026/10/04 00:39:43.606, 9935, 0
2026/10/04 00:39:44.042, 9953, 0
2026/10/04 00:39:44.306, 9953, 69
2026/10/04 00:39:44.570, 9952, 70
2026/10/04 00:39:44.833, 9952, 70
2026/10/04 00:39:45.096, 9952, 74
2026/10/04 00:39:45.360, 9952, 74
2026/10/04 00:39:45.623, 9952, 67
2026/10/04 00:39:45.887, 9952, 67
2026/10/04 00:39:46.151, 9947, 73
2026/10/04 00:39:46.416, 9947, 73
2026/10/04 00:39:46.679, 9947, 70
2026/10/04 00:39:46.942, 9943, 70
2026/10/04 00:39:47.206, 9943, 70
2026/10/04 00:39:47.470, 9943, 70
2026/10/04 00:39:47.735, 9943, 65
2026/10/04 00:39:47.999, 9943, 65
2026/10/04 00:39:48.262, 9941, 69
2026/10/04 00:39:48.527, 9941, 69
2026/10/04 00:39:48.790, 9941, 62
2026/10/04 00:39:49.055, 9941, 62
2026/10/04 00:39:49.319, 9938, 59
2026/10/04 00:39:49.583, 9932, 59
2026/10/04 00:39:49.847, 9932, 59
2026/10/04 00:39:50.111, 9932, 59
2026/10/04 00:39:50.375, 9932, 59
2026/10/04 00:39:50.639, 9932, 77
2026/10/04 00:39:50.902, 9932, 77
2026/10/04 00:39:51.166, 9932, 67
2026/10/04 00:39:51.431, 9932, 67
2026/10/04 00:39:51.695, 9932, 53
2026/10/04 00:39:51.959, 9932, 53
2026/10/04 00:39:52.224, 9932, 75
2026/10/04 00:39:52.487, 9932, 75
2026/10/04 00:39:52.751, 9932, 77
2026/10/04 00:39:53.015, 9932, 77
2026/10/04 00:39:53.280, 9932, 78
2026/10/04 00:39:53.543, 9932, 78
2026/10/04 00:39:53.806, 9932, 77
2026/10/04 00:39:54.071, 9932, 71
2026/10/04 00:39:54.334, 9932, 71
2026/10/04 00:39:54.598, 9932, 32
2026/10/04 00:39:54.862, 9932, 32
2026/10/04 00:39:55.126, 9932, 41
2026/10/04 00:39:55.389, 5634, 41
2026/10/04 00:39:55.655, 1375, 5
2026/10/04 00:39:55.918, 1375, 5
2026/10/04 00:39:56.183, 1377, 5
2026/10/04 00:39:56.447, 1380, 5
2026/10/04 00:39:56.711, 1380, 5
2026/10/04 00:39:56.975, 1380, 5
2026/10/04 00:39:57.240, 1380, 5
2026/10/04 00:39:57.505, 1380, 5
2026/10/04 00:39:57.768, 1380, 5
2026/10/04 00:39:58.032, 1380, 5
2026/10/04 00:39:58.296, 1381, 6
2026/10/04 00:39:58.560, 1375, 6
2026/10/04 00:39:58.823, 1402, 5
2026/10/04 00:39:59.087, 1404, 5
2026/10/04 00:39:59.351, 1408, 5
2026/10/04 00:39:59.616, 1410, 5
2026/10/04 00:39:59.880, 1411, 5
2026/10/04 00:40:00.144, 1411, 7
2026/10/04 00:40:00.406, 1411, 7
2026/10/04 00:40:00.670, 1411, 6
2026/10/04 00:40:00.933, 1410, 6
2026/10/04 00:40:01.195, 1411, 7
2026/10/04 00:40:01.458, 1405, 7
2026/10/04 00:40:01.722, 1410, 5
2026/10/04 00:40:01.987, 1410, 5
2026/10/04 00:40:02.251, 1409, 5
2026/10/04 00:40:02.515, 1409, 5
2026/10/04 00:40:02.779, 1408, 5
2026/10/04 00:40:03.043, 1409, 5
2026/10/04 00:40:03.307, 1409, 5
2026/10/04 00:40:03.572, 1409, 5
2026/10/04 00:40:03.835, 1405, 5
2026/10/04 00:40:04.099, 1413, 5
2026/10/04 00:40:04.363, 1411, 5
2026/10/04 00:40:04.628, 1405, 5
2026/10/04 00:40:04.892, 1405, 5
2026/10/04 00:40:05.155, 1405, 6
2026/10/04 00:40:05.419, 1404, 6
2026/10/04 00:40:05.682, 1404, 5
2026/10/04 00:40:05.945, 1404, 5
2026/10/04 00:40:06.210, 1404, 5
2026/10/04 00:40:06.474, 1409, 5
2026/10/04 00:40:06.737, 1411, 6
2026/10/04 00:40:07.002, 1406, 6
2026/10/04 00:40:07.266, 1407, 6
2026/10/04 00:40:07.530, 1407, 6
2026/10/04 00:40:07.794, 1407, 5
2026/10/04 00:40:08.058, 1407, 5
2026/10/04 00:40:08.322, 1410, 5
2026/10/04 00:40:08.586, 1409, 5
2026/10/04 00:40:08.851, 1409, 5
2026/10/04 00:40:09.115, 1409, 5
2026/10/04 00:40:09.379, 3225, 5
2026/10/04 00:40:09.644, 4093, 30
2026/10/04 00:40:09.909, 5624, 30
2026/10/04 00:40:10.173, 7248, 42
2026/10/04 00:40:10.437, 9001, 42
2026/10/04 00:40:10.702, 9707, 34
2026/10/04 00:40:10.967, 9709, 34
2026/10/04 00:40:11.232, 9716, 92
2026/10/04 00:40:11.496, 9709, 92
2026/10/04 00:40:11.761, 9708, 91
2026/10/04 00:40:12.026, 9708, 91
2026/10/04 00:40:12.290, 9708, 90
2026/10/04 00:40:12.555, 9706, 90
2026/10/04 00:40:12.819, 9705, 93
2026/10/04 00:40:13.083, 9705, 91
2026/10/04 00:40:13.349, 9705, 91
2026/10/04 00:40:13.614, 9695, 91
2026/10/04 00:40:13.879, 9695, 91
2026/10/04 00:40:14.143, 9695, 82
2026/10/04 00:40:14.407, 9691, 82
2026/10/04 00:40:14.671, 9678, 80
2026/10/04 00:40:14.935, 9668, 80
2026/10/04 00:40:15.200, 9667, 93
2026/10/04 00:40:15.465, 9665, 93
2026/10/04 00:40:15.729, 9664, 92
2026/10/04 00:40:15.993, 9664, 92
2026/10/04 00:40:16.257, 9664, 94
2026/10/04 00:40:16.521, 9664, 94
2026/10/04 00:40:16.786, 9648, 86
2026/10/04 00:40:17.050, 9646, 86
2026/10/04 00:40:17.315, 9646, 81
2026/10/04 00:40:17.580, 9646, 79
2026/10/04 00:40:17.844, 9646, 79
2026/10/04 00:40:18.108, 9646, 93
2026/10/04 00:40:18.372, 9674, 93
2026/10/04 00:40:18.636, 9826, 88
2026/10/04 00:40:18.900, 9872, 88
2026/10/04 00:40:19.165, 9872, 80
2026/10/04 00:40:19.431, 15507, 80
2026/10/04 00:40:19.682, 15459, 63
2026/10/04 00:40:19.946, 15581, 63
2026/10/04 00:40:20.198, 15607, 53
2026/10/04 00:40:20.462, 15643, 53
2026/10/04 00:40:20.728, 15642, 80
2026/10/04 00:40:20.994, 15643, 80
2026/10/04 00:40:21.259, 15643, 88
2026/10/04 00:40:21.523, 15701, 88
2026/10/04 00:40:21.790, 15729, 57
2026/10/04 00:40:22.054, 15729, 57
2026/10/04 00:40:22.319, 15729, 28
2026/10/04 00:40:22.583, 15773, 70
2026/10/04 00:40:22.848, 15601, 70
2026/10/04 00:40:23.111, 15549, 87
2026/10/04 00:40:23.375, 15549, 87
2026/10/04 00:40:23.639, 15549, 88
2026/10/04 00:40:23.903, 15549, 88
2026/10/04 00:40:24.169, 15463, 64
2026/10/04 00:40:24.422, 15568, 64
2026/10/04 00:40:24.687, 15624, 18
2026/10/04 00:40:24.953, 15650, 18
2026/10/04 00:40:25.218, 15654, 100
2026/10/04 00:40:25.482, 15530, 100
2026/10/04 00:40:25.746, 15299, 62
2026/10/04 00:40:26.010, 9103, 62
2026/10/04 00:40:26.274, 8823, 94
2026/10/04 00:40:26.540, 8984, 94
2026/10/04 00:40:26.804, 8827, 99
2026/10/04 00:40:27.068, 8825, 99
2026/10/04 00:40:27.333, 8825, 92
2026/10/04 00:40:27.597, 8825, 91
2026/10/04 00:40:27.861, 8824, 91
2026/10/04 00:40:28.125, 8824, 91
2026/10/04 00:40:28.390, 8824, 91
2026/10/04 00:40:28.655, 8824, 96
2026/10/04 00:40:28.920, 8823, 96
2026/10/04 00:40:29.186, 8823, 95
2026/10/04 00:40:29.451, 8950, 95
2026/10/04 00:40:29.715, 9065, 92
2026/10/04 00:40:29.979, 9065, 92
2026/10/04 00:40:30.234, 9083, 88
2026/10/04 00:40:30.499, 9083, 88
2026/10/04 00:40:30.765, 9083, 91
2026/10/04 00:40:31.030, 9083, 91
2026/10/04 00:40:31.294, 9082, 94
2026/10/04 00:40:31.559, 9082, 94
2026/10/04 00:40:31.823, 9082, 79
2026/10/04 00:40:32.088, 9081, 92
2026/10/04 00:40:32.353, 9078, 92
2026/10/04 00:40:32.617, 9074, 93
2026/10/04 00:40:32.881, 9068, 93
2026/10/04 00:40:33.145, 9068, 93
2026/10/04 00:40:33.396, 9068, 93
2026/10/04 00:40:33.661, 9068, 94
2026/10/04 00:40:33.927, 9068, 94
2026/10/04 00:40:34.191, 9068, 94
2026/10/04 00:40:34.455, 9068, 94
2026/10/04 00:40:34.721, 9068, 88
2026/10/04 00:40:34.984, 9068, 88
2026/10/04 00:40:35.249, 9062, 94
2026/10/04 00:40:35.513, 9062, 94
2026/10/04 00:40:35.777, 9062, 94
2026/10/04 00:40:36.043, 9062, 94
2026/10/04 00:40:36.306, 9062, 92
2026/10/04 00:40:36.558, 9062, 92
2026/10/04 00:40:36.821, 9062, 94
2026/10/04 00:40:37.086, 9062, 93
2026/10/04 00:40:37.351, 9062, 93
2026/10/04 00:40:37.603, 9062, 95
2026/10/04 00:40:37.868, 9062, 95
2026/10/04 00:40:38.120, 9062, 92
2026/10/04 00:40:38.385, 9062, 92
2026/10/04 00:40:38.650, 9062, 92
2026/10/04 00:40:38.913, 9062, 92
2026/10/04 00:40:39.179, 9062, 93
2026/10/04 00:40:39.431, 9062, 93
2026/10/04 00:40:39.695, 9062, 94
2026/10/04 00:40:39.960, 9062, 94
2026/10/04 00:40:40.226, 9062, 94
2026/10/04 00:40:40.491, 9062, 94
2026/10/04 00:40:40.755, 9062, 94
2026/10/04 00:40:41.019, 9062, 94
2026/10/04 00:40:41.284, 9062, 93
2026/10/04 00:40:41.549, 9062, 93
2026/10/04 00:40:41.812, 9062, 94
2026/10/04 00:40:42.078, 9062, 93
2026/10/04 00:40:42.344, 9062, 93
2026/10/04 00:40:42.609, 9062, 92
2026/10/04 00:40:42.873, 9062, 92
2026/10/04 00:40:43.137, 9062, 81
2026/10/04 00:40:43.401, 9062, 81
2026/10/04 00:40:43.666, 9062, 87
2026/10/04 00:40:43.930, 9062, 87
2026/10/04 00:40:44.181, 9062, 93
2026/10/04 00:40:44.447, 9062, 93
2026/10/04 00:40:44.710, 9062, 94
2026/10/04 00:40:44.974, 9062, 94
2026/10/04 00:40:45.240, 9062, 93
2026/10/04 00:40:45.506, 9062, 93
2026/10/04 00:40:45.771, 9062, 90
2026/10/04 00:40:46.035, 9062, 90
2026/10/04 00:40:46.300, 9062, 80
2026/10/04 00:40:46.565, 9062, 80
2026/10/04 00:40:46.829, 9062, 81
2026/10/04 00:40:47.093, 9062, 79
2026/10/04 00:40:47.357, 9062, 79
2026/10/04 00:40:47.610, 9062, 94
2026/10/04 00:40:47.874, 9062, 94
2026/10/04 00:40:48.138, 9060, 93
2026/10/04 00:40:48.403, 9060, 93
2026/10/04 00:40:48.666, 9060, 79
2026/10/04 00:40:48.930, 9060, 79
2026/10/04 00:40:49.196, 9060, 93
2026/10/04 00:40:49.461, 9060, 93
2026/10/04 00:40:49.725, 9060, 81
2026/10/04 00:40:49.988, 9060, 81
2026/10/04 00:40:50.252, 9060, 80
2026/10/04 00:40:50.517, 9060, 80
2026/10/04 00:40:50.780, 9063, 78
2026/10/04 00:40:51.044, 9063, 78
2026/10/04 00:40:51.297, 9063, 95
2026/10/04 00:40:51.561, 9063, 95
2026/10/04 00:40:51.824, 9063, 91
2026/10/04 00:40:52.089, 9063, 89
2026/10/04 00:40:52.353, 9063, 89
2026/10/04 00:40:52.618, 9063, 91
2026/10/04 00:40:52.882, 9063, 91
2026/10/04 00:40:53.147, 9063, 93
2026/10/04 00:40:53.411, 9063, 93
2026/10/04 00:40:53.674, 9063, 94
2026/10/04 00:40:53.929, 9063, 94
2026/10/04 00:40:54.193, 9063, 93
2026/10/04 00:40:54.457, 9063, 93
2026/10/04 00:40:54.719, 9063, 94
2026/10/04 00:40:54.984, 9063, 94
2026/10/04 00:40:55.249, 9063, 92
2026/10/04 00:40:55.514, 10859, 92
2026/10/04 00:40:55.778, 10881, 85
2026/10/04 00:40:56.042, 10091, 85
2026/10/04 00:40:56.307, 10091, 79
2026/10/04 00:40:56.572, 10091, 90
2026/10/04 00:40:56.837, 10091, 90
2026/10/04 00:40:57.101, 10091, 90
2026/10/04 00:40:57.365, 10091, 90
2026/10/04 00:40:57.629, 10091, 91
2026/10/04 00:40:57.895, 10091, 91
2026/10/04 00:40:58.160, 10091, 92
2026/10/04 00:40:58.426, 10091, 92
2026/10/04 00:40:58.691, 10091, 92
2026/10/04 00:40:58.956, 10091, 92
2026/10/04 00:40:59.207, 10091, 94
2026/10/04 00:40:59.462, 10091, 94
2026/10/04 00:40:59.726, 10091, 93
2026/10/04 00:40:59.992, 10091, 93
2026/10/04 00:41:00.256, 10091, 93
2026/10/04 00:41:00.519, 10091, 93
2026/10/04 00:41:00.783, 10091, 91
2026/10/04 00:41:01.048, 10091, 91
2026/10/04 00:41:01.313, 10091, 91
2026/10/04 00:41:01.577, 10091, 80
2026/10/04 00:41:01.841, 10091, 80
2026/10/04 00:41:02.105, 10091, 77
2026/10/04 00:41:02.369, 10091, 77
2026/10/04 00:41:02.634, 10091, 92
2026/10/04 00:41:02.898, 10091, 92
2026/10/04 00:41:03.163, 10091, 87
2026/10/04 00:41:03.428, 10091, 87
2026/10/04 00:41:03.691, 10091, 90
2026/10/04 00:41:03.956, 10091, 90
2026/10/04 00:41:04.220, 10091, 91
2026/10/04 00:41:04.485, 10091, 91
2026/10/04 00:41:04.748, 10091, 90
2026/10/04 00:41:05.013, 10091, 90
2026/10/04 00:41:05.279, 10091, 84
2026/10/04 00:41:05.544, 10091, 84
2026/10/04 00:41:05.809, 10091, 85
2026/10/04 00:41:06.074, 10091, 83
2026/10/04 00:41:06.340, 10091, 83
2026/10/04 00:41:06.604, 10091, 80
2026/10/04 00:41:06.869, 10091, 80
2026/10/04 00:41:07.135, 10091, 95
2026/10/04 00:41:07.400, 10091, 95
2026/10/04 00:41:07.651, 10091, 94
2026/10/04 00:41:07.916, 10091, 94
2026/10/04 00:41:08.181, 10091, 90
2026/10/04 00:41:08.445, 10091, 90
2026/10/04 00:41:08.710, 10091, 83
2026/10/04 00:41:08.974, 10091, 83
2026/10/04 00:41:09.239, 10091, 94
2026/10/04 00:41:09.504, 10091, 94
2026/10/04 00:41:09.768, 10091, 88
2026/10/04 00:41:10.033, 10091, 88
2026/10/04 00:41:10.297, 10091, 94
2026/10/04 00:41:10.548, 10091, 94
2026/10/04 00:41:10.812, 10091, 94
2026/10/04 00:41:11.077, 10091, 92
2026/10/04 00:41:11.341, 10091, 92
2026/10/04 00:41:11.606, 10098, 91
2026/10/04 00:41:11.871, 10098, 91
2026/10/04 00:41:12.136, 10098, 94
2026/10/04 00:41:12.400, 10098, 94
2026/10/04 00:41:12.664, 10098, 93
2026/10/04 00:41:12.929, 10098, 93
2026/10/04 00:41:13.194, 10098, 93
2026/10/04 00:41:13.457, 10098, 93
2026/10/04 00:41:13.723, 10093, 94
2026/10/04 00:41:13.987, 10093, 94
2026/10/04 00:41:14.251, 10093, 93
2026/10/04 00:41:14.516, 10093, 93
2026/10/04 00:41:14.780, 10093, 94
2026/10/04 00:41:15.032, 10093, 94
2026/10/04 00:41:15.296, 10093, 93
2026/10/04 00:41:15.561, 10093, 93
2026/10/04 00:41:15.825, 10093, 93
2026/10/04 00:41:16.091, 10093, 94
2026/10/04 00:41:16.354, 10093, 94
2026/10/04 00:41:16.619, 10093, 94
2026/10/04 00:41:16.884, 10093, 94
2026/10/04 00:41:17.148, 10091, 93
2026/10/04 00:41:17.414, 10091, 93
2026/10/04 00:41:17.678, 10077, 93
2026/10/04 00:41:17.944, 10077, 93
2026/10/04 00:41:18.210, 10077, 93
2026/10/04 00:41:18.473, 10077, 93
2026/10/04 00:41:18.740, 10077, 91
2026/10/04 00:41:19.004, 10077, 91
2026/10/04 00:41:19.270, 10077, 82
2026/10/04 00:41:19.521, 10077, 82
2026/10/04 00:41:19.785, 10077, 94
2026/10/04 00:41:20.050, 10077, 94
2026/10/04 00:41:20.300, 10077, 89
2026/10/04 00:41:20.564, 10077, 89
2026/10/04 00:41:20.828, 10077, 92
2026/10/04 00:41:21.092, 10077, 83
2026/10/04 00:41:21.356, 10077, 83
2026/10/04 00:41:21.620, 10077, 91
2026/10/04 00:41:21.871, 10077, 91
2026/10/04 00:41:22.135, 10077, 94
2026/10/04 00:41:22.400, 10077, 94
2026/10/04 00:41:22.666, 10077, 93
2026/10/04 00:41:22.931, 10077, 93
2026/10/04 00:41:23.195, 10077, 91
2026/10/04 00:41:23.461, 10077, 91
2026/10/04 00:41:23.725, 10077, 80
2026/10/04 00:41:23.977, 10077, 80
2026/10/04 00:41:24.242, 10077, 93
2026/10/04 00:41:24.507, 10077, 93
2026/10/04 00:41:24.771, 10077, 94
2026/10/04 00:41:25.024, 10077, 94
2026/10/04 00:41:25.289, 10077, 93
2026/10/04 00:41:25.552, 10077, 93
2026/10/04 00:41:25.816, 10077, 94
2026/10/04 00:41:26.070, 10077, 94
2026/10/04 00:41:26.335, 10077, 93
2026/10/04 00:41:26.599, 10077, 94
2026/10/04 00:41:26.864, 10077, 94
2026/10/04 00:41:27.129, 10077, 94
2026/10/04 00:41:27.393, 10077, 94
2026/10/04 00:41:27.659, 10077, 92
2026/10/04 00:41:27.925, 10077, 92
2026/10/04 00:41:28.189, 10077, 79
2026/10/04 00:41:28.453, 10077, 79
2026/10/04 00:41:28.717, 10077, 93
2026/10/04 00:41:28.981, 10077, 93
2026/10/04 00:41:29.245, 10077, 92
2026/10/04 00:41:29.511, 10077, 92
2026/10/04 00:41:29.774, 10077, 93
2026/10/04 00:41:30.026, 10077, 93
2026/10/04 00:41:30.291, 10077, 94
2026/10/04 00:41:30.555, 10077, 94
2026/10/04 00:41:30.819, 10077, 93
2026/10/04 00:41:31.070, 10077, 93
2026/10/04 00:41:31.335, 10077, 93
2026/10/04 00:41:31.599, 10077, 92
2026/10/04 00:41:31.863, 10077, 92
2026/10/04 00:41:32.128, 10077, 94
2026/10/04 00:41:32.392, 10077, 94
2026/10/04 00:41:32.657, 10075, 94
2026/10/04 00:41:32.923, 10075, 94
2026/10/04 00:41:33.187, 10075, 92
2026/10/04 00:41:33.452, 10075, 92
2026/10/04 00:41:33.716, 10075, 93
2026/10/04 00:41:33.979, 10075, 93
2026/10/04 00:41:34.243, 10075, 92
2026/10/04 00:41:34.509, 10079, 92
2026/10/04 00:41:34.773, 10079, 90
2026/10/04 00:41:35.038, 10079, 90
2026/10/04 00:41:35.302, 10079, 91
2026/10/04 00:41:35.566, 10080, 91
2026/10/04 00:41:35.831, 10080, 90
2026/10/04 00:41:36.095, 10080, 91
2026/10/04 00:41:36.346, 10080, 91
2026/10/04 00:41:36.611, 10076, 94
2026/10/04 00:41:36.862, 10075, 94
2026/10/04 00:41:37.126, 10075, 93
2026/10/04 00:41:37.392, 10075, 93
2026/10/04 00:41:37.657, 10075, 93
2026/10/04 00:41:37.923, 10075, 93
2026/10/04 00:41:38.187, 10075, 93
2026/10/04 00:41:38.453, 10075, 93
2026/10/04 00:41:38.717, 10079, 92
2026/10/04 00:41:38.981, 10079, 92
2026/10/04 00:41:39.245, 10079, 94
2026/10/04 00:41:39.510, 10079, 94
2026/10/04 00:41:39.761, 10079, 94
2026/10/04 00:41:40.026, 10079, 94
2026/10/04 00:41:40.290, 10079, 93
2026/10/04 00:41:40.554, 10075, 93
2026/10/04 00:41:40.818, 10075, 93
2026/10/04 00:41:41.084, 10075, 94
2026/10/04 00:41:41.347, 10075, 94
2026/10/04 00:41:41.611, 10075, 92
2026/10/04 00:41:41.877, 10075, 92
2026/10/04 00:41:42.142, 10075, 92
2026/10/04 00:41:42.405, 10075, 92
2026/10/04 00:41:42.669, 10075, 90
2026/10/04 00:41:42.933, 10075, 90
2026/10/04 00:41:43.187, 10075, 94
2026/10/04 00:41:43.451, 10075, 94
2026/10/04 00:41:43.716, 10075, 93
2026/10/04 00:41:43.980, 10075, 93
2026/10/04 00:41:44.245, 10075, 94
2026/10/04 00:41:44.509, 10075, 94
2026/10/04 00:41:44.762, 10075, 94
2026/10/04 00:41:45.025, 10075, 94
2026/10/04 00:41:45.290, 10075, 95
2026/10/04 00:41:45.553, 10075, 95
2026/10/04 00:41:45.819, 10075, 82
2026/10/04 00:41:46.083, 10075, 83
2026/10/04 00:41:46.348, 10075, 83
2026/10/04 00:41:46.613, 10075, 82
2026/10/04 00:41:46.877, 10075, 82
2026/10/04 00:41:47.142, 10075, 89
2026/10/04 00:41:47.407, 10075, 89
2026/10/04 00:41:47.671, 10075, 91
2026/10/04 00:41:47.935, 10075, 91
2026/10/04 00:41:48.200, 10075, 91
2026/10/04 00:41:48.451, 10075, 91
2026/10/04 00:41:48.715, 10075, 94
2026/10/04 00:41:48.979, 10075, 94
2026/10/04 00:41:49.245, 10075, 94
2026/10/04 00:41:49.509, 10075, 94
2026/10/04 00:41:49.772, 10075, 92
2026/10/04 00:41:50.027, 10075, 92
2026/10/04 00:41:50.291, 10075, 94
2026/10/04 00:41:50.544, 10075, 94
2026/10/04 00:41:50.809, 10075, 92
2026/10/04 00:41:51.073, 10075, 92
2026/10/04 00:41:51.339, 10075, 92
2026/10/04 00:41:51.591, 10075, 90
2026/10/04 00:41:51.855, 10075, 90
2026/10/04 00:41:52.120, 10075, 92
2026/10/04 00:41:52.385, 10075, 92
2026/10/04 00:41:52.649, 10075, 92
2026/10/04 00:41:52.900, 10075, 92
2026/10/04 00:41:53.164, 10075, 91
2026/10/04 00:41:53.429, 10075, 91
2026/10/04 00:41:53.693, 10075, 91
2026/10/04 00:41:53.959, 10075, 91
2026/10/04 00:41:54.223, 10075, 92
2026/10/04 00:41:54.487, 10075, 92
2026/10/04 00:41:54.753, 10075, 95
2026/10/04 00:41:55.018, 10075, 95
2026/10/04 00:41:55.283, 10075, 94
2026/10/04 00:41:55.548, 10075, 94
2026/10/04 00:41:55.814, 10075, 94
2026/10/04 00:41:56.080, 10075, 93
2026/10/04 00:41:56.345, 10075, 93
2026/10/04 00:41:56.608, 10075, 82
2026/10/04 00:41:56.873, 10075, 82
2026/10/04 00:41:57.136, 10075, 82
2026/10/04 00:41:57.387, 10075, 82
2026/10/04 00:41:57.651, 10075, 83
2026/10/04 00:41:57.903, 10075, 83
2026/10/04 00:41:58.169, 10075, 91
2026/10/04 00:41:58.432, 10075, 91
2026/10/04 00:41:58.697, 10075, 94
2026/10/04 00:41:58.961, 10075, 94
2026/10/04 00:41:59.225, 10075, 92
2026/10/04 00:41:59.491, 10075, 92
2026/10/04 00:41:59.756, 10075, 79
2026/10/04 00:42:00.020, 10075, 79
2026/10/04 00:42:00.285, 10075, 83
2026/10/04 00:42:00.548, 10075, 83
2026/10/04 00:42:00.800, 10075, 80
2026/10/04 00:42:01.063, 10075, 80
2026/10/04 00:42:01.328, 10075, 81
2026/10/04 00:42:01.593, 10075, 83
2026/10/04 00:42:01.857, 10075, 83
2026/10/04 00:42:02.123, 10075, 82
2026/10/04 00:42:02.388, 10075, 82
2026/10/04 00:42:02.639, 10075, 93
2026/10/04 00:42:02.903, 10075, 93
2026/10/04 00:42:03.167, 10075, 94
2026/10/04 00:42:03.432, 10075, 94
2026/10/04 00:42:03.696, 10075, 93
2026/10/04 00:42:03.960, 10075, 93
2026/10/04 00:42:04.224, 10075, 93
2026/10/04 00:42:04.490, 10075, 93
2026/10/04 00:42:04.742, 10075, 94
2026/10/04 00:42:05.007, 10075, 94
2026/10/04 00:42:05.272, 10075, 94
2026/10/04 00:42:05.525, 10075, 94
2026/10/04 00:42:05.789, 10075, 93
2026/10/04 00:42:06.043, 10075, 93
2026/10/04 00:42:06.296, 10075, 95
2026/10/04 00:42:06.560, 10075, 95
2026/10/04 00:42:06.826, 10075, 94
2026/10/04 00:42:07.091, 10075, 94
2026/10/04 00:42:07.357, 10075, 94
2026/10/04 00:42:07.621, 10075, 94
2026/10/04 00:42:07.885, 10075, 94
2026/10/04 00:42:08.150, 10075, 92
2026/10/04 00:42:08.414, 10075, 92
2026/10/04 00:42:08.679, 10075, 92
2026/10/04 00:42:08.943, 10077, 92
2026/10/04 00:42:09.208, 10082, 93
2026/10/04 00:42:09.472, 10082, 93
2026/10/04 00:42:09.736, 10103, 89
2026/10/04 00:42:09.999, 10095, 89
2026/10/04 00:42:10.262, 10140, 94
2026/10/04 00:42:10.527, 10137, 94
2026/10/04 00:42:10.790, 10136, 79
2026/10/04 00:42:11.054, 10136, 79
2026/10/04 00:42:11.320, 10136, 93
2026/10/04 00:42:11.583, 10144, 90
2026/10/04 00:42:11.848, 10143, 90
2026/10/04 00:42:12.113, 10313, 86
2026/10/04 00:42:12.377, 10557, 86
2026/10/04 00:42:12.642, 10137, 91
2026/10/04 00:42:12.907, 10137, 91
2026/10/04 00:42:13.172, 10137, 94
2026/10/04 00:42:13.437, 10155, 94
2026/10/04 00:42:13.702, 10147, 94
2026/10/04 00:42:13.967, 10147, 94
2026/10/04 00:42:14.233, 10147, 94
2026/10/04 00:42:14.498, 10149, 94
2026/10/04 00:42:14.765, 10149, 94
2026/10/04 00:42:15.030, 10149, 94
2026/10/04 00:42:15.295, 10129, 83
2026/10/04 00:42:15.546, 10128, 83
2026/10/04 00:42:15.811, 10113, 82
2026/10/04 00:42:16.076, 10113, 82
2026/10/04 00:42:16.340, 10112, 87
2026/10/04 00:42:16.591, 10114, 88
2026/10/04 00:42:16.857, 10114, 88
2026/10/04 00:42:17.121, 10111, 94
2026/10/04 00:42:17.372, 10111, 94
2026/10/04 00:42:17.637, 10113, 91
2026/10/04 00:42:17.901, 10113, 91
2026/10/04 00:42:18.166, 10113, 95
2026/10/04 00:42:18.432, 10113, 95
2026/10/04 00:42:18.698, 10115, 92
2026/10/04 00:42:18.962, 10115, 92
2026/10/04 00:42:19.226, 10115, 94
2026/10/04 00:42:19.490, 10115, 94
2026/10/04 00:42:19.741, 10117, 95
2026/10/04 00:42:20.006, 10117, 95
2026/10/04 00:42:20.270, 10117, 95
2026/10/04 00:42:20.536, 10117, 95
2026/10/04 00:42:20.801, 10119, 95
2026/10/04 00:42:21.066, 10119, 95
2026/10/04 00:42:21.330, 10119, 94
2026/10/04 00:42:21.593, 10125, 94
2026/10/04 00:42:21.858, 10167, 94
2026/10/04 00:42:22.124, 10168, 89
2026/10/04 00:42:22.390, 10171, 89
2026/10/04 00:42:22.653, 10167, 92
2026/10/04 00:42:22.917, 10167, 92
2026/10/04 00:42:23.181, 10167, 89
2026/10/04 00:42:23.446, 10167, 89
2026/10/04 00:42:23.697, 10167, 82
2026/10/04 00:42:23.962, 10167, 82
2026/10/04 00:42:24.227, 10167, 82
2026/10/04 00:42:24.492, 10167, 82
2026/10/04 00:42:24.757, 10164, 81
2026/10/04 00:42:25.021, 10165, 81
2026/10/04 00:42:25.286, 10165, 94
2026/10/04 00:42:25.551, 10165, 94
2026/10/04 00:42:25.816, 10165, 95
2026/10/04 00:42:26.080, 10167, 94
2026/10/04 00:42:26.346, 11041, 94
2026/10/04 00:42:26.610, 11041, 100
2026/10/04 00:42:26.873, 11031, 100
2026/10/04 00:42:27.138, 11024, 100
2026/10/04 00:42:27.403, 11011, 100
2026/10/04 00:42:27.667, 11006, 100
2026/10/04 00:42:27.933, 11006, 100
2026/10/04 00:42:28.198, 11007, 100
2026/10/04 00:42:28.463, 11007, 100
2026/10/04 00:42:28.728, 11007, 100
2026/10/04 00:42:28.993, 11013, 100
2026/10/04 00:42:29.244, 11021, 100
2026/10/04 00:42:29.508, 11021, 100
2026/10/04 00:42:29.773, 11022, 100
2026/10/04 00:42:30.040, 11024, 100
2026/10/04 00:42:30.303, 11024, 100
2026/10/04 00:42:30.554, 11055, 100
2026/10/04 00:42:30.819, 11063, 100
2026/10/04 00:42:31.085, 11060, 100
2026/10/04 00:42:31.349, 11061, 100
2026/10/04 00:42:31.603, 11061, 100
2026/10/04 00:42:31.867, 11061, 100
2026/10/04 00:42:32.132, 11062, 100
2026/10/04 00:42:32.396, 11062, 100
2026/10/04 00:42:32.660, 11062, 100
2026/10/04 00:42:32.926, 11062, 100
2026/10/04 00:42:33.191, 11049, 100
2026/10/04 00:42:33.455, 11049, 100
2026/10/04 00:42:33.706, 11049, 100
2026/10/04 00:42:33.970, 11034, 100
2026/10/04 00:42:34.235, 11036, 100
2026/10/04 00:42:34.486, 11038, 100
2026/10/04 00:42:34.750, 11038, 100
2026/10/04 00:42:35.014, 11038, 100
2026/10/04 00:42:35.265, 11247, 100
2026/10/04 00:42:35.529, 13807, 100
2026/10/04 00:42:35.794, 15272, 100
2026/10/04 00:42:36.059, 15473, 100
2026/10/04 00:42:36.323, 15567, 48
2026/10/04 00:42:36.588, 15499, 54
2026/10/04 00:42:36.852, 15454, 54
2026/10/04 00:42:37.118, 15443, 100
2026/10/04 00:42:37.382, 15443, 100
2026/10/04 00:42:37.647, 15443, 100
2026/10/04 00:42:37.911, 15447, 100
2026/10/04 00:42:38.176, 15534, 60
2026/10/04 00:42:38.428, 15641, 60
2026/10/04 00:42:38.693, 15631, 33
2026/10/04 00:42:38.945, 15631, 33
2026/10/04 00:42:39.211, 15631, 30
2026/10/04 00:42:39.475, 15515, 30
2026/10/04 00:42:39.739, 15405, 60
2026/10/04 00:42:40.003, 15420, 60
2026/10/04 00:42:40.269, 15420, 96
2026/10/04 00:42:40.533, 15420, 96
2026/10/04 00:42:40.784, 15420, 100
2026/10/04 00:42:41.049, 15426, 100
2026/10/04 00:42:41.315, 15470, 64
2026/10/04 00:42:41.580, 15539, 64
2026/10/04 00:42:41.831, 15579, 33
2026/10/04 00:42:42.095, 15597, 1
2026/10/04 00:42:42.360, 15605, 1
2026/10/04 00:42:42.625, 15343, 57
2026/10/04 00:42:42.890, 15297, 57
2026/10/04 00:42:43.146, 15191, 39
2026/10/04 00:42:43.398, 14923, 39
2026/10/04 00:42:43.664, 14881, 50
2026/10/04 00:42:43.927, 14875, 50
2026/10/04 00:42:44.192, 14897, 94
2026/10/04 00:42:44.456, 14897, 94
2026/10/04 00:42:44.721, 14903, 99
2026/10/04 00:42:44.986, 14943, 99
2026/10/04 00:42:45.252, 15095, 61
2026/10/04 00:42:45.517, 15142, 61
2026/10/04 00:42:45.782, 15178, 95
2026/10/04 00:42:46.047, 15226, 95
2026/10/04 00:42:46.313, 15136, 96
2026/10/04 00:42:46.577, 14910, 96
2026/10/04 00:42:46.843, 14844, 63
2026/10/04 00:42:47.107, 14919, 99
2026/10/04 00:42:47.372, 14919, 99
2026/10/04 00:42:47.637, 14919, 100
2026/10/04 00:42:47.903, 14919, 100
2026/10/04 00:42:48.167, 14927, 62
2026/10/04 00:42:48.432, 14992, 62
2026/10/04 00:42:48.696, 15204, 53
2026/10/04 00:42:48.960, 15248, 53
2026/10/04 00:42:49.225, 15280, 94
2026/10/04 00:42:49.491, 15288, 94
2026/10/04 00:42:49.755, 15308, 96
2026/10/04 00:42:50.022, 15106, 96
2026/10/04 00:42:50.286, 15092, 61
2026/10/04 00:42:50.551, 14983, 61
2026/10/04 00:42:50.815, 15009, 98
2026/10/04 00:42:51.081, 15009, 98
2026/10/04 00:42:51.344, 15009, 99
2026/10/04 00:42:51.609, 15015, 64
2026/10/04 00:42:51.874, 15076, 64
2026/10/04 00:42:52.127, 15243, 58
2026/10/04 00:42:52.392, 15228, 58
2026/10/04 00:42:52.656, 15272, 92
2026/10/04 00:42:52.921, 15298, 92
2026/10/04 00:42:53.172, 15184, 93
2026/10/04 00:42:53.436, 15074, 93
2026/10/04 00:42:53.687, 14900, 63
2026/10/04 00:42:53.953, 14946, 63
2026/10/04 00:42:54.217, 14946, 100
2026/10/04 00:42:54.469, 14946, 100
2026/10/04 00:42:54.721, 14946, 100
2026/10/04 00:42:54.984, 14954, 100
2026/10/04 00:42:55.236, 15143, 60
2026/10/04 00:42:55.500, 15186, 60
2026/10/04 00:42:55.765, 15193, 96
2026/10/04 00:42:56.031, 15233, 96
2026/10/04 00:42:56.297, 15245, 97
2026/10/04 00:42:56.563, 15119, 97
2026/10/04 00:42:56.827, 15045, 63
2026/10/04 00:42:57.093, 14988, 78
2026/10/04 00:42:57.357, 14988, 78
2026/10/04 00:42:57.622, 14988, 100
2026/10/04 00:42:57.887, 14988, 100
2026/10/04 00:42:58.152, 14994, 83
2026/10/04 00:42:58.418, 14998, 83
2026/10/04 00:42:58.683, 15118, 63
2026/10/04 00:42:58.948, 15126, 63
2026/10/04 00:42:59.212, 15146, 97
2026/10/04 00:42:59.477, 15178, 97
2026/10/04 00:42:59.741, 15157, 96
2026/10/04 00:43:00.005, 15067, 96
2026/10/04 00:43:00.271, 14989, 62
2026/10/04 00:43:00.537, 14823, 62
2026/10/04 00:43:00.801, 14871, 86
2026/10/04 00:43:01.065, 14871, 86
2026/10/04 00:43:01.330, 14871, 100
2026/10/04 00:43:01.595, 14877, 78
2026/10/04 00:43:01.859, 14807, 78
2026/10/04 00:43:02.123, 15113, 62
2026/10/04 00:43:02.386, 15141, 62
2026/10/04 00:43:02.650, 15173, 93
2026/10/04 00:43:02.913, 15193, 93
2026/10/04 00:43:03.177, 15215, 96
2026/10/04 00:43:03.442, 15109, 96
2026/10/04 00:43:03.706, 15007, 65
2026/10/04 00:43:03.969, 14948, 65
2026/10/04 00:43:04.234, 14931, 90
2026/10/04 00:43:04.498, 14931, 90
2026/10/04 00:43:04.763, 14931, 99
2026/10/04 00:43:05.018, 14931, 99
2026/10/04 00:43:05.272, 14875, 82
2026/10/04 00:43:05.536, 14972, 82
2026/10/04 00:43:05.801, 15131, 64
2026/10/04 00:43:06.066, 15149, 64
2026/10/04 00:43:06.316, 15149, 93
2026/10/04 00:43:06.568, 15125, 93
2026/10/04 00:43:06.833, 15013, 94
2026/10/04 00:43:07.097, 14995, 67
2026/10/04 00:43:07.350, 14898, 67
2026/10/04 00:43:07.615, 14946, 94
2026/10/04 00:43:07.880, 14946, 94
2026/10/04 00:43:08.144, 14946, 100
2026/10/04 00:43:08.396, 14952, 100
2026/10/04 00:43:08.660, 14942, 65
2026/10/04 00:43:08.926, 15117, 65
2026/10/04 00:43:09.190, 15141, 98
2026/10/04 00:43:09.454, 15137, 98
2026/10/04 00:43:09.708, 15155, 92
2026/10/04 00:43:09.972, 15160, 92
2026/10/04 00:43:10.239, 14982, 81
2026/10/04 00:43:10.495, 14988, 81
2026/10/04 00:43:10.759, 14825, 62
2026/10/04 00:43:11.024, 14865, 62
2026/10/04 00:43:11.289, 14865, 100
2026/10/04 00:43:11.553, 14865, 100
2026/10/04 00:43:11.817, 14871, 99
2026/10/04 00:43:12.081, 14869, 99
2026/10/04 00:43:12.346, 15077, 64
2026/10/04 00:43:12.610, 15135, 95
2026/10/04 00:43:12.875, 15147, 95
2026/10/04 00:43:13.139, 15187, 94
2026/10/04 00:43:13.404, 15195, 94
2026/10/04 00:43:13.667, 15021, 63
2026/10/04 00:43:13.932, 14891, 63
2026/10/04 00:43:14.195, 14889, 63
2026/10/04 00:43:14.459, 14898, 63
2026/10/04 00:43:14.723, 14898, 100
2026/10/04 00:43:14.988, 14898, 100
2026/10/04 00:43:15.241, 14904, 100
2026/10/04 00:43:15.498, 14949, 100
2026/10/04 00:43:15.751, 15192, 63
2026/10/04 00:43:16.015, 15196, 63
2026/10/04 00:43:16.279, 15194, 92
2026/10/04 00:43:16.543, 15174, 92
2026/10/04 00:43:16.806, 15175, 93
2026/10/04 00:43:17.070, 15069, 93
2026/10/04 00:43:17.322, 14917, 66
2026/10/04 00:43:17.586, 14974, 99
2026/10/04 00:43:17.837, 14975, 99
2026/10/04 00:43:18.102, 14975, 100
2026/10/04 00:43:18.366, 14975, 100
2026/10/04 00:43:18.619, 14979, 65
2026/10/04 00:43:18.884, 15015, 65
2026/10/04 00:43:19.148, 15136, 63
2026/10/04 00:43:19.413, 15161, 63
2026/10/04 00:43:19.677, 15177, 97
2026/10/04 00:43:19.929, 15213, 97
2026/10/04 00:43:20.194, 15202, 94
2026/10/04 00:43:20.460, 15116, 94
2026/10/04 00:43:20.714, 14930, 63
2026/10/04 00:43:20.978, 14838, 63
2026/10/04 00:43:21.242, 14838, 94
2026/10/04 00:43:21.507, 14838, 94
2026/10/04 00:43:21.759, 14838, 100
2026/10/04 00:43:22.024, 14844, 100
2026/10/04 00:43:22.289, 14934, 64
2026/10/04 00:43:22.553, 15173, 64
2026/10/04 00:43:22.816, 15178, 97
2026/10/04 00:43:23.080, 15194, 97
2026/10/04 00:43:23.344, 15192, 92
2026/10/04 00:43:23.607, 15202, 97
2026/10/04 00:43:23.872, 15138, 97
2026/10/04 00:43:24.138, 14930, 63
2026/10/04 00:43:24.403, 14890, 63
2026/10/04 00:43:24.666, 14887, 96
2026/10/04 00:43:24.923, 14887, 96
2026/10/04 00:43:25.188, 14887, 99
2026/10/04 00:43:25.451, 14893, 99
2026/10/04 00:43:25.716, 14987, 63
2026/10/04 00:43:25.980, 15151, 63
2026/10/04 00:43:26.245, 15151, 99
2026/10/04 00:43:26.509, 15171, 99
2026/10/04 00:43:26.773, 15168, 95
2026/10/04 00:43:27.037, 15138, 95
2026/10/04 00:43:27.301, 15146, 98
2026/10/04 00:43:27.565, 14966, 98
2026/10/04 00:43:27.828, 14940, 63
2026/10/04 00:43:28.095, 14940, 95
2026/10/04 00:43:28.360, 14940, 95
2026/10/04 00:43:28.623, 14940, 100
2026/10/04 00:43:28.888, 14946, 100
2026/10/04 00:43:29.141, 15014, 64
2026/10/04 00:43:29.406, 15184, 64
2026/10/04 00:43:29.671, 15189, 92
2026/10/04 00:43:29.936, 15198, 92
2026/10/04 00:43:30.199, 15194, 93
2026/10/04 00:43:30.451, 15238, 93
2026/10/04 00:43:30.716, 15170, 69
2026/10/04 00:43:30.968, 14915, 69
2026/10/04 00:43:31.222, 14890, 68
2026/10/04 00:43:31.487, 14889, 68
2026/10/04 00:43:31.751, 14889, 100
2026/10/04 00:43:32.016, 14889, 100
2026/10/04 00:43:32.281, 14913, 93
2026/10/04 00:43:32.546, 15013, 93
2026/10/04 00:43:32.811, 15187, 65
2026/10/04 00:43:33.076, 15207, 65
2026/10/04 00:43:33.341, 15249, 96
2026/10/04 00:43:33.605, 15277, 96
2026/10/04 00:43:33.858, 15205, 96
2026/10/04 00:43:34.122, 15099, 63
2026/10/04 00:43:34.388, 14883, 63
2026/10/04 00:43:34.653, 14879, 95
2026/10/04 00:43:34.919, 14879, 95
2026/10/04 00:43:35.183, 14879, 100
2026/10/04 00:43:35.447, 14889, 100
2026/10/04 00:43:35.712, 14911, 67
2026/10/04 00:43:35.976, 15151, 67
2026/10/04 00:43:36.240, 15205, 99
2026/10/04 00:43:36.504, 14817, 99
2026/10/04 00:43:36.767, 10233, 2
2026/10/04 00:43:37.031, 10909, 51
2026/10/04 00:43:37.514, 10922, 51
2026/10/04 00:43:37.779, 10926, 100
2026/10/04 00:43:38.043, 10926, 100
2026/10/04 00:43:38.308, 10926, 100
2026/10/04 00:43:38.572, 10940, 100
2026/10/04 00:43:38.836, 10940, 99
2026/10/04 00:43:39.092, 10940, 100
2026/10/04 00:43:39.358, 10933, 100
2026/10/04 00:43:39.623, 10933, 100
2026/10/04 00:43:39.888, 10933, 100
2026/10/04 00:43:40.153, 10933, 99
2026/10/04 00:43:40.419, 10925, 99
2026/10/04 00:43:40.684, 10925, 100
2026/10/04 00:43:40.949, 10928, 100
2026/10/04 00:43:41.213, 10928, 100
2026/10/04 00:43:41.463, 10920, 100
2026/10/04 00:43:41.727, 10920, 100
2026/10/04 00:43:41.991, 10920, 100
2026/10/04 00:43:42.257, 10920, 100
2026/10/04 00:43:42.520, 10920, 100
2026/10/04 00:43:42.786, 10918, 100
2026/10/04 00:43:43.051, 10918, 100
2026/10/04 00:43:43.315, 10926, 100
2026/10/04 00:43:43.579, 10926, 100
2026/10/04 00:43:43.845, 10927, 100
2026/10/04 00:43:44.109, 11134, 100
2026/10/04 00:43:44.374, 15167, 100
2026/10/04 00:43:44.638, 14921, 76
2026/10/04 00:43:44.904, 14923, 76
2026/10/04 00:43:45.167, 15102, 57
2026/10/04 00:43:45.419, 15032, 57
2026/10/04 00:43:45.683, 15053, 54
2026/10/04 00:43:45.948, 15053, 54
2026/10/04 00:43:46.214, 15053, 100
2026/10/04 00:43:46.478, 15053, 100
2026/10/04 00:43:46.742, 15055, 98
2026/10/04 00:43:47.006, 15057, 98
2026/10/04 00:43:47.271, 15231, 61
2026/10/04 00:43:47.535, 15231, 61
2026/10/04 00:43:47.800, 15231, 25
2026/10/04 00:43:48.064, 15231, 25
2026/10/04 00:43:48.328, 15190, 26
2026/10/04 00:43:48.592, 15024, 65
2026/10/04 00:43:48.855, 14981, 65
2026/10/04 00:43:49.119, 14981, 95
2026/10/04 00:43:49.384, 14951, 95
2026/10/04 00:43:49.649, 14945, 100
2026/10/04 00:43:49.913, 14951, 100
2026/10/04 00:43:50.177, 15082, 64
2026/10/04 00:43:50.441, 15223, 64
2026/10/04 00:43:50.706, 15267, 61
2026/10/04 00:43:50.970, 15301, 61
2026/10/04 00:43:51.234, 15301, 100
2026/10/04 00:43:51.488, 15199, 100
2026/10/04 00:43:51.752, 14943, 67
2026/10/04 00:43:52.003, 14905, 67
2026/10/04 00:43:52.258, 15008, 55
2026/10/04 00:43:52.521, 15047, 55
2026/10/04 00:43:52.786, 15041, 100
2026/10/04 00:43:53.051, 15041, 100
2026/10/04 00:43:53.315, 15043, 98
2026/10/04 00:43:53.580, 15071, 98
2026/10/04 00:43:53.843, 15245, 66
2026/10/04 00:43:54.107, 15317, 98
2026/10/04 00:43:54.371, 15321, 98
2026/10/04 00:43:54.636, 15337, 95
2026/10/04 00:43:54.900, 15340, 95
2026/10/04 00:43:55.165, 15374, 96
2026/10/04 00:43:55.431, 15304, 96
2026/10/04 00:43:55.695, 15088, 63
2026/10/04 00:43:55.959, 15113, 63
2026/10/04 00:43:56.211, 15113, 100
2026/10/04 00:43:56.462, 15113, 100
2026/10/04 00:43:56.727, 15113, 100
2026/10/04 00:43:56.991, 15119, 100
2026/10/04 00:43:57.246, 15255, 64
2026/10/04 00:43:57.512, 15322, 64
2026/10/04 00:43:57.777, 15310, 96
2026/10/04 00:43:58.042, 15340, 96
2026/10/04 00:43:58.307, 15354, 95
2026/10/04 00:43:58.560, 15336, 95
2026/10/04 00:43:58.824, 15330, 95
2026/10/04 00:43:59.088, 15166, 58
2026/10/04 00:43:59.352, 15051, 58
2026/10/04 00:43:59.617, 15051, 100
2026/10/04 00:43:59.883, 15051, 100
2026/10/04 00:44:00.146, 15051, 100
2026/10/04 00:44:00.397, 14989, 100
2026/10/04 00:44:00.663, 15065, 66
2026/10/04 00:44:00.928, 15242, 66
2026/10/04 00:44:01.179, 15244, 96
2026/10/04 00:44:01.444, 15252, 96
2026/10/04 00:44:01.709, 15260, 95
2026/10/04 00:44:01.973, 15254, 95
2026/10/04 00:44:02.225, 15284, 80
2026/10/04 00:44:02.481, 15092, 80
2026/10/04 00:44:02.746, 15031, 61
2026/10/04 00:44:03.010, 15067, 61
2026/10/04 00:44:03.275, 15067, 99
2026/10/04 00:44:03.526, 15067, 99
2026/10/04 00:44:03.791, 15067, 100
2026/10/04 00:44:04.056, 14973, 100
2026/10/04 00:44:04.320, 15231, 65
2026/10/04 00:44:04.585, 15223, 65
2026/10/04 00:44:04.850, 15261, 93
2026/10/04 00:44:05.115, 15275, 96
2026/10/04 00:44:05.379, 15307, 96
2026/10/04 00:44:05.643, 15301, 68
2026/10/04 00:44:05.908, 15057, 68
2026/10/04 00:44:06.173, 15035, 61
2026/10/04 00:44:06.437, 15069, 61
2026/10/04 00:44:06.701, 15069, 100
2026/10/04 00:44:06.952, 15069, 100
2026/10/04 00:44:07.217, 15069, 99
2026/10/04 00:44:07.482, 15017, 99
2026/10/04 00:44:07.747, 15195, 65
2026/10/04 00:44:08.011, 15221, 65
2026/10/04 00:44:08.275, 15197, 96
2026/10/04 00:44:08.539, 15215, 96
2026/10/04 00:44:08.804, 15247, 95
2026/10/04 00:44:09.068, 15331, 95
2026/10/04 00:44:09.332, 15243, 80
2026/10/04 00:44:09.595, 15063, 63
2026/10/04 00:44:09.860, 15040, 63
2026/10/04 00:44:10.125, 15040, 100
2026/10/04 00:44:10.391, 15040, 100
2026/10/04 00:44:10.655, 15040, 100
2026/10/04 00:44:10.919, 15072, 100
2026/10/04 00:44:11.184, 15164, 65
2026/10/04 00:44:11.449, 15269, 65
2026/10/04 00:44:11.713, 15270, 98
2026/10/04 00:44:11.977, 15288, 98
2026/10/04 00:44:12.228, 15299, 96
2026/10/04 00:44:12.485, 15273, 96
2026/10/04 00:44:12.740, 15229, 66
2026/10/04 00:44:13.004, 15135, 66
2026/10/04 00:44:13.270, 15069, 50
2026/10/04 00:44:13.534, 15039, 50
2026/10/04 00:44:13.799, 15039, 99
2026/10/04 00:44:14.054, 15039, 99
2026/10/04 00:44:14.320, 15043, 100
2026/10/04 00:44:14.585, 15093, 100
2026/10/04 00:44:14.836, 15248, 64
2026/10/04 00:44:15.101, 15278, 98
2026/10/04 00:44:15.354, 15304, 98
2026/10/04 00:44:15.619, 15298, 93
2026/10/04 00:44:15.884, 15330, 93
2026/10/04 00:44:16.140, 15326, 68
2026/10/04 00:44:16.405, 15102, 68
2026/10/04 00:44:16.669, 15032, 74
2026/10/04 00:44:16.932, 15032, 74
2026/10/04 00:44:17.196, 15032, 100
2026/10/04 00:44:17.460, 15032, 100
2026/10/04 00:44:17.725, 15032, 100
2026/10/04 00:44:17.989, 15166, 100
2026/10/04 00:44:18.255, 15302, 65
2026/10/04 00:44:18.520, 15299, 65
2026/10/04 00:44:18.784, 15319, 94
2026/10/04 00:44:19.048, 15317, 94
2026/10/04 00:44:19.314, 15331, 95
2026/10/04 00:44:19.578, 15187, 95
2026/10/04 00:44:19.842, 15039, 63
2026/10/04 00:44:20.106, 14997, 98
2026/10/04 00:44:20.358, 15031, 98
2026/10/04 00:44:20.622, 15031, 100
2026/10/04 00:44:20.886, 15031, 100
2026/10/04 00:44:21.151, 15031, 69
2026/10/04 00:44:21.408, 15213, 69
2026/10/04 00:44:21.664, 15298, 50
2026/10/04 00:44:21.928, 15317, 50
2026/10/04 00:44:22.193, 15329, 95
2026/10/04 00:44:22.458, 15377, 95
2026/10/04 00:44:22.723, 15393, 97
2026/10/04 00:44:22.979, 15223, 97
2026/10/04 00:44:23.231, 15105, 60
2026/10/04 00:44:23.495, 15036, 60
2026/10/04 00:44:23.759, 15036, 93
2026/10/04 00:44:24.025, 15036, 93
2026/10/04 00:44:24.289, 15036, 100
2026/10/04 00:44:24.553, 14974, 100
2026/10/04 00:44:24.817, 15220, 64
2026/10/04 00:44:25.081, 15299, 64
2026/10/04 00:44:25.345, 15333, 78
2026/10/04 00:44:25.608, 15369, 93
2026/10/04 00:44:25.859, 15410, 93
2026/10/04 00:44:26.123, 15396, 84
2026/10/04 00:44:26.387, 15252, 84
2026/10/04 00:44:26.651, 15014, 61
2026/10/04 00:44:26.902, 15056, 61
2026/10/04 00:44:27.158, 15056, 100
2026/10/04 00:44:27.422, 15056, 100
2026/10/04 00:44:27.686, 15056, 100
2026/10/04 00:44:27.950, 15058, 100
2026/10/04 00:44:28.215, 15196, 64
2026/10/04 00:44:28.479, 15349, 64
2026/10/04 00:44:28.743, 15359, 98
2026/10/04 00:44:29.008, 15375, 98
2026/10/04 00:44:29.261, 15419, 92
2026/10/04 00:44:29.527, 15417, 92
2026/10/04 00:44:29.792, 15265, 79
2026/10/04 00:44:30.056, 15127, 79
2026/10/04 00:44:30.320, 15071, 62
2026/10/04 00:44:30.584, 15071, 62
2026/10/04 00:44:30.839, 15071, 95
2026/10/04 00:44:31.090, 15071, 99
2026/10/04 00:44:31.355, 15066, 99
2026/10/04 00:44:31.619, 15132, 63
2026/10/04 00:44:31.875, 15370, 63
2026/10/04 00:44:32.139, 15433, 67
2026/10/04 00:44:32.403, 15435, 67
2026/10/04 00:44:32.660, 15483, 92
2026/10/04 00:44:32.911, 15485, 92
2026/10/04 00:44:33.176, 15453, 67
2026/10/04 00:44:33.429, 15185, 67
2026/10/04 00:44:33.685, 15072, 63
2026/10/04 00:44:33.950, 15062, 63
2026/10/04 00:44:34.214, 15062, 98
2026/10/04 00:44:34.479, 15061, 98
2026/10/04 00:44:34.743, 15063, 100
2026/10/04 00:44:35.007, 15245, 100
2026/10/04 00:44:35.272, 15371, 63
2026/10/04 00:44:35.537, 15379, 63
2026/10/04 00:44:35.802, 15377, 96
2026/10/04 00:44:36.067, 15401, 96
2026/10/04 00:44:36.331, 15345, 92
2026/10/04 00:44:36.586, 15325, 92
2026/10/04 00:44:36.839, 15179, 66
2026/10/04 00:44:37.103, 14993, 28
2026/10/04 00:44:37.367, 15063, 28
2026/10/04 00:44:37.631, 15050, 10
2026/10/04 00:44:37.896, 15050, 10
2026/10/04 00:44:38.160, 14986, 48
2026/10/04 00:44:38.425, 15044, 48
2026/10/04 00:44:38.690, 15386, 61
2026/10/04 00:44:38.955, 15397, 61
2026/10/04 00:44:39.219, 15401, 100
2026/10/04 00:44:39.471, 15411, 100
2026/10/04 00:44:39.727, 15377, 94
2026/10/04 00:44:39.981, 15389, 94
2026/10/04 00:44:40.245, 15191, 63
2026/10/04 00:44:40.510, 15053, 63
2026/10/04 00:44:40.774, 15053, 57
2026/10/04 00:44:41.038, 15053, 57
2026/10/04 00:44:41.302, 15053, 6
2026/10/04 00:44:41.566, 15055, 6
2026/10/04 00:44:41.831, 15189, 64
2026/10/04 00:44:42.096, 15360, 66
2026/10/04 00:44:42.347, 15358, 66
2026/10/04 00:44:42.611, 15346, 96
2026/10/04 00:44:42.876, 15378, 96
2026/10/04 00:44:43.139, 15370, 94
2026/10/04 00:44:43.393, 15214, 94
2026/10/04 00:44:43.649, 15008, 62
2026/10/04 00:44:43.914, 15015, 62
2026/10/04 00:44:44.179, 10971, 4
2026/10/04 00:44:44.443, 6069, 4
2026/10/04 00:44:44.708, 9937, 99
2026/10/04 00:44:44.972, 12305, 99
2026/10/04 00:44:45.236, 14291, 100
2026/10/04 00:44:45.501, 14355, 100
2026/10/04 00:44:45.752, 14355, 100
2026/10/04 00:44:46.017, 14355, 100
2026/10/04 00:44:46.281, 14411, 100
2026/10/04 00:44:46.534, 14606, 100
2026/10/04 00:44:46.798, 14610, 100
2026/10/04 00:44:47.065, 14624, 100
2026/10/04 00:44:47.329, 14518, 71
2026/10/04 00:44:47.594, 11022, 1
2026/10/04 00:44:47.846, 7875, 1
2026/10/04 00:44:48.251, 8069, 69
2026/10/04 00:44:48.515, 8070, 69
2026/10/04 00:44:48.780, 8070, 100
2026/10/04 00:44:49.034, 8070, 100
2026/10/04 00:44:49.299, 8072, 97
2026/10/04 00:44:49.563, 8079, 97
2026/10/04 00:44:49.827, 8079, 96
2026/10/04 00:44:50.090, 8078, 96
2026/10/04 00:44:50.355, 8092, 100
2026/10/04 00:44:50.619, 8092, 21
2026/10/04 00:44:50.883, 1914, 21
2026/10/04 00:44:51.148, 1913, 5
2026/10/04 00:44:51.412, 1913, 5
2026/10/04 00:44:51.676, 1913, 5
2026/10/04 00:44:51.941, 1913, 5
2026/10/04 00:44:52.204, 1910, 6
2026/10/04 00:44:52.467, 1910, 6
2026/10/04 00:44:52.731, 1926, 6
2026/10/04 00:44:52.995, 1926, 6
2026/10/04 00:44:53.260, 1921, 5
2026/10/04 00:44:53.524, 1921, 5
2026/10/04 00:44:53.788, 1921, 6
2026/10/04 00:44:54.052, 1946, 6
2026/10/04 00:44:54.317, 1950, 7
2026/10/04 00:44:54.583, 1951, 7
2026/10/04 00:44:54.848, 1950, 6
2026/10/04 00:44:55.112, 1946, 5
2026/10/04 00:44:55.378, 1935, 5
2026/10/04 00:44:55.643, 1935, 5
2026/10/04 00:44:55.908, 1935, 5
2026/10/04 00:44:56.173, 1935, 5
2026/10/04 00:44:56.438, 1929, 5
2026/10/04 00:44:56.703, 1929, 5
2026/10/04 00:44:56.968, 1929, 5
2026/10/04 00:44:57.232, 1929, 5
2026/10/04 00:44:57.497, 1914, 5
2026/10/04 00:44:57.761, 1914, 5
2026/10/04 00:44:58.025, 1914, 5
2026/10/04 00:44:58.291, 1914, 5
2026/10/04 00:44:58.555, 1914, 5
2026/10/04 00:44:58.820, 1914, 5
2026/10/04 00:44:59.083, 1907, 5
2026/10/04 00:44:59.347, 1904, 5
2026/10/04 00:44:59.612, 1904, 5
2026/10/04 00:44:59.876, 1900, 5
2026/10/04 00:45:00.141, 1896, 5
2026/10/04 00:45:00.405, 1896, 5
2026/10/04 00:45:00.669, 1896, 5
2026/10/04 00:45:00.934, 1896, 5
2026/10/04 00:45:01.199, 1896, 5
2026/10/04 00:45:01.463, 1896, 5
2026/10/04 00:45:01.727, 1896, 5
2026/10/04 00:45:01.992, 1896, 5
2026/10/04 00:45:02.258, 1896, 5
2026/10/04 00:45:02.523, 1896, 5
2026/10/04 00:45:02.788, 1896, 5
2026/10/04 00:45:03.052, 1898, 5
2026/10/04 00:45:03.317, 1902, 5
2026/10/04 00:45:03.582, 1903, 5
2026/10/04 00:45:03.847, 1903, 5
2026/10/04 00:45:04.112, 1903, 5
2026/10/04 00:45:04.377, 1903, 5
2026/10/04 00:45:04.642, 1903, 5
2026/10/04 00:45:04.907, 1903, 5
2026/10/04 00:45:05.171, 1915, 5
2026/10/04 00:45:05.436, 1918, 5
2026/10/04 00:45:05.701, 1918, 6
2026/10/04 00:45:05.966, 1919, 6
2026/10/04 00:45:06.231, 1922, 5
2026/10/04 00:45:06.495, 1922, 5
2026/10/04 00:45:06.760, 1922, 5
2026/10/04 00:45:07.024, 1922, 5
2026/10/04 00:45:07.288, 1917, 5
2026/10/04 00:45:07.551, 1917, 5
2026/10/04 00:45:07.813, 1917, 5
2026/10/04 00:45:08.078, 1917, 5
2026/10/04 00:45:08.343, 1913, 5
2026/10/04 00:45:08.608, 1913, 5
2026/10/04 00:45:08.872, 1918, 5
2026/10/04 00:45:09.137, 1922, 6
2026/10/04 00:45:09.403, 1922, 6
2026/10/04 00:45:09.668, 1920, 5
2026/10/04 00:45:09.932, 1920, 5
2026/10/04 00:45:10.196, 1920, 5
2026/10/04 00:45:10.462, 1920, 5
2026/10/04 00:45:10.725, 1921, 5
2026/10/04 00:45:10.990, 1913, 5
2026/10/04 00:45:11.254, 1900, 6
2026/10/04 00:45:11.519, 1907, 6
2026/10/04 00:45:11.783, 1906, 6
2026/10/04 00:45:12.048, 1906, 6
2026/10/04 00:45:12.313, 1904, 5
2026/10/04 00:45:12.577, 1904, 5
2026/10/04 00:45:12.841, 1904, 5
2026/10/04 00:45:13.107, 1904, 5
2026/10/04 00:45:13.372, 1901, 5
2026/10/04 00:45:13.638, 1901, 5
2026/10/04 00:45:13.903, 1901, 5
2026/10/04 00:45:14.168, 1897, 5
2026/10/04 00:45:14.432, 1884, 5
2026/10/04 00:45:14.697, 1884, 5
2026/10/04 00:45:14.961, 1884, 5
2026/10/04 00:45:15.227, 1884, 5
2026/10/04 00:45:15.491, 1884, 5
2026/10/04 00:45:15.756, 1883, 5
2026/10/04 00:45:16.021, 1887, 5
2026/10/04 00:45:16.286, 1887, 5
2026/10/04 00:45:16.551, 1879, 5
2026/10/04 00:45:16.816, 1879, 5
2026/10/04 00:45:17.080, 1879, 5
2026/10/04 00:45:17.345, 1879, 5
2026/10/04 00:45:17.608, 1879, 5
2026/10/04 00:45:17.875, 1879, 5
2026/10/04 00:45:18.140, 1875, 5
2026/10/04 00:45:18.405, 1875, 5
2026/10/04 00:45:18.668, 1875, 5
2026/10/04 00:45:18.933, 1875, 5
2026/10/04 00:45:19.198, 1875, 5
2026/10/04 00:45:19.462, 1875, 5
2026/10/04 00:45:19.728, 1873, 5
2026/10/04 00:45:19.992, 1873, 5
2026/10/04 00:45:20.256, 1873, 5
2026/10/04 00:45:20.521, 1873, 5
2026/10/04 00:45:20.785, 1873, 5
2026/10/04 00:45:21.049, 1873, 5
2026/10/04 00:45:21.314, 1870, 5
2026/10/04 00:45:21.579, 1870, 5
2026/10/04 00:45:21.844, 1870, 5
2026/10/04 00:45:22.109, 1874, 5
2026/10/04 00:45:22.374, 1874, 5
2026/10/04 00:45:22.638, 1874, 5
2026/10/04 00:45:22.903, 1874, 5
2026/10/04 00:45:23.167, 1874, 5
2026/10/04 00:45:23.432, 1874, 5
2026/10/04 00:45:23.697, 1874, 5
2026/10/04 00:45:23.961, 1874, 5
2026/10/04 00:45:24.228, 1874, 5
