2026/10/05 20:25:31.158, 851, 0
2026/10/05 20:25:31.671, 852, 0
2026/10/05 20:25:32.185, 848, 0
2026/10/05 20:25:32.699, 851, 2
2026/10/05 20:25:33.212, 1058, 6
2026/10/05 20:25:33.724, 9482, 0
2026/10/05 20:25:34.235, 9496, 53
2026/10/05 20:25:34.748, 12268, 100
2026/10/05 20:25:35.260, 12265, 99
2026/10/05 20:25:35.774, 862, 3
2026/10/05 20:25:36.287, 1061, 0
2026/10/05 20:25:36.800, 858, 1
2026/10/05 20:25:37.312, 858, 0
2026/10/05 20:25:37.825, 845, 0
2026/10/05 20:25:38.340, 793, 1
2026/10/05 20:25:38.851, 796, 2
2026/10/05 20:25:39.365, 786, 0
2026/10/05 20:25:39.879, 807, 0
2026/10/05 20:25:40.392, 5423, 56
2026/10/05 20:25:40.904, 9276, 39
2026/10/05 20:25:41.419, 9404, 59
2026/10/05 20:25:41.932, 9333, 2
2026/10/05 20:25:42.446, 9333, 96
2026/10/05 20:25:42.947, 9342, 95
2026/10/05 20:25:43.461, 9342, 90
2026/10/05 20:25:43.975, 9342, 90
2026/10/05 20:25:44.490, 9333, 88
2026/10/05 20:25:45.004, 9340, 83
2026/10/05 20:25:45.516, 9340, 90
2026/10/05 20:25:46.029, 9341, 89
2026/10/05 20:25:46.542, 9341, 95
2026/10/05 20:25:47.057, 9342, 95
2026/10/05 20:25:47.558, 9341, 94
2026/10/05 20:25:48.072, 9334, 79
2026/10/05 20:25:48.586, 9334, 96
2026/10/05 20:25:49.098, 9343, 80
2026/10/05 20:25:49.611, 9343, 81
2026/10/05 20:25:50.127, 9343, 79
2026/10/05 20:25:50.641, 9333, 81
2026/10/05 20:25:51.154, 9341, 81
2026/10/05 20:25:51.668, 9341, 80
2026/10/05 20:25:52.183, 9342, 79
2026/10/05 20:25:52.696, 9342, 80
2026/10/05 20:25:53.209, 9342, 80
2026/10/05 20:25:53.724, 9341, 95
2026/10/05 20:25:54.239, 9341, 96
2026/10/05 20:25:54.752, 9341, 96
2026/10/05 20:25:55.267, 9350, 95
2026/10/05 20:25:55.782, 9350, 95
2026/10/05 20:25:56.295, 9349, 92
2026/10/05 20:25:56.810, 9342, 90
2026/10/05 20:25:57.323, 9341, 91
2026/10/05 20:25:57.837, 9341, 89
2026/10/05 20:25:58.351, 9341, 96
2026/10/05 20:25:58.866, 9341, 95
2026/10/05 20:25:59.380, 9405, 94
2026/10/05 20:25:59.893, 9404, 94
2026/10/05 20:26:00.406, 9403, 89
2026/10/05 20:26:00.921, 9403, 80
2026/10/05 20:26:01.435, 9411, 95
2026/10/05 20:26:01.948, 9411, 95
2026/10/05 20:26:02.460, 9405, 95
2026/10/05 20:26:02.976, 9403, 94
2026/10/05 20:26:03.490, 9402, 95
2026/10/05 20:26:03.993, 9404, 95
2026/10/05 20:26:04.494, 9404, 89
2026/10/05 20:26:05.006, 9404, 91
2026/10/05 20:26:05.519, 9337, 82
2026/10/05 20:26:06.033, 9342, 94
2026/10/05 20:26:06.545, 9342, 95
2026/10/05 20:26:07.046, 9342, 95
2026/10/05 20:26:07.561, 9344, 91
2026/10/05 20:26:08.076, 9342, 90
2026/10/05 20:26:08.590, 9402, 91
2026/10/05 20:26:09.090, 9400, 95
2026/10/05 20:26:09.592, 9402, 84
2026/10/05 20:26:10.106, 9404, 96
2026/10/05 20:26:10.620, 9404, 95
2026/10/05 20:26:11.134, 9404, 95
2026/10/05 20:26:11.647, 9399, 96
2026/10/05 20:26:12.162, 9403, 96
2026/10/05 20:26:12.664, 9403, 94
2026/10/05 20:26:13.178, 9403, 96
2026/10/05 20:26:13.691, 9407, 95
2026/10/05 20:26:14.192, 9406, 90
2026/10/05 20:26:14.708, 9342, 91
2026/10/05 20:26:15.222, 9342, 90
2026/10/05 20:26:15.735, 9342, 96
2026/10/05 20:26:16.248, 9342, 96
2026/10/05 20:26:16.762, 9342, 89
2026/10/05 20:26:17.275, 9342, 91
2026/10/05 20:26:17.787, 9337, 81
2026/10/05 20:26:18.301, 9342, 80
2026/10/05 20:26:18.802, 9339, 94
2026/10/05 20:26:19.315, 9339, 95
2026/10/05 20:26:19.829, 9349, 81
2026/10/05 20:26:20.341, 9348, 90
2026/10/05 20:26:20.855, 9404, 96
2026/10/05 20:26:21.369, 9404, 95
2026/10/05 20:26:21.871, 9403, 94
2026/10/05 20:26:22.385, 9815, 100
2026/10/05 20:26:22.898, 9815, 99
2026/10/05 20:26:23.410, 9815, 99
2026/10/05 20:26:23.923, 9809, 99
2026/10/05 20:26:24.436, 9815, 100
2026/10/05 20:26:24.951, 9815, 100
2026/10/05 20:26:25.465, 9815, 100
2026/10/05 20:26:25.978, 9824, 100
2026/10/05 20:26:26.493, 9819, 100
2026/10/05 20:26:27.006, 9815, 100
2026/10/05 20:26:27.506, 9815, 99
2026/10/05 20:26:28.021, 9814, 99
2026/10/05 20:26:28.535, 9815, 100
2026/10/05 20:26:29.049, 9815, 100
2026/10/05 20:26:29.563, 9815, 100
2026/10/05 20:26:30.077, 9810, 100
2026/10/05 20:26:30.579, 9815, 100
2026/10/05 20:26:31.080, 9815, 99
2026/10/05 20:26:31.593, 9815, 99
2026/10/05 20:26:32.093, 9817, 99
2026/10/05 20:26:32.607, 9802, 100
2026/10/05 20:26:33.121, 9754, 100
2026/10/05 20:26:33.635, 9760, 100
2026/10/05 20:26:34.148, 9753, 100
2026/10/05 20:26:34.663, 9754, 100
2026/10/05 20:26:35.176, 9754, 99
2026/10/05 20:26:35.691, 9754, 99
2026/10/05 20:26:36.191, 9754, 99
2026/10/05 20:26:36.705, 9754, 100
2026/10/05 20:26:37.218, 9754, 100
2026/10/05 20:26:37.733, 9762, 100
2026/10/05 20:26:38.246, 9761, 100
2026/10/05 20:26:38.760, 9756, 100
2026/10/05 20:26:39.275, 9754, 99
2026/10/05 20:26:39.789, 9754, 7
2026/10/05 20:26:40.302, 9754, 6
2026/10/05 20:26:40.816, 9754, 6
2026/10/05 20:26:41.332, 9754, 6
2026/10/05 20:26:41.846, 9754, 6
2026/10/05 20:26:42.358, 9754, 8
2026/10/05 20:26:42.871, 9754, 8
2026/10/05 20:26:43.384, 9754, 6
2026/10/05 20:26:43.898, 9761, 6
2026/10/05 20:26:44.411, 1173, 6
2026/10/05 20:26:44.926, 1740, 16
2026/10/05 20:26:45.440, 7948, 100
2026/10/05 20:26:45.941, 7947, 100
2026/10/05 20:26:46.441, 7948, 95
2026/10/05 20:26:46.954, 1744, 4
2026/10/05 20:26:47.467, 1744, 0
2026/10/05 20:26:47.980, 1745, 0
2026/10/05 20:26:48.493, 1743, 1
2026/10/05 20:26:49.006, 1743, 2
2026/10/05 20:26:49.518, 1743, 0
2026/10/05 20:26:50.030, 1758, 0
2026/10/05 20:26:50.544, 1745, 0
2026/10/05 20:26:51.056, 1700, 0
2026/10/05 20:26:51.568, 1699, 2
2026/10/05 20:26:52.082, 1708, 1
2026/10/05 20:26:52.594, 1708, 0
2026/10/05 20:26:53.107, 1705, 0
2026/10/05 20:26:53.619, 1701, 0
2026/10/05 20:26:54.132, 1689, 0
2026/10/05 20:26:54.646, 1694, 2
2026/10/05 20:26:55.159, 1683, 2
2026/10/05 20:26:55.671, 1683, 0
2026/10/05 20:26:56.184, 1689, 0
2026/10/05 20:26:56.697, 1689, 0
2026/10/05 20:26:57.210, 1745, 0
2026/10/05 20:26:57.723, 1745, 2
2026/10/05 20:26:58.237, 1743, 0
2026/10/05 20:26:58.750, 1744, 0
2026/10/05 20:26:59.265, 1744, 0
2026/10/05 20:26:59.779, 1744, 0
2026/10/05 20:27:00.293, 1681, 2
2026/10/05 20:27:00.805, 1682, 2
2026/10/05 20:27:01.319, 1682, 0
2026/10/05 20:27:01.834, 1682, 0
2026/10/05 20:27:02.346, 1685, 0
2026/10/05 20:27:02.858, 1685, 0
2026/10/05 20:27:03.371, 1744, 2
2026/10/05 20:27:03.884, 1744, 2
2026/10/05 20:27:04.397, 1745, 1
2026/10/05 20:27:04.910, 1743, 0
2026/10/05 20:27:05.422, 1743, 0
2026/10/05 20:27:05.934, 1743, 0
2026/10/05 20:27:06.448, 1680, 1
2026/10/05 20:27:06.964, 1681, 2
2026/10/05 20:27:07.476, 1681, 1
2026/10/05 20:27:07.989, 1681, 0
2026/10/05 20:27:08.502, 1681, 1
2026/10/05 20:27:09.014, 1683, 0
2026/10/05 20:27:09.527, 1682, 1
2026/10/05 20:27:10.040, 1682, 1
2026/10/05 20:27:10.554, 1681, 1
2026/10/05 20:27:11.067, 1682, 0
2026/10/05 20:27:11.580, 1682, 0
2026/10/05 20:27:12.092, 1682, 0
2026/10/05 20:27:12.606, 1742, 0
2026/10/05 20:27:13.119, 1742, 2
2026/10/05 20:27:13.632, 1742, 1
2026/10/05 20:27:14.146, 1742, 0
2026/10/05 20:27:14.658, 1737, 0
2026/10/05 20:27:15.172, 1737, 0
2026/10/05 20:27:15.686, 1743, 0
2026/10/05 20:27:16.199, 1734, 2
2026/10/05 20:27:16.712, 1743, 2
2026/10/05 20:27:17.225, 1743, 0
2026/10/05 20:27:17.739, 1743, 0
2026/10/05 20:27:18.252, 1743, 0
2026/10/05 20:27:18.765, 1681, 2
2026/10/05 20:27:19.278, 1681, 1
2026/10/05 20:27:19.791, 1681, 0
2026/10/05 20:27:20.304, 1681, 0
2026/10/05 20:27:20.815, 1688, 0
2026/10/05 20:27:21.327, 1686, 0
2026/10/05 20:27:21.841, 1682, 2
2026/10/05 20:27:22.355, 1673, 2
2026/10/05 20:27:22.868, 1682, 0
2026/10/05 20:27:23.381, 1682, 0
2026/10/05 20:27:23.895, 1682, 0
2026/10/05 20:27:24.408, 1745, 0
2026/10/05 20:27:24.922, 1743, 2
2026/10/05 20:27:25.434, 1743, 1
2026/10/05 20:27:25.948, 1743, 0
2026/10/05 20:27:26.460, 1745, 0
2026/10/05 20:27:26.973, 1745, 0
2026/10/05 20:27:27.488, 1682, 0
2026/10/05 20:27:27.999, 1682, 2
2026/10/05 20:27:28.514, 1681, 1
2026/10/05 20:27:29.026, 1681, 0
2026/10/05 20:27:29.540, 1681, 0
2026/10/05 20:27:30.052, 1681, 0
2026/10/05 20:27:30.568, 1681, 0
2026/10/05 20:27:31.080, 1681, 1
2026/10/05 20:27:31.593, 1681, 1
2026/10/05 20:27:32.106, 1681, 0
2026/10/05 20:27:32.620, 1689, 0
2026/10/05 20:27:33.133, 1686, 1
2026/10/05 20:27:33.645, 8479, 0
2026/10/05 20:27:34.158, 10373, 97
2026/10/05 20:27:34.671, 13120, 54
2026/10/05 20:27:35.184, 13146, 46
2026/10/05 20:27:35.696, 13162, 100
2026/10/05 20:27:36.209, 1758, 74
2026/10/05 20:27:36.721, 1696, 0
2026/10/05 20:27:37.234, 1696, 6
2026/10/05 20:27:37.748, 1692, 1
2026/10/05 20:27:38.261, 5866, 61
2026/10/05 20:27:38.775, 9914, 96
2026/10/05 20:27:39.288, 9753, 79
2026/10/05 20:27:39.802, 9753, 95
2026/10/05 20:27:40.304, 9751, 86
2026/10/05 20:27:40.818, 9740, 90
2026/10/05 20:27:41.319, 9742, 96
2026/10/05 20:27:41.832, 9742, 90
2026/10/05 20:27:42.346, 9742, 88
2026/10/05 20:27:42.860, 9802, 94
2026/10/05 20:27:43.373, 9803, 95
2026/10/05 20:27:43.888, 9803, 96
2026/10/05 20:27:44.402, 9803, 94
2026/10/05 20:27:44.915, 9807, 95
2026/10/05 20:27:45.428, 9804, 96
2026/10/05 20:27:45.942, 9803, 90
2026/10/05 20:27:46.457, 9798, 91
2026/10/05 20:27:46.972, 9802, 79
2026/10/05 20:27:47.485, 9803, 90
2026/10/05 20:27:48.000, 9803, 95
2026/10/05 20:27:48.502, 9803, 93
2026/10/05 20:27:49.016, 9743, 95
2026/10/05 20:27:49.528, 9742, 94
2026/10/05 20:27:50.041, 9742, 95
2026/10/05 20:27:50.555, 9742, 95
2026/10/05 20:27:51.070, 9745, 96
2026/10/05 20:27:51.584, 9745, 95
2026/10/05 20:27:52.097, 9743, 96
2026/10/05 20:27:52.611, 9737, 95
2026/10/05 20:27:53.125, 9742, 95
2026/10/05 20:27:53.625, 9742, 96
2026/10/05 20:27:54.138, 9742, 96
2026/10/05 20:27:54.652, 9742, 95
2026/10/05 20:27:55.167, 9743, 96
2026/10/05 20:27:55.680, 9743, 95
2026/10/05 20:27:56.193, 9743, 95
2026/10/05 20:27:56.707, 9743, 80
2026/10/05 20:27:57.220, 9742, 91
2026/10/05 20:27:57.723, 9742, 90
2026/10/05 20:27:58.238, 9804, 95
2026/10/05 20:27:58.751, 9799, 94
2026/10/05 20:27:59.265, 9805, 94
2026/10/05 20:27:59.778, 9805, 95
2026/10/05 20:28:00.283, 9805, 95
2026/10/05 20:28:00.797, 9806, 95
2026/10/05 20:28:01.311, 9805, 89
2026/10/05 20:28:01.825, 9805, 91
2026/10/05 20:28:02.340, 9805, 91
2026/10/05 20:28:02.854, 9805, 86
2026/10/05 20:28:03.368, 9805, 80
2026/10/05 20:28:03.882, 9743, 90
2026/10/05 20:28:04.396, 9743, 80
2026/10/05 20:28:04.910, 9737, 88
2026/10/05 20:28:05.424, 9743, 96
2026/10/05 20:28:05.937, 9743, 95
2026/10/05 20:28:06.452, 9743, 96
2026/10/05 20:28:06.964, 9805, 95
2026/10/05 20:28:07.478, 9803, 95
2026/10/05 20:28:07.992, 9803, 84
2026/10/05 20:28:08.506, 9803, 95
2026/10/05 20:28:09.022, 9803, 95
2026/10/05 20:28:09.537, 9807, 96
2026/10/05 20:28:10.051, 9804, 82
2026/10/05 20:28:10.567, 9798, 82
2026/10/05 20:28:11.080, 9798, 81
2026/10/05 20:28:11.593, 9804, 94
2026/10/05 20:28:12.108, 9804, 83
2026/10/05 20:28:12.620, 9804, 81
2026/10/05 20:28:13.133, 9798, 82
2026/10/05 20:28:13.648, 9803, 91
2026/10/05 20:28:14.159, 9803, 81
2026/10/05 20:28:14.673, 9803, 96
2026/10/05 20:28:15.175, 9803, 96
2026/10/05 20:28:15.677, 9805, 95
2026/10/05 20:28:16.192, 9803, 96
2026/10/05 20:28:16.707, 9798, 95
2026/10/05 20:28:17.221, 9798, 95
2026/10/05 20:28:17.722, 9804, 96
2026/10/05 20:28:18.235, 9804, 96
2026/10/05 20:28:18.750, 9804, 96
2026/10/05 20:28:19.251, 9736, 94
2026/10/05 20:28:19.765, 9742, 95
2026/10/05 20:28:20.279, 9742, 96
2026/10/05 20:28:20.793, 9742, 96
2026/10/05 20:28:21.308, 9742, 96
2026/10/05 20:28:21.822, 9744, 96
2026/10/05 20:28:22.337, 9743, 95
2026/10/05 20:28:22.852, 9738, 92
2026/10/05 20:28:23.366, 9738, 96
2026/10/05 20:28:23.869, 9743, 95
2026/10/05 20:28:24.384, 10227, 86
2026/10/05 20:28:24.896, 10227, 100
2026/10/05 20:28:25.410, 10224, 99
2026/10/05 20:28:25.925, 10226, 100
2026/10/05 20:28:26.440, 10226, 100
2026/10/05 20:28:26.941, 10226, 99
2026/10/05 20:28:27.454, 10226, 100
2026/10/05 20:28:27.967, 10228, 100
2026/10/05 20:28:28.480, 10287, 99
2026/10/05 20:28:28.983, 10284, 100
2026/10/05 20:28:29.497, 10285, 99
2026/10/05 20:28:30.011, 10288, 100
2026/10/05 20:28:30.524, 10288, 100
2026/10/05 20:28:31.035, 10288, 99
2026/10/05 20:28:31.550, 10285, 100
2026/10/05 20:28:32.063, 10287, 100
2026/10/05 20:28:32.577, 10287, 100
2026/10/05 20:28:33.088, 10287, 100
2026/10/05 20:28:33.603, 10289, 99
2026/10/05 20:28:34.116, 10289, 100
2026/10/05 20:28:34.629, 10226, 100
2026/10/05 20:28:35.141, 10222, 100
2026/10/05 20:28:35.654, 10226, 100
2026/10/05 20:28:36.168, 10226, 99
2026/10/05 20:28:36.682, 10226, 100
2026/10/05 20:28:37.197, 10226, 100
2026/10/05 20:28:37.697, 10231, 99
2026/10/05 20:28:38.213, 10225, 100
2026/10/05 20:28:38.726, 10226, 99
2026/10/05 20:28:39.241, 10226, 100
2026/10/05 20:28:39.755, 10241, 99
2026/10/05 20:28:40.268, 10232, 100
2026/10/05 20:28:40.783, 10226, 99
2026/10/05 20:28:41.298, 10225, 100
2026/10/05 20:28:41.811, 10230, 100
2026/10/05 20:28:42.325, 10230, 99
2026/10/05 20:28:42.839, 10229, 100
2026/10/05 20:28:43.353, 10226, 99
2026/10/05 20:28:43.867, 10227, 100
2026/10/05 20:28:44.380, 10226, 100
2026/10/05 20:28:44.894, 10226, 6
2026/10/05 20:28:45.408, 10226, 8
2026/10/05 20:28:45.922, 10230, 8
2026/10/05 20:28:46.435, 10227, 8
2026/10/05 20:28:46.948, 10227, 9
2026/10/05 20:28:47.461, 10227, 7
2026/10/05 20:28:47.974, 10232, 8
2026/10/05 20:28:48.487, 1804, 6
2026/10/05 20:28:49.002, 7980, 100
2026/10/05 20:28:49.516, 7975, 100
2026/10/05 20:28:50.022, 7976, 97
2026/10/05 20:28:50.537, 1657, 75
2026/10/05 20:28:51.050, 1657, 0
2026/10/05 20:28:51.565, 1657, 0
2026/10/05 20:28:52.080, 1659, 0
2026/10/05 20:28:52.593, 1717, 0
2026/10/05 20:28:53.105, 1718, 2
2026/10/05 20:28:53.617, 1718, 1
2026/10/05 20:28:54.130, 1706, 0
2026/10/05 20:28:54.642, 1721, 1
2026/10/05 20:28:55.156, 1721, 0
2026/10/05 20:28:55.670, 1732, 0
2026/10/05 20:28:56.182, 1733, 2
2026/10/05 20:28:56.694, 1729, 2
2026/10/05 20:28:57.208, 1729, 0
2026/10/05 20:28:57.722, 1729, 0
2026/10/05 20:28:58.234, 1720, 0
2026/10/05 20:28:58.747, 1728, 0
2026/10/05 20:28:59.261, 1720, 1
2026/10/05 20:28:59.775, 1718, 0
2026/10/05 20:29:00.288, 1720, 0
2026/10/05 20:29:00.802, 1709, 0
2026/10/05 20:29:01.315, 1707, 0
2026/10/05 20:29:01.829, 1720, 2
2026/10/05 20:29:02.344, 1721, 2
2026/10/05 20:29:02.856, 1721, 0
2026/10/05 20:29:03.370, 1721, 0
2026/10/05 20:29:03.882, 1721, 0
2026/10/05 20:29:04.395, 1709, 1
2026/10/05 20:29:04.909, 1716, 2
2026/10/05 20:29:05.422, 1717, 2
2026/10/05 20:29:05.935, 1717, 0
2026/10/05 20:29:06.448, 1707, 1
2026/10/05 20:29:06.960, 1707, 11
2026/10/05 20:29:07.473, 6458, 1
2026/10/05 20:29:07.987, 10342, 53
2026/10/05 20:29:08.500, 13086, 45
2026/10/05 20:29:09.013, 13120, 1
2026/10/05 20:29:09.527, 13135, 100
2026/10/05 20:29:10.039, 13135, 100
2026/10/05 20:29:10.551, 13078, 100
2026/10/05 20:29:11.064, 13072, 98
2026/10/05 20:29:11.577, 13068, 98
2026/10/05 20:29:12.090, 13068, 97
2026/10/05 20:29:12.603, 13072, 97
2026/10/05 20:29:13.117, 1668, 2
2026/10/05 20:29:13.630, 1664, 0
2026/10/05 20:29:14.144, 1659, 1
2026/10/05 20:29:14.657, 1668, 1
2026/10/05 20:29:15.170, 1668, 0
2026/10/05 20:29:15.683, 1668, 0
2026/10/05 20:29:16.196, 1668, 0
2026/10/05 20:29:16.711, 1727, 0
2026/10/05 20:29:17.224, 1725, 2
2026/10/05 20:29:17.738, 1725, 2
2026/10/05 20:29:18.252, 1725, 0
2026/10/05 20:29:18.765, 1728, 0
2026/10/05 20:29:19.277, 1728, 0
2026/10/05 20:29:19.792, 1715, 3
2026/10/05 20:29:20.303, 1709, 1
2026/10/05 20:29:20.817, 1715, 0
2026/10/05 20:29:21.329, 1715, 0
2026/10/05 20:29:21.843, 1715, 0
2026/10/05 20:29:22.356, 1715, 0
2026/10/05 20:29:22.869, 1653, 1
2026/10/05 20:29:23.383, 1653, 2
2026/10/05 20:29:23.897, 1860, 4
2026/10/05 20:29:24.409, 10284, 67
2026/10/05 20:29:24.921, 10288, 45
2026/10/05 20:29:25.433, 13034, 34
2026/10/05 20:29:25.945, 13117, 100
2026/10/05 20:29:26.459, 13128, 100
2026/10/05 20:29:26.972, 13133, 98
2026/10/05 20:29:27.485, 13133, 97
2026/10/05 20:29:27.997, 1730, 0
2026/10/05 20:29:28.510, 1726, 6
2026/10/05 20:29:29.022, 1725, 2
2026/10/05 20:29:29.535, 1731, 1
2026/10/05 20:29:30.049, 1731, 1
2026/10/05 20:29:30.561, 1731, 0
2026/10/05 20:29:31.074, 1734, 1
2026/10/05 20:29:31.586, 1729, 0
2026/10/05 20:29:32.101, 1728, 0
2026/10/05 20:29:32.614, 1719, 2
2026/10/05 20:29:33.127, 1727, 1
2026/10/05 20:29:33.640, 1727, 0
2026/10/05 20:29:34.152, 1727, 0
2026/10/05 20:29:34.666, 1716, 0
2026/10/05 20:29:35.178, 1654, 1
2026/10/05 20:29:35.691, 1654, 2
2026/10/05 20:29:36.204, 1654, 1
2026/10/05 20:29:36.716, 1654, 0
2026/10/05 20:29:37.229, 1662, 0
2026/10/05 20:29:37.742, 1662, 0
2026/10/05 20:29:38.255, 1645, 0
2026/10/05 20:29:38.768, 1852, 13
2026/10/05 20:29:39.282, 10286, 78
2026/10/05 20:29:39.797, 10286, 44
2026/10/05 20:29:40.309, 13032, 45
2026/10/05 20:29:40.821, 13058, 100
2026/10/05 20:29:41.334, 13135, 94
2026/10/05 20:29:41.849, 13134, 98
2026/10/05 20:29:42.363, 13134, 98
2026/10/05 20:29:42.875, 1735, 33
2026/10/05 20:29:43.389, 1892, 8
2026/10/05 20:29:43.903, 1713, 0
2026/10/05 20:29:44.416, 1661, 1
2026/10/05 20:29:44.929, 6007, 54
2026/10/05 20:29:45.442, 9931, 19
2026/10/05 20:29:45.943, 9775, 90
2026/10/05 20:29:46.455, 9765, 82
2026/10/05 20:29:46.971, 9765, 80
2026/10/05 20:29:47.485, 9763, 94
2026/10/05 20:29:47.999, 9763, 95
2026/10/05 20:29:48.501, 9763, 95
2026/10/05 20:29:49.015, 9767, 96
2026/10/05 20:29:49.528, 9767, 96
2026/10/05 20:29:50.042, 9827, 95
2026/10/05 20:29:50.556, 9821, 94
2026/10/05 20:29:51.056, 9825, 94
2026/10/05 20:29:51.572, 9825, 95
2026/10/05 20:29:52.072, 9825, 96
2026/10/05 20:29:52.587, 9825, 95
2026/10/05 20:29:53.089, 9827, 95
2026/10/05 20:29:53.603, 9824, 95
2026/10/05 20:29:54.118, 9825, 94
2026/10/05 20:29:54.624, 9825, 95
2026/10/05 20:29:55.138, 9814, 96
2026/10/05 20:29:55.639, 9814, 95
2026/10/05 20:29:56.153, 9764, 95
2026/10/05 20:29:56.666, 9758, 89
2026/10/05 20:29:57.178, 9764, 90
2026/10/05 20:29:57.690, 9764, 91
2026/10/05 20:29:58.191, 9764, 95
2026/10/05 20:29:58.704, 9764, 95
2026/10/05 20:29:59.217, 9764, 92
2026/10/05 20:29:59.730, 9764, 90
2026/10/05 20:30:00.243, 9764, 81
2026/10/05 20:30:00.744, 9764, 96
2026/10/05 20:30:01.258, 9765, 95
2026/10/05 20:30:01.772, 9765, 95
2026/10/05 20:30:02.286, 9764, 94
2026/10/05 20:30:02.801, 9761, 94
2026/10/05 20:30:03.316, 9765, 96
2026/10/05 20:30:03.830, 9765, 81
2026/10/05 20:30:04.342, 9765, 90
2026/10/05 20:30:04.856, 9765, 95
2026/10/05 20:30:05.371, 9764, 90
2026/10/05 20:30:05.871, 9762, 95
2026/10/05 20:30:06.373, 9763, 95
2026/10/05 20:30:06.889, 9763, 94
2026/10/05 20:30:07.390, 9765, 93
2026/10/05 20:30:07.905, 9765, 96
2026/10/05 20:30:08.418, 9763, 94
2026/10/05 20:30:08.932, 9759, 94
2026/10/05 20:30:09.448, 9763, 94
2026/10/05 20:30:09.962, 9763, 95
2026/10/05 20:30:10.476, 9763, 94
2026/10/05 20:30:10.990, 9763, 96
2026/10/05 20:30:11.503, 9825, 92
2026/10/05 20:30:12.018, 9824, 93
2026/10/05 20:30:12.531, 9824, 85
2026/10/05 20:30:13.046, 9824, 92
2026/10/05 20:30:13.559, 9815, 93
2026/10/05 20:30:14.072, 9815, 93
2026/10/05 20:30:14.585, 9821, 94
2026/10/05 20:30:15.099, 9820, 94
2026/10/05 20:30:15.614, 9825, 95
2026/10/05 20:30:16.128, 9825, 96
2026/10/05 20:30:16.630, 9825, 94
2026/10/05 20:30:17.142, 9825, 94
2026/10/05 20:30:17.656, 9764, 96
2026/10/05 20:30:18.171, 9764, 94
2026/10/05 20:30:18.683, 9764, 95
2026/10/05 20:30:19.195, 9764, 96
2026/10/05 20:30:19.695, 9765, 95
2026/10/05 20:30:20.196, 9765, 95
2026/10/05 20:30:20.709, 9759, 96
2026/10/05 20:30:21.224, 9759, 95
2026/10/05 20:30:21.740, 9763, 95
2026/10/05 20:30:22.254, 9763, 96
2026/10/05 20:30:22.770, 9763, 96
2026/10/05 20:30:23.282, 9763, 96
2026/10/05 20:30:23.783, 9763, 94
2026/10/05 20:30:24.285, 9763, 96
2026/10/05 20:30:24.798, 9763, 96
2026/10/05 20:30:25.315, 9763, 95
2026/10/05 20:30:25.828, 9764, 96
2026/10/05 20:30:26.328, 9764, 96
2026/10/05 20:30:26.843, 9760, 95
2026/10/05 20:30:27.343, 9759, 95
2026/10/05 20:30:27.857, 9763, 95
2026/10/05 20:30:28.361, 9763, 96
2026/10/05 20:30:28.875, 9763, 95
2026/10/05 20:30:29.390, 9767, 96
2026/10/05 20:30:29.903, 9824, 95
2026/10/05 20:30:30.418, 9824, 94
2026/10/05 20:30:30.931, 9824, 95
2026/10/05 20:30:31.443, 9825, 96
2026/10/05 20:30:31.945, 9811, 96
2026/10/05 20:30:32.459, 9764, 96
2026/10/05 20:30:32.971, 9758, 95
2026/10/05 20:30:33.472, 9762, 95
2026/10/05 20:30:33.986, 9764, 96
2026/10/05 20:30:34.501, 9764, 96
2026/10/05 20:30:35.016, 9764, 96
2026/10/05 20:30:35.530, 9764, 95
2026/10/05 20:30:36.044, 9764, 94
2026/10/05 20:30:36.558, 9764, 79
2026/10/05 20:30:37.072, 9769, 80
2026/10/05 20:30:37.586, 9770, 82
2026/10/05 20:30:38.100, 9766, 85
2026/10/05 20:30:38.613, 9826, 95
2026/10/05 20:30:39.126, 9819, 80
2026/10/05 20:30:39.627, 10381, 92
2026/10/05 20:30:40.139, 10381, 100
2026/10/05 20:30:40.654, 10381, 100
2026/10/05 20:30:41.168, 10319, 99
2026/10/05 20:30:41.683, 10319, 100
2026/10/05 20:30:42.198, 10319, 100
2026/10/05 20:30:42.712, 10319, 100
2026/10/05 20:30:43.226, 10325, 99
2026/10/05 20:30:43.741, 10319, 100
2026/10/05 20:30:44.245, 10319, 100
2026/10/05 20:30:44.758, 10381, 99
2026/10/05 20:30:45.271, 10376, 100
2026/10/05 20:30:45.784, 10381, 100
2026/10/05 20:30:46.296, 10381, 99
2026/10/05 20:30:46.809, 10333, 100
2026/10/05 20:30:47.321, 10333, 100
2026/10/05 20:30:47.835, 10381, 99
2026/10/05 20:30:48.348, 10381, 100
2026/10/05 20:30:48.862, 10387, 100
2026/10/05 20:30:49.376, 10387, 100
2026/10/05 20:30:49.891, 10387, 99
2026/10/05 20:30:50.404, 10387, 100
2026/10/05 20:30:50.918, 10318, 100
2026/10/05 20:30:51.431, 10315, 99
2026/10/05 20:30:51.943, 10320, 100
2026/10/05 20:30:52.457, 10320, 100
2026/10/05 20:30:52.971, 10319, 100
2026/10/05 20:30:53.483, 10319, 99
2026/10/05 20:30:53.995, 10320, 100
2026/10/05 20:30:54.508, 10320, 100
2026/10/05 20:30:55.023, 10326, 99
2026/10/05 20:30:55.536, 10326, 100
2026/10/05 20:30:56.050, 10322, 100
2026/10/05 20:30:56.553, 10322, 100
2026/10/05 20:30:57.066, 10316, 99
2026/10/05 20:30:57.567, 10314, 100
2026/10/05 20:30:58.081, 10320, 100
2026/10/05 20:30:58.595, 10320, 99
2026/10/05 20:30:59.109, 10320, 100
2026/10/05 20:30:59.622, 10320, 100
2026/10/05 20:31:00.135, 10320, 100
2026/10/05 20:31:00.636, 10320, 99
2026/10/05 20:31:01.150, 10326, 100
2026/10/05 20:31:01.663, 10326, 100
2026/10/05 20:31:02.177, 10322, 99
2026/10/05 20:31:02.690, 10322, 100
2026/10/05 20:31:03.204, 10378, 100
2026/10/05 20:31:03.717, 10378, 100
2026/10/05 20:31:04.232, 10382, 98
2026/10/05 20:31:04.744, 10382, 100
2026/10/05 20:31:05.258, 10334, 100
2026/10/05 20:31:05.771, 10334, 7
2026/10/05 20:31:06.283, 10382, 9
2026/10/05 20:31:06.796, 10382, 7
2026/10/05 20:31:07.310, 10388, 6
2026/10/05 20:31:07.823, 5870, 14
2026/10/05 20:31:08.337, 8097, 100
2026/10/05 20:31:08.852, 8148, 100
2026/10/05 20:31:09.352, 8093, 100
2026/10/05 20:31:09.865, 8092, 94
2026/10/05 20:31:10.379, 1795, 0
2026/10/05 20:31:10.893, 1795, 0
2026/10/05 20:31:11.406, 1734, 0
2026/10/05 20:31:11.920, 1734, 0
2026/10/05 20:31:12.434, 1733, 2
2026/10/05 20:31:12.949, 1748, 1
2026/10/05 20:31:13.463, 1754, 0
2026/10/05 20:31:13.976, 1755, 0
2026/10/05 20:31:14.488, 1750, 0
2026/10/05 20:31:15.002, 1745, 0
2026/10/05 20:31:15.516, 1740, 2
2026/10/05 20:31:16.029, 1741, 1
2026/10/05 20:31:16.541, 1744, 1
2026/10/05 20:31:17.053, 1744, 0
2026/10/05 20:31:17.567, 1744, 0
2026/10/05 20:31:18.082, 1722, 0
2026/10/05 20:31:18.596, 1733, 2
2026/10/05 20:31:19.109, 1733, 1
2026/10/05 20:31:19.623, 1739, 0
2026/10/05 20:31:20.136, 1740, 0
2026/10/05 20:31:20.650, 1740, 1
2026/10/05 20:31:21.164, 1734, 0
2026/10/05 20:31:21.678, 1729, 2
2026/10/05 20:31:22.190, 1729, 1
2026/10/05 20:31:22.703, 1733, 0
2026/10/05 20:31:23.215, 1941, 0
2026/10/05 20:31:23.728, 1941, 10
2026/10/05 20:31:24.241, 10354, 0
2026/10/05 20:31:24.754, 10620, 45
2026/10/05 20:31:25.268, 13136, 43
2026/10/05 20:31:25.781, 13158, 73
2026/10/05 20:31:26.294, 13159, 98
2026/10/05 20:31:26.807, 13158, 98
2026/10/05 20:31:27.320, 13152, 98
2026/10/05 20:31:27.833, 13142, 97
2026/10/05 20:31:28.344, 13146, 98
2026/10/05 20:31:28.857, 13147, 98
2026/10/05 20:31:29.372, 13147, 98
2026/10/05 20:31:29.886, 13147, 98
2026/10/05 20:31:30.401, 13147, 98
2026/10/05 20:31:30.914, 13136, 98
2026/10/05 20:31:31.428, 13136, 98
2026/10/05 20:31:31.941, 13142, 98
2026/10/05 20:31:32.454, 13142, 98
2026/10/05 20:31:32.968, 13142, 89
2026/10/05 20:31:33.481, 13199, 98
2026/10/05 20:31:33.994, 13193, 98
2026/10/05 20:31:34.507, 13198, 98
2026/10/05 20:31:35.020, 13198, 98
2026/10/05 20:31:35.533, 13198, 98
2026/10/05 20:31:36.048, 13137, 97
2026/10/05 20:31:36.562, 13198, 97
2026/10/05 20:31:37.075, 13198, 97
2026/10/05 20:31:37.590, 13198, 97
2026/10/05 20:31:38.103, 13204, 97
2026/10/05 20:31:38.615, 13204, 98
2026/10/05 20:31:39.128, 13204, 97
2026/10/05 20:31:39.641, 1742, 42
2026/10/05 20:31:40.154, 1729, 9
2026/10/05 20:31:40.667, 1734, 0
2026/10/05 20:31:41.181, 1734, 0
2026/10/05 20:31:41.693, 1742, 0
2026/10/05 20:31:42.206, 10197, 1
2026/10/05 20:31:42.718, 10365, 97
2026/10/05 20:31:43.230, 13111, 45
2026/10/05 20:31:43.743, 13137, 39
2026/10/05 20:31:44.255, 13142, 100
2026/10/05 20:31:44.769, 13142, 99
2026/10/05 20:31:45.281, 13137, 98
2026/10/05 20:31:45.792, 13137, 97
2026/10/05 20:31:46.304, 13132, 97
2026/10/05 20:31:46.818, 13136, 98
2026/10/05 20:31:47.329, 13136, 98
2026/10/05 20:31:47.843, 13136, 98
2026/10/05 20:31:48.357, 13125, 98
2026/10/05 20:31:48.870, 13137, 98
2026/10/05 20:31:49.384, 13136, 98
2026/10/05 20:31:49.896, 13136, 98
2026/10/05 20:31:50.409, 13144, 98
2026/10/05 20:31:50.922, 1741, 98
2026/10/05 20:31:51.434, 1744, 0
2026/10/05 20:31:51.947, 1733, 1
2026/10/05 20:31:52.462, 1729, 1
2026/10/05 20:31:52.975, 1749, 0
2026/10/05 20:31:53.487, 1749, 0
2026/10/05 20:31:54.001, 1749, 0
2026/10/05 20:31:54.515, 1736, 0
2026/10/05 20:31:55.029, 1744, 2
2026/10/05 20:31:55.542, 1744, 1
2026/10/05 20:31:56.055, 1750, 0
2026/10/05 20:31:56.569, 1751, 0
2026/10/05 20:31:57.081, 1751, 0
2026/10/05 20:31:57.594, 1745, 0
2026/10/05 20:31:58.107, 1732, 2
2026/10/05 20:31:58.618, 1730, 1
2026/10/05 20:31:59.132, 1734, 0
2026/10/05 20:31:59.645, 1734, 0
2026/10/05 20:32:00.158, 1734, 0
2026/10/05 20:32:00.670, 1785, 0
2026/10/05 20:32:01.183, 1796, 2
2026/10/05 20:32:01.698, 1796, 2
2026/10/05 20:32:02.211, 1796, 0
2026/10/05 20:32:02.723, 1797, 0
2026/10/05 20:32:03.235, 1798, 0
2026/10/05 20:32:03.749, 1794, 0
2026/10/05 20:32:04.261, 1793, 2
2026/10/05 20:32:04.776, 1791, 2
2026/10/05 20:32:05.287, 1795, 0
2026/10/05 20:32:05.800, 1803, 8
2026/10/05 20:32:06.312, 10364, 66
2026/10/05 20:32:06.826, 10413, 54
2026/10/05 20:32:07.340, 13197, 46
2026/10/05 20:32:07.853, 13197, 100
2026/10/05 20:32:08.365, 13218, 71
2026/10/05 20:32:08.878, 13219, 98
2026/10/05 20:32:09.391, 13215, 98
2026/10/05 20:32:09.905, 13152, 98
2026/10/05 20:32:10.417, 13144, 97
2026/10/05 20:32:10.929, 13144, 98
2026/10/05 20:32:11.441, 13148, 95
2026/10/05 20:32:11.953, 13148, 97
2026/10/05 20:32:12.467, 13147, 98
2026/10/05 20:32:12.980, 13136, 98
2026/10/05 20:32:13.494, 13136, 97
2026/10/05 20:32:14.006, 13136, 98
2026/10/05 20:32:14.519, 13142, 98
2026/10/05 20:32:15.033, 13143, 98
2026/10/05 20:32:15.545, 13138, 98
2026/10/05 20:32:16.057, 13137, 98
2026/10/05 20:32:16.571, 13132, 98
2026/10/05 20:32:17.085, 13133, 98
2026/10/05 20:32:17.596, 13137, 98
2026/10/05 20:32:18.109, 13137, 98
2026/10/05 20:32:18.621, 13137, 98
2026/10/05 20:32:19.134, 13125, 98
2026/10/05 20:32:19.647, 13136, 98
2026/10/05 20:32:20.160, 13136, 98
2026/10/05 20:32:20.673, 13142, 98
2026/10/05 20:32:21.186, 13143, 98
2026/10/05 20:32:21.699, 1733, 98
2026/10/05 20:32:22.212, 1940, 2
2026/10/05 20:32:22.724, 1730, 6
2026/10/05 20:32:23.237, 1730, 0
2026/10/05 20:32:23.750, 1748, 0
2026/10/05 20:32:24.263, 1748, 0
2026/10/05 20:32:24.777, 1737, 0
2026/10/05 20:32:25.290, 1737, 1
2026/10/05 20:32:25.805, 1744, 0
2026/10/05 20:32:26.318, 1744, 0
2026/10/05 20:32:26.831, 1751, 0
2026/10/05 20:32:27.345, 1751, 0
2026/10/05 20:32:27.859, 1744, 1
2026/10/05 20:32:28.372, 1744, 2
2026/10/05 20:32:28.886, 1733, 1
2026/10/05 20:32:29.401, 1733, 0
2026/10/05 20:32:29.914, 1734, 0
2026/10/05 20:32:30.427, 1734, 0
2026/10/05 20:32:30.940, 1723, 1
2026/10/05 20:32:31.455, 1722, 2
2026/10/05 20:32:31.968, 1733, 1
2026/10/05 20:32:32.482, 1733, 0
2026/10/05 20:32:32.994, 1740, 1
2026/10/05 20:32:33.507, 1740, 0
2026/10/05 20:32:34.021, 1733, 0
2026/10/05 20:32:34.534, 1733, 2
2026/10/05 20:32:35.047, 1730, 1
2026/10/05 20:32:35.561, 1733, 0
2026/10/05 20:32:36.075, 1733, 0
2026/10/05 20:32:36.588, 1733, 0
2026/10/05 20:32:37.101, 1785, 0
2026/10/05 20:32:37.614, 1795, 2
2026/10/05 20:32:38.126, 1795, 1
2026/10/05 20:32:38.639, 1795, 0
2026/10/05 20:32:39.152, 1733, 0
2026/10/05 20:32:39.665, 1734, 0
2026/10/05 20:32:40.178, 1794, 1
2026/10/05 20:32:40.691, 5713, 2
2026/10/05 20:32:41.205, 10433, 70
2026/10/05 20:32:41.718, 13166, 45
2026/10/05 20:32:42.231, 13200, 54
2026/10/05 20:32:42.745, 13216, 100
2026/10/05 20:32:43.258, 1755, 100
2026/10/05 20:32:43.772, 1749, 84
2026/10/05 20:32:44.284, 1749, 13
2026/10/05 20:32:44.797, 1744, 0
2026/10/05 20:32:45.311, 1750, 0
2026/10/05 20:32:45.823, 1750, 0
2026/10/05 20:32:46.335, 1750, 2
2026/10/05 20:32:46.847, 1750, 1
2026/10/05 20:32:47.359, 1753, 0
2026/10/05 20:32:47.870, 1753, 1
2026/10/05 20:32:48.383, 1753, 0
2026/10/05 20:32:48.895, 1753, 0
2026/10/05 20:32:49.409, 1744, 2
2026/10/05 20:32:49.920, 1747, 2
2026/10/05 20:32:50.434, 1735, 0
2026/10/05 20:32:50.946, 1735, 0
2026/10/05 20:32:51.459, 1735, 0
2026/10/05 20:32:51.973, 1735, 0
2026/10/05 20:32:52.488, 1743, 2
2026/10/05 20:32:53.000, 1942, 7
2026/10/05 20:32:53.514, 10368, 59
2026/10/05 20:32:54.025, 13104, 53
2026/10/05 20:32:54.538, 13138, 75
2026/10/05 20:32:55.050, 13151, 100
2026/10/05 20:32:55.564, 13148, 98
2026/10/05 20:32:56.079, 13151, 98
2026/10/05 20:32:56.590, 13151, 98
2026/10/05 20:32:57.103, 13147, 98
2026/10/05 20:32:57.617, 13147, 97
2026/10/05 20:32:58.129, 13147, 97
2026/10/05 20:32:58.643, 13146, 97
2026/10/05 20:32:59.157, 13149, 98
2026/10/05 20:32:59.671, 13154, 98
2026/10/05 20:33:00.184, 13144, 97
2026/10/05 20:33:00.697, 13144, 97
2026/10/05 20:33:01.211, 13199, 98
2026/10/05 20:33:01.725, 13196, 98
2026/10/05 20:33:02.238, 13199, 92
2026/10/05 20:33:02.751, 13199, 98
2026/10/05 20:33:03.264, 13151, 98
2026/10/05 20:33:03.778, 13151, 98
2026/10/05 20:33:04.291, 13197, 98
2026/10/05 20:33:04.804, 13197, 98
2026/10/05 20:33:05.315, 13202, 98
2026/10/05 20:33:05.828, 13202, 98
2026/10/05 20:33:06.340, 13184, 98
2026/10/05 20:33:06.853, 13184, 97
2026/10/05 20:33:07.366, 13133, 98
2026/10/05 20:33:07.879, 13133, 98
2026/10/05 20:33:08.391, 1733, 1
2026/10/05 20:33:08.902, 1940, 3
2026/10/05 20:33:09.415, 1733, 1
2026/10/05 20:33:09.928, 1733, 0
2026/10/05 20:33:10.441, 1738, 1
2026/10/05 20:33:10.953, 1940, 4
2026/10/05 20:33:11.465, 10369, 25
2026/10/05 20:33:11.980, 10369, 42
2026/10/05 20:33:12.492, 13115, 30
2026/10/05 20:33:13.006, 13141, 100
2026/10/05 20:33:13.519, 13134, 100
2026/10/05 20:33:14.030, 1730, 97
2026/10/05 20:33:14.544, 1734, 1
2026/10/05 20:33:15.056, 1734, 0
2026/10/05 20:33:15.568, 1733, 0
2026/10/05 20:33:16.081, 1733, 1
2026/10/05 20:33:16.594, 1940, 2
2026/10/05 20:33:17.106, 10364, 2
2026/10/05 20:33:17.620, 10369, 37
2026/10/05 20:33:18.133, 13115, 46
2026/10/05 20:33:18.647, 13137, 12
2026/10/05 20:33:19.161, 13137, 100
2026/10/05 20:33:19.675, 1730, 85
2026/10/05 20:33:20.189, 1730, 2
2026/10/05 20:33:20.701, 1733, 0
2026/10/05 20:33:21.216, 1740, 0
2026/10/05 20:33:21.730, 1748, 1
2026/10/05 20:33:22.245, 1748, 0
2026/10/05 20:33:22.757, 1746, 1
2026/10/05 20:33:23.271, 1742, 2
2026/10/05 20:33:23.784, 1749, 0
2026/10/05 20:33:24.296, 1749, 0
2026/10/05 20:33:24.809, 1749, 0
2026/10/05 20:33:25.322, 1744, 1
2026/10/05 20:33:25.834, 1741, 2
2026/10/05 20:33:26.347, 1730, 0
2026/10/05 20:33:26.860, 1735, 0
2026/10/05 20:33:27.371, 1735, 0
2026/10/05 20:33:27.884, 1733, 0
2026/10/05 20:33:28.397, 1725, 0
2026/10/05 20:33:28.910, 1733, 1
2026/10/05 20:33:29.423, 1733, 0
2026/10/05 20:33:29.936, 1739, 0
2026/10/05 20:33:30.449, 1739, 0
2026/10/05 20:33:30.962, 1733, 0
2026/10/05 20:33:31.476, 1734, 0
2026/10/05 20:33:31.990, 1730, 2
2026/10/05 20:33:32.504, 1734, 1
2026/10/05 20:33:33.017, 1734, 0
2026/10/05 20:33:33.531, 1734, 0
2026/10/05 20:33:34.043, 1733, 0
2026/10/05 20:33:34.556, 1733, 0
2026/10/05 20:33:35.068, 1731, 2
2026/10/05 20:33:35.581, 1731, 9
2026/10/05 20:33:36.093, 8408, 1
2026/10/05 20:33:36.604, 10364, 44
2026/10/05 20:33:37.118, 13102, 46
2026/10/05 20:33:37.632, 13137, 0
2026/10/05 20:33:38.146, 13148, 100
2026/10/05 20:33:38.659, 13151, 100
2026/10/05 20:33:39.173, 1749, 98
2026/10/05 20:33:39.686, 1748, 0
2026/10/05 20:33:40.199, 1744, 5
2026/10/05 20:33:40.712, 1743, 0
2026/10/05 20:33:41.225, 1904, 1
2026/10/05 20:33:41.738, 1951, 9
2026/10/05 20:33:42.251, 10379, 0
2026/10/05 20:33:42.763, 10375, 52
2026/10/05 20:33:43.276, 13136, 31
2026/10/05 20:33:43.788, 13128, 100
2026/10/05 20:33:44.303, 13133, 100
2026/10/05 20:33:44.816, 1733, 73
2026/10/05 20:33:45.328, 1733, 6
2026/10/05 20:33:45.841, 1734, 1
2026/10/05 20:33:46.355, 1739, 0
2026/10/05 20:33:46.867, 1734, 2
2026/10/05 20:33:47.378, 1941, 2
2026/10/05 20:33:47.891, 10366, 97
2026/10/05 20:33:48.404, 10365, 52
2026/10/05 20:33:48.918, 13118, 4
2026/10/05 20:33:49.431, 13144, 100
2026/10/05 20:33:49.943, 13136, 100
2026/10/05 20:33:50.455, 13137, 71
2026/10/05 20:33:50.969, 1736, 0
2026/10/05 20:33:51.481, 1736, 2
2026/10/05 20:33:51.994, 1737, 1
2026/10/05 20:33:52.507, 1741, 0
2026/10/05 20:33:53.020, 1748, 2
2026/10/05 20:33:53.533, 1748, 1
2026/10/05 20:33:54.046, 1749, 1
2026/10/05 20:33:54.560, 1745, 0
2026/10/05 20:33:55.073, 1748, 0
2026/10/05 20:33:55.587, 1747, 0
2026/10/05 20:33:56.100, 1744, 2
2026/10/05 20:33:56.612, 1744, 2
2026/10/05 20:33:57.125, 1745, 0
2026/10/05 20:33:57.638, 1735, 0
2026/10/05 20:33:58.151, 1736, 0
2026/10/05 20:33:58.665, 1734, 0
2026/10/05 20:33:59.178, 1734, 2
2026/10/05 20:33:59.692, 1734, 2
2026/10/05 20:34:00.205, 1735, 0
2026/10/05 20:34:00.718, 1735, 0
2026/10/05 20:34:01.231, 1737, 0
2026/10/05 20:34:01.744, 1735, 0
2026/10/05 20:34:02.258, 1734, 3
2026/10/05 20:34:02.771, 1734, 3
2026/10/05 20:34:03.285, 1734, 0
2026/10/05 20:34:03.798, 1742, 0
2026/10/05 20:34:04.311, 1943, 0
2026/10/05 20:34:04.824, 10427, 44
2026/10/05 20:34:05.336, 10427, 47
2026/10/05 20:34:05.849, 13173, 10
2026/10/05 20:34:06.361, 13199, 100
2026/10/05 20:34:06.873, 13215, 100
2026/10/05 20:34:07.387, 13155, 85
2026/10/05 20:34:07.901, 1809, 1
2026/10/05 20:34:08.414, 1806, 7
2026/10/05 20:34:08.927, 1805, 0
2026/10/05 20:34:09.441, 1795, 0
2026/10/05 20:34:09.954, 1801, 0
2026/10/05 20:34:10.468, 1752, 0
2026/10/05 20:34:10.980, 1747, 1
2026/10/05 20:34:11.494, 1746, 2
2026/10/05 20:34:12.007, 1747, 0
2026/10/05 20:34:12.519, 1747, 0
2026/10/05 20:34:13.033, 1747, 0
2026/10/05 20:34:13.547, 1748, 0
2026/10/05 20:34:14.061, 1745, 1
2026/10/05 20:34:14.573, 1735, 2
2026/10/05 20:34:15.085, 1735, 0
2026/10/05 20:34:15.598, 1738, 1
2026/10/05 20:34:16.110, 1736, 0
2026/10/05 20:34:16.623, 1736, 0
2026/10/05 20:34:17.136, 7634, 8
2026/10/05 20:34:17.647, 10366, 50
2026/10/05 20:34:18.160, 13113, 54
2026/10/05 20:34:18.673, 13139, 0
2026/10/05 20:34:19.187, 13152, 100
2026/10/05 20:34:19.699, 13155, 100
2026/10/05 20:34:20.210, 13215, 98
2026/10/05 20:34:20.722, 13214, 98
2026/10/05 20:34:21.235, 13210, 98
2026/10/05 20:34:21.746, 13196, 89
2026/10/05 20:34:22.259, 13198, 98
2026/10/05 20:34:22.771, 13150, 98
2026/10/05 20:34:23.285, 13144, 9
2026/10/05 20:34:23.798, 13149, 98
2026/10/05 20:34:24.310, 13140, 98
2026/10/05 20:34:24.823, 1737, 98
2026/10/05 20:34:25.337, 1737, 0
2026/10/05 20:34:25.849, 1739, 0
2026/10/05 20:34:26.362, 1733, 2
2026/10/05 20:34:26.876, 1748, 1
2026/10/05 20:34:27.388, 1748, 0
2026/10/05 20:34:27.901, 1751, 0
2026/10/05 20:34:28.414, 1746, 0
2026/10/05 20:34:28.927, 1745, 0
2026/10/05 20:34:29.439, 1740, 2
2026/10/05 20:34:29.951, 1744, 1
2026/10/05 20:34:30.464, 1745, 1
2026/10/05 20:34:30.976, 1745, 0
2026/10/05 20:34:31.489, 1737, 0
2026/10/05 20:34:32.002, 1797, 0
2026/10/05 20:34:32.515, 1794, 2
2026/10/05 20:34:33.028, 1795, 1
2026/10/05 20:34:33.542, 1784, 0
2026/10/05 20:34:34.054, 1784, 0
2026/10/05 20:34:34.554, 1783, 0
2026/10/05 20:34:35.066, 1796, 0
2026/10/05 20:34:35.579, 1795, 2
2026/10/05 20:34:36.092, 1795, 2
2026/10/05 20:34:36.605, 1796, 0
2026/10/05 20:34:37.118, 1796, 0
2026/10/05 20:34:37.631, 1785, 0
2026/10/05 20:34:38.144, 1732, 0
2026/10/05 20:34:38.657, 1733, 2
2026/10/05 20:34:39.170, 1733, 1
2026/10/05 20:34:39.683, 1733, 0
2026/10/05 20:34:40.197, 1733, 0
2026/10/05 20:34:40.711, 1735, 0
2026/10/05 20:34:41.224, 1729, 0
2026/10/05 20:34:41.726, 1733, 2
2026/10/05 20:34:42.239, 1733, 2
2026/10/05 20:34:42.751, 1734, 0
2026/10/05 20:34:43.264, 1734, 0
2026/10/05 20:34:43.778, 1738, 0
2026/10/05 20:34:44.292, 1732, 0
2026/10/05 20:34:44.804, 1734, 2
2026/10/05 20:34:45.317, 1734, 2
2026/10/05 20:34:45.832, 1737, 1
2026/10/05 20:34:46.345, 1737, 0
2026/10/05 20:34:46.859, 1735, 0
2026/10/05 20:34:47.372, 1729, 2
2026/10/05 20:34:47.885, 1733, 2
2026/10/05 20:34:48.398, 1733, 0
2026/10/05 20:34:48.912, 1735, 0
2026/10/05 20:34:49.424, 1734, 0
2026/10/05 20:34:49.938, 1737, 0
2026/10/05 20:34:50.453, 1732, 2
2026/10/05 20:34:50.967, 1733, 2
2026/10/05 20:34:51.480, 1734, 0
2026/10/05 20:34:51.993, 1737, 0
2026/10/05 20:34:52.508, 1735, 0
2026/10/05 20:34:53.021, 1735, 0
2026/10/05 20:34:53.534, 1730, 2
2026/10/05 20:34:54.048, 1734, 2
2026/10/05 20:34:54.561, 1735, 0
2026/10/05 20:34:55.075, 1735, 0
2026/10/05 20:34:55.588, 1735, 0
2026/10/05 20:34:56.103, 1738, 0
2026/10/05 20:34:56.616, 1733, 1
2026/10/05 20:34:57.130, 1733, 2
2026/10/05 20:34:57.643, 1734, 0
2026/10/05 20:34:58.156, 1737, 0
2026/10/05 20:34:58.671, 1735, 0
2026/10/05 20:34:59.184, 1735, 0
2026/10/05 20:34:59.698, 1729, 1
2026/10/05 20:35:00.211, 1734, 2
2026/10/05 20:35:00.723, 1734, 0
2026/10/05 20:35:01.235, 1734, 0
2026/10/05 20:35:01.747, 1739, 1
2026/10/05 20:35:02.262, 1738, 0
2026/10/05 20:35:02.775, 1810, 2
2026/10/05 20:35:03.287, 1815, 2
2026/10/05 20:35:03.801, 1815, 2
2026/10/05 20:35:04.314, 1808, 0
2026/10/05 20:35:04.827, 1809, 0
2026/10/05 20:35:05.341, 1876, 0
2026/10/05 20:35:05.856, 1807, 2
2026/10/05 20:35:06.369, 1812, 1
2026/10/05 20:35:06.882, 1813, 0
2026/10/05 20:35:07.395, 1818, 0
2026/10/05 20:35:07.910, 1828, 1
2026/10/05 20:35:08.423, 1787, 1
2026/10/05 20:35:08.935, 1789, 2
2026/10/05 20:35:09.449, 1801, 1
2026/10/05 20:35:09.964, 1798, 0
2026/10/05 20:35:10.476, 1794, 0
2026/10/05 20:35:10.989, 1790, 1
2026/10/05 20:35:11.503, 1789, 0
2026/10/05 20:35:12.018, 1781, 2
2026/10/05 20:35:12.531, 1787, 2
2026/10/05 20:35:13.044, 1784, 1
2026/10/05 20:35:13.558, 1783, 0
2026/10/05 20:35:14.072, 1777, 0
2026/10/05 20:35:14.586, 1769, 1
2026/10/05 20:35:15.100, 1769, 2
2026/10/05 20:35:15.615, 1775, 1
2026/10/05 20:35:16.127, 1775, 0
2026/10/05 20:35:16.640, 1773, 1
2026/10/05 20:35:17.154, 1775, 0
2026/10/05 20:35:17.667, 1769, 0
2026/10/05 20:35:18.181, 1769, 2
2026/10/05 20:35:18.696, 1772, 2
2026/10/05 20:35:19.211, 1771, 0
2026/10/05 20:35:19.725, 1778, 0
2026/10/05 20:35:20.239, 1778, 0
2026/10/05 20:35:20.751, 1777, 0
2026/10/05 20:35:21.252, 1779, 2
2026/10/05 20:35:21.767, 1778, 2
2026/10/05 20:35:22.281, 1778, 0
2026/10/05 20:35:22.796, 1779, 0
2026/10/05 20:35:23.309, 1780, 1
2026/10/05 20:35:23.824, 1777, 0
2026/10/05 20:35:24.336, 1777, 2
2026/10/05 20:35:24.851, 1781, 1
2026/10/05 20:35:25.365, 1783, 0
2026/10/05 20:35:25.880, 1789, 0
2026/10/05 20:35:26.395, 1789, 0
2026/10/05 20:35:26.910, 1785, 2
2026/10/05 20:35:27.411, 1785, 2
2026/10/05 20:35:27.923, 1783, 1
2026/10/05 20:35:28.437, 1786, 0
2026/10/05 20:35:28.952, 1789, 0
2026/10/05 20:35:29.465, 1794, 1
2026/10/05 20:35:29.978, 1791, 2
2026/10/05 20:35:30.493, 1795, 2
2026/10/05 20:35:31.006, 1797, 0
2026/10/05 20:35:31.521, 1797, 0
2026/10/05 20:35:32.036, 1799, 0
2026/10/05 20:35:32.549, 1807, 0
2026/10/05 20:35:33.063, 1796, 2
2026/10/05 20:35:33.579, 1790, 2
2026/10/05 20:35:34.092, 1800, 0
2026/10/05 20:35:34.607, 1802, 0
2026/10/05 20:35:35.120, 1801, 0
2026/10/05 20:35:35.635, 1801, 0
2026/10/05 20:35:36.148, 1803, 1
2026/10/05 20:35:36.663, 1803, 2
2026/10/05 20:35:37.179, 1805, 0
2026/10/05 20:35:37.692, 1805, 0
2026/10/05 20:35:38.193, 1807, 0
2026/10/05 20:35:38.707, 1809, 0
2026/10/05 20:35:39.222, 1808, 1
2026/10/05 20:35:39.734, 1808, 2
2026/10/05 20:35:40.247, 1809, 0
2026/10/05 20:35:40.760, 1812, 0
2026/10/05 20:35:41.272, 1812, 0
2026/10/05 20:35:41.785, 1880, 0
2026/10/05 20:35:42.298, 1880, 2
2026/10/05 20:35:42.811, 1879, 2
2026/10/05 20:35:43.325, 1880, 1
2026/10/05 20:35:43.837, 1871, 1
2026/10/05 20:35:44.350, 1862, 1
2026/10/05 20:35:44.863, 1863, 3
2026/10/05 20:35:45.377, 1863, 2
2026/10/05 20:35:45.891, 1863, 1
2026/10/05 20:35:46.405, 1865, 0
2026/10/05 20:35:46.919, 1868, 1
2026/10/05 20:35:47.434, 1853, 0
2026/10/05 20:35:47.947, 1813, 0
2026/10/05 20:35:48.462, 1822, 3
2026/10/05 20:35:48.976, 1820, 1
2026/10/05 20:35:49.490, 1823, 1
2026/10/05 20:35:50.004, 1824, 0
2026/10/05 20:35:50.518, 1823, 0
2026/10/05 20:35:51.032, 1818, 0
2026/10/05 20:35:51.547, 1820, 2
2026/10/05 20:35:52.060, 1820, 2
2026/10/05 20:35:52.574, 1812, 0
2026/10/05 20:35:53.088, 1809, 0
2026/10/05 20:35:53.603, 1809, 0
2026/10/05 20:35:54.116, 1802, 0
2026/10/05 20:35:54.629, 1812, 2
2026/10/05 20:35:55.143, 1811, 1
2026/10/05 20:35:55.643, 1813, 0
2026/10/05 20:35:56.156, 1812, 0
2026/10/05 20:35:56.670, 1808, 1
2026/10/05 20:35:57.184, 1806, 0
2026/10/05 20:35:57.699, 1807, 2
2026/10/05 20:35:58.213, 1806, 2
2026/10/05 20:35:58.726, 1803, 0
2026/10/05 20:35:59.241, 1802, 0
2026/10/05 20:35:59.755, 1799, 0
2026/10/05 20:36:00.269, 1803, 0
2026/10/05 20:36:00.782, 1798, 2
2026/10/05 20:36:01.297, 1802, 2
2026/10/05 20:36:01.810, 1804, 0
2026/10/05 20:36:02.325, 1799, 0
2026/10/05 20:36:02.841, 1804, 0
2026/10/05 20:36:03.356, 1866, 2
2026/10/05 20:36:03.870, 1866, 2
2026/10/05 20:36:04.383, 1866, 0
2026/10/05 20:36:04.899, 1862, 0
2026/10/05 20:36:05.412, 1851, 0
2026/10/05 20:36:05.927, 1851, 0
2026/10/05 20:36:06.440, 1861, 2
2026/10/05 20:36:06.956, 1856, 2
2026/10/05 20:36:07.470, 1861, 0
2026/10/05 20:36:07.983, 1861, 0
2026/10/05 20:36:08.498, 1857, 0
2026/10/05 20:36:09.013, 1857, 0
2026/10/05 20:36:09.525, 1794, 2
2026/10/05 20:36:10.041, 1794, 2
2026/10/05 20:36:10.555, 1794, 0
2026/10/05 20:36:11.069, 1794, 0
2026/10/05 20:36:11.584, 1794, 0
2026/10/05 20:36:12.098, 1794, 0
2026/10/05 20:36:12.613, 1851, 2
2026/10/05 20:36:13.128, 1816, 2
2026/10/05 20:36:13.643, 1816, 0
2026/10/05 20:36:14.156, 1808, 0
2026/10/05 20:36:14.669, 1807, 0
2026/10/05 20:36:15.184, 1810, 1
2026/10/05 20:36:15.698, 1806, 2
2026/10/05 20:36:16.212, 1806, 2
2026/10/05 20:36:16.727, 1806, 0
2026/10/05 20:36:17.240, 1809, 0
2026/10/05 20:36:17.754, 1808, 1
2026/10/05 20:36:18.269, 1745, 0
2026/10/05 20:36:18.782, 1745, 1
2026/10/05 20:36:19.295, 1744, 2
2026/10/05 20:36:19.809, 1746, 1
2026/10/05 20:36:20.323, 1746, 0
2026/10/05 20:36:20.836, 1746, 0
2026/10/05 20:36:21.348, 1744, 0
2026/10/05 20:36:21.860, 1745, 2
2026/10/05 20:36:22.373, 1745, 0
2026/10/05 20:36:22.886, 1745, 0
2026/10/05 20:36:23.399, 1748, 0
2026/10/05 20:36:23.912, 1745, 0
2026/10/05 20:36:24.426, 1746, 0
2026/10/05 20:36:24.939, 1745, 2
2026/10/05 20:36:25.453, 1744, 1
2026/10/05 20:36:25.965, 1746, 0
2026/10/05 20:36:26.478, 1746, 0
2026/10/05 20:36:26.993, 1746, 0
2026/10/05 20:36:27.506, 1744, 0
2026/10/05 20:36:28.019, 1758, 2
2026/10/05 20:36:28.534, 1758, 1
2026/10/05 20:36:29.048, 1758, 0
2026/10/05 20:36:29.562, 1761, 0
2026/10/05 20:36:30.077, 1756, 1
2026/10/05 20:36:30.591, 1754, 0
2026/10/05 20:36:31.104, 1748, 2
2026/10/05 20:36:31.618, 1752, 1
2026/10/05 20:36:32.131, 1754, 1
2026/10/05 20:36:32.646, 1754, 0
2026/10/05 20:36:33.159, 1744, 0
2026/10/05 20:36:33.674, 1742, 0
2026/10/05 20:36:34.188, 1743, 2
2026/10/05 20:36:34.701, 1743, 1
2026/10/05 20:36:35.216, 1743, 0
2026/10/05 20:36:35.731, 1747, 0
2026/10/05 20:36:36.245, 1744, 1
2026/10/05 20:36:36.760, 1744, 0
2026/10/05 20:36:37.273, 1738, 2
2026/10/05 20:36:37.788, 1744, 1
2026/10/05 20:36:38.302, 1744, 0
2026/10/05 20:36:38.817, 1744, 0
2026/10/05 20:36:39.331, 1744, 0
2026/10/05 20:36:39.845, 1744, 0
2026/10/05 20:36:40.358, 1744, 1
2026/10/05 20:36:40.873, 1744, 0
2026/10/05 20:36:41.387, 1744, 0
2026/10/05 20:36:41.901, 1744, 0
2026/10/05 20:36:42.415, 1744, 0
2026/10/05 20:36:42.929, 1744, 2
2026/10/05 20:36:43.443, 1739, 2
2026/10/05 20:36:43.957, 1744, 0
2026/10/05 20:36:44.470, 1744, 0
2026/10/05 20:36:44.983, 1744, 0
2026/10/05 20:36:45.497, 1744, 0
2026/10/05 20:36:46.011, 1744, 2
2026/10/05 20:36:46.525, 1744, 1
2026/10/05 20:36:47.026, 1744, 0
2026/10/05 20:36:47.539, 1744, 0
2026/10/05 20:36:48.053, 1745, 1
2026/10/05 20:36:48.566, 1745, 0
2026/10/05 20:36:49.082, 1745, 2
2026/10/05 20:36:49.595, 1739, 2
2026/10/05 20:36:50.110, 1744, 1
2026/10/05 20:36:50.624, 1744, 0
2026/10/05 20:36:51.138, 1744, 0
2026/10/05 20:36:51.652, 1744, 0
2026/10/05 20:36:52.167, 1745, 2
2026/10/05 20:36:52.680, 1745, 2
2026/10/05 20:36:53.193, 1745, 0
2026/10/05 20:36:53.708, 1745, 0
2026/10/05 20:36:54.223, 1746, 0
2026/10/05 20:36:54.737, 1809, 0
2026/10/05 20:36:55.250, 1803, 3
2026/10/05 20:36:55.766, 1803, 2
2026/10/05 20:36:56.280, 1808, 0
2026/10/05 20:36:56.792, 1808, 0
2026/10/05 20:36:57.306, 1760, 0
2026/10/05 20:36:57.820, 1738, 1
2026/10/05 20:36:58.332, 1754, 1
2026/10/05 20:36:58.845, 1754, 2
2026/10/05 20:36:59.357, 1761, 0
2026/10/05 20:36:59.872, 1757, 0
2026/10/05 20:37:00.384, 1757, 0
2026/10/05 20:37:00.897, 1750, 1
2026/10/05 20:37:01.412, 1745, 2
2026/10/05 20:37:01.925, 1745, 0
2026/10/05 20:37:02.439, 1749, 0
2026/10/05 20:37:02.953, 1739, 0
2026/10/05 20:37:03.467, 1738, 0
2026/10/05 20:37:03.979, 1782, 2
2026/10/05 20:37:04.493, 1798, 2
2026/10/05 20:37:05.007, 1798, 1
2026/10/05 20:37:05.519, 1805, 0
2026/10/05 20:37:06.032, 1805, 0
2026/10/05 20:37:06.544, 1805, 0
2026/10/05 20:37:07.056, 1800, 0
2026/10/05 20:37:07.569, 1794, 2
2026/10/05 20:37:08.081, 1798, 1
2026/10/05 20:37:08.594, 1799, 0
2026/10/05 20:37:09.108, 1799, 0
2026/10/05 20:37:09.621, 1738, 0
2026/10/05 20:37:10.134, 1732, 1
2026/10/05 20:37:10.646, 1737, 2
2026/10/05 20:37:11.159, 1737, 0
2026/10/05 20:37:11.673, 1743, 0
2026/10/05 20:37:12.188, 1743, 0
2026/10/05 20:37:12.702, 1743, 0
2026/10/05 20:37:13.215, 1738, 0
2026/10/05 20:37:13.729, 1733, 1
2026/10/05 20:37:14.242, 1738, 0
2026/10/05 20:37:14.755, 1738, 0
2026/10/05 20:37:15.268, 1738, 0
2026/10/05 20:37:15.781, 1738, 0
2026/10/05 20:37:16.294, 1738, 0
2026/10/05 20:37:16.805, 1738, 1
2026/10/05 20:37:17.319, 1738, 1
2026/10/05 20:37:17.833, 1744, 0
2026/10/05 20:37:18.347, 1746, 0
2026/10/05 20:37:18.860, 1746, 0
2026/10/05 20:37:19.373, 1738, 1
2026/10/05 20:37:19.888, 1733, 1
2026/10/05 20:37:20.400, 1738, 1
2026/10/05 20:37:20.913, 1738, 0
2026/10/05 20:37:21.425, 1738, 0
2026/10/05 20:37:21.938, 1738, 0
2026/10/05 20:37:22.454, 1738, 2
2026/10/05 20:37:22.967, 1737, 1
2026/10/05 20:37:23.481, 1737, 0
2026/10/05 20:37:23.994, 1743, 0
2026/10/05 20:37:24.508, 1744, 0
2026/10/05 20:37:25.021, 1743, 0
2026/10/05 20:37:25.533, 1738, 1
2026/10/05 20:37:26.047, 1733, 1
2026/10/05 20:37:26.560, 1753, 0
2026/10/05 20:37:27.073, 1753, 0
2026/10/05 20:37:27.586, 1753, 0
2026/10/05 20:37:28.099, 1816, 1
2026/10/05 20:37:28.611, 1810, 2
2026/10/05 20:37:29.123, 1809, 1
2026/10/05 20:37:29.637, 1809, 0
2026/10/05 20:37:30.150, 1815, 1
2026/10/05 20:37:30.663, 1815, 0
2026/10/05 20:37:31.176, 1810, 0
2026/10/05 20:37:31.690, 1813, 2
2026/10/05 20:37:32.203, 1809, 1
2026/10/05 20:37:32.716, 1814, 0
2026/10/05 20:37:33.229, 1814, 0
2026/10/05 20:37:33.743, 1810, 0
2026/10/05 20:37:34.256, 1732, 0
2026/10/05 20:37:34.768, 1748, 1
2026/10/05 20:37:35.282, 1748, 1
2026/10/05 20:37:35.794, 1748, 0
2026/10/05 20:37:36.307, 1754, 0
2026/10/05 20:37:36.821, 1744, 0
2026/10/05 20:37:37.334, 1738, 0
2026/10/05 20:37:37.846, 1738, 1
2026/10/05 20:37:38.359, 1743, 1
2026/10/05 20:37:38.872, 1743, 0
2026/10/05 20:37:39.384, 1743, 0
2026/10/05 20:37:39.898, 1743, 0
2026/10/05 20:37:40.411, 1721, 2
2026/10/05 20:37:40.923, 1737, 1
2026/10/05 20:37:41.435, 1737, 0
2026/10/05 20:37:41.951, 1737, 0
2026/10/05 20:37:42.465, 1758, 0
2026/10/05 20:37:42.977, 1759, 0
2026/10/05 20:37:43.491, 1753, 2
2026/10/05 20:37:44.005, 1753, 2
2026/10/05 20:37:44.518, 1748, 0
2026/10/05 20:37:45.032, 1748, 0
2026/10/05 20:37:45.543, 1748, 0
2026/10/05 20:37:46.057, 1748, 0
2026/10/05 20:37:46.571, 1732, 2
2026/10/05 20:37:47.085, 1748, 2
2026/10/05 20:37:47.597, 1738, 0
2026/10/05 20:37:48.109, 1738, 0
2026/10/05 20:37:48.622, 1725, 0
2026/10/05 20:37:49.135, 1738, 2
2026/10/05 20:37:49.648, 1738, 2
2026/10/05 20:37:50.161, 1753, 2
2026/10/05 20:37:50.675, 1759, 0
2026/10/05 20:37:51.188, 1755, 1
2026/10/05 20:37:51.701, 1755, 0
2026/10/05 20:37:52.214, 1749, 0
2026/10/05 20:37:52.727, 1733, 1
2026/10/05 20:37:53.241, 1748, 2
2026/10/05 20:37:53.755, 1748, 0
2026/10/05 20:37:54.269, 1736, 0
2026/10/05 20:37:54.781, 1734, 0
2026/10/05 20:37:55.295, 1738, 0
2026/10/05 20:37:55.810, 1738, 1
2026/10/05 20:37:56.324, 1748, 2
2026/10/05 20:37:56.839, 1748, 0
2026/10/05 20:37:57.354, 1760, 0
2026/10/05 20:37:57.868, 1967, 0
2026/10/05 20:37:58.381, 1957, 1
2026/10/05 20:37:58.893, 1941, 2
2026/10/05 20:37:59.407, 1956, 0
2026/10/05 20:37:59.922, 1956, 0
2026/10/05 20:38:00.434, 1962, 1
2026/10/05 20:38:00.948, 1950, 0
2026/10/05 20:38:01.463, 1963, 1
2026/10/05 20:38:01.975, 1963, 2
2026/10/05 20:38:02.489, 1962, 2
2026/10/05 20:38:03.004, 1962, 0
2026/10/05 20:38:03.518, 5738, 50
2026/10/05 20:38:04.032, 5740, 0
2026/10/05 20:38:04.547, 5783, 0
2026/10/05 20:38:05.061, 5920, 76
2026/10/05 20:38:05.575, 6122, 64
2026/10/05 20:38:06.088, 6122, 76
2026/10/05 20:38:06.600, 6061, 68
2026/10/05 20:38:07.113, 5931, 68
2026/10/05 20:38:07.626, 6122, 70
2026/10/05 20:38:08.140, 6120, 93
2026/10/05 20:38:08.640, 6063, 75
2026/10/05 20:38:09.141, 6127, 57
2026/10/05 20:38:09.655, 5924, 83
2026/10/05 20:38:10.168, 5988, 80
2026/10/05 20:38:10.680, 2021, 69
2026/10/05 20:38:11.193, 2023, 1
2026/10/05 20:38:11.708, 2040, 1
2026/10/05 20:38:12.220, 2045, 0
2026/10/05 20:38:12.733, 1993, 0
2026/10/05 20:38:13.247, 1991, 0
2026/10/05 20:38:13.760, 1976, 0
2026/10/05 20:38:14.272, 1976, 1
2026/10/05 20:38:14.785, 1975, 1
2026/10/05 20:38:15.297, 1982, 1
2026/10/05 20:38:15.811, 1989, 1
2026/10/05 20:38:16.325, 1989, 0
2026/10/05 20:38:16.838, 1975, 0
2026/10/05 20:38:17.350, 1980, 2
2026/10/05 20:38:17.864, 1974, 2
2026/10/05 20:38:18.379, 1974, 0
2026/10/05 20:38:18.891, 1961, 0
2026/10/05 20:38:19.403, 1974, 1
2026/10/05 20:38:19.915, 1974, 1
2026/10/05 20:38:20.428, 1972, 2
2026/10/05 20:38:20.941, 1972, 0
2026/10/05 20:38:21.454, 1974, 0
2026/10/05 20:38:21.968, 1974, 0
2026/10/05 20:38:22.482, 1974, 0
2026/10/05 20:38:22.995, 1963, 1
2026/10/05 20:38:23.510, 1966, 1
2026/10/05 20:38:24.022, 1966, 0
2026/10/05 20:38:24.536, 1966, 0
2026/10/05 20:38:25.050, 1966, 0
2026/10/05 20:38:25.564, 1966, 0
2026/10/05 20:38:26.079, 1965, 1
2026/10/05 20:38:26.594, 1965, 1
2026/10/05 20:38:27.108, 1986, 0
2026/10/05 20:38:27.622, 2196, 0
2026/10/05 20:38:28.137, 10625, 0
2026/10/05 20:38:28.648, 10625, 48
2026/10/05 20:38:29.163, 13421, 34
2026/10/05 20:38:29.677, 13442, 28
2026/10/05 20:38:30.191, 13442, 100
2026/10/05 20:38:30.704, 13448, 98
2026/10/05 20:38:31.218, 13387, 98
2026/10/05 20:38:31.733, 13385, 98
2026/10/05 20:38:32.245, 13384, 98
2026/10/05 20:38:32.760, 13380, 98
2026/10/05 20:38:33.274, 13393, 98
2026/10/05 20:38:33.787, 13393, 97
2026/10/05 20:38:34.302, 13393, 96
2026/10/05 20:38:34.815, 13385, 98
2026/10/05 20:38:35.325, 13376, 98
2026/10/05 20:38:35.838, 13381, 98
2026/10/05 20:38:36.351, 13381, 98
2026/10/05 20:38:36.865, 13381, 98
2026/10/05 20:38:37.378, 1978, 98
2026/10/05 20:38:37.890, 1978, 8
2026/10/05 20:38:38.402, 1975, 2
2026/10/05 20:38:38.915, 1975, 0
2026/10/05 20:38:39.429, 1973, 1
2026/10/05 20:38:39.943, 1970, 0
2026/10/05 20:38:40.455, 1970, 0
2026/10/05 20:38:40.969, 1980, 2
2026/10/05 20:38:41.483, 1975, 2
2026/10/05 20:38:41.997, 1981, 0
2026/10/05 20:38:42.509, 1981, 0
2026/10/05 20:38:43.022, 1976, 0
2026/10/05 20:38:43.535, 1976, 1
2026/10/05 20:38:44.049, 1975, 1
2026/10/05 20:38:44.561, 1975, 1
2026/10/05 20:38:45.075, 1975, 0
2026/10/05 20:38:45.589, 1980, 0
2026/10/05 20:38:46.104, 1974, 1
2026/10/05 20:38:46.616, 1974, 0
2026/10/05 20:38:47.129, 1966, 1
2026/10/05 20:38:47.644, 1962, 2
2026/10/05 20:38:48.159, 1967, 1
2026/10/05 20:38:48.673, 1967, 0
2026/10/05 20:38:49.187, 1980, 0
2026/10/05 20:38:49.700, 1980, 0
2026/10/05 20:38:50.212, 6353, 7
2026/10/05 20:38:50.725, 10616, 70
2026/10/05 20:38:51.239, 13364, 52
2026/10/05 20:38:51.752, 13397, 0
2026/10/05 20:38:52.266, 13388, 100
2026/10/05 20:38:52.778, 13388, 96
2026/10/05 20:38:53.291, 13382, 98
2026/10/05 20:38:53.802, 13378, 98
2026/10/05 20:38:54.317, 13381, 96
2026/10/05 20:38:54.832, 13381, 97
2026/10/05 20:38:55.345, 13380, 98
2026/10/05 20:38:55.858, 13380, 98
2026/10/05 20:38:56.370, 13372, 98
2026/10/05 20:38:56.882, 13372, 96
2026/10/05 20:38:57.396, 13372, 98
2026/10/05 20:38:57.909, 13378, 97
2026/10/05 20:38:58.423, 13378, 97
2026/10/05 20:38:58.937, 13377, 98
2026/10/05 20:38:59.450, 13371, 98
2026/10/05 20:38:59.965, 1963, 1
2026/10/05 20:39:00.478, 1977, 0
2026/10/05 20:39:00.992, 1987, 0
2026/10/05 20:39:01.506, 1990, 0
2026/10/05 20:39:02.019, 1995, 0
2026/10/05 20:39:02.531, 1985, 2
2026/10/05 20:39:03.044, 1984, 2
2026/10/05 20:39:03.557, 1980, 0
2026/10/05 20:39:04.071, 1986, 0
2026/10/05 20:39:04.585, 1987, 0
2026/10/05 20:39:05.098, 2045, 0
2026/10/05 20:39:05.611, 2039, 2
2026/10/05 20:39:06.125, 2031, 2
2026/10/05 20:39:06.638, 2031, 0
2026/10/05 20:39:07.153, 2031, 0
2026/10/05 20:39:07.666, 2031, 0
2026/10/05 20:39:08.180, 1970, 0
2026/10/05 20:39:08.693, 1970, 2
2026/10/05 20:39:09.208, 1970, 2
2026/10/05 20:39:09.721, 1970, 0
2026/10/05 20:39:10.234, 1976, 1
2026/10/05 20:39:10.748, 1976, 0
2026/10/05 20:39:11.261, 1968, 0
2026/10/05 20:39:11.774, 1967, 2
2026/10/05 20:39:12.287, 1969, 2
2026/10/05 20:39:12.801, 1969, 1
2026/10/05 20:39:13.312, 1969, 0
2026/10/05 20:39:13.824, 1969, 0
2026/10/05 20:39:14.338, 1968, 0
2026/10/05 20:39:14.852, 1967, 2
2026/10/05 20:39:15.366, 1967, 2
2026/10/05 20:39:15.879, 1967, 0
2026/10/05 20:39:16.392, 1988, 2
2026/10/05 20:39:16.904, 2195, 6
2026/10/05 20:39:17.418, 10614, 44
2026/10/05 20:39:17.931, 10610, 47
2026/10/05 20:39:18.445, 13381, 36
2026/10/05 20:39:18.960, 13391, 100
2026/10/05 20:39:19.472, 13383, 68
2026/10/05 20:39:19.984, 13383, 98
2026/10/05 20:39:20.497, 13383, 97
2026/10/05 20:39:21.009, 13372, 98
2026/10/05 20:39:21.522, 13384, 95
2026/10/05 20:39:22.035, 13391, 98
2026/10/05 20:39:22.547, 13390, 98
2026/10/05 20:39:23.058, 13390, 98
2026/10/05 20:39:23.571, 13380, 98
2026/10/05 20:39:24.084, 13379, 98
2026/10/05 20:39:24.598, 13380, 98
2026/10/05 20:39:25.111, 13380, 98
2026/10/05 20:39:25.625, 13380, 98
2026/10/05 20:39:26.138, 13379, 98
2026/10/05 20:39:26.651, 13433, 97
2026/10/05 20:39:27.164, 13433, 98
2026/10/05 20:39:27.676, 13430, 98
2026/10/05 20:39:28.189, 13435, 98
2026/10/05 20:39:28.702, 13436, 98
2026/10/05 20:39:29.215, 13436, 97
2026/10/05 20:39:29.728, 13428, 98
2026/10/05 20:39:30.241, 13425, 96
2026/10/05 20:39:30.755, 13429, 96
2026/10/05 20:39:31.267, 13429, 97
2026/10/05 20:39:31.781, 13429, 97
2026/10/05 20:39:32.294, 13367, 97
2026/10/05 20:39:32.807, 13368, 97
2026/10/05 20:39:33.320, 13367, 98
2026/10/05 20:39:33.835, 13367, 98
2026/10/05 20:39:34.348, 13373, 98
2026/10/05 20:39:34.861, 13370, 98
2026/10/05 20:39:35.374, 13430, 98
2026/10/05 20:39:35.886, 13429, 98
2026/10/05 20:39:36.401, 13434, 98
2026/10/05 20:39:36.913, 13430, 97
2026/10/05 20:39:37.428, 13430, 97
2026/10/05 20:39:37.940, 13430, 98
2026/10/05 20:39:38.452, 13418, 97
2026/10/05 20:39:38.965, 13428, 98
2026/10/05 20:39:39.479, 13428, 97
2026/10/05 20:39:39.992, 13428, 98
2026/10/05 20:39:40.505, 13376, 97
2026/10/05 20:39:41.017, 13367, 98
2026/10/05 20:39:41.530, 13368, 98
2026/10/05 20:39:42.045, 13367, 98
2026/10/05 20:39:42.559, 13373, 98
2026/10/05 20:39:43.072, 13374, 97
2026/10/05 20:39:43.584, 13374, 98
2026/10/05 20:39:44.098, 13374, 98
2026/10/05 20:39:44.611, 13353, 97
2026/10/05 20:39:45.124, 13367, 97
2026/10/05 20:39:45.636, 13367, 98
2026/10/05 20:39:46.148, 13367, 97
2026/10/05 20:39:46.661, 13355, 98
2026/10/05 20:39:47.175, 13367, 98
2026/10/05 20:39:47.688, 13430, 98
2026/10/05 20:39:48.201, 13428, 98
2026/10/05 20:39:48.713, 13434, 98
2026/10/05 20:39:49.226, 13435, 98
2026/10/05 20:39:49.739, 13435, 97
2026/10/05 20:39:50.253, 13435, 98
2026/10/05 20:39:50.765, 13413, 98
2026/10/05 20:39:51.278, 13429, 98
2026/10/05 20:39:51.791, 13429, 96
2026/10/05 20:39:52.304, 13429, 97
2026/10/05 20:39:52.817, 13372, 97
2026/10/05 20:39:53.329, 13380, 87
2026/10/05 20:39:53.843, 13367, 99
2026/10/05 20:39:54.356, 13367, 97
2026/10/05 20:39:54.871, 13373, 98
2026/10/05 20:39:55.383, 13372, 98
2026/10/05 20:39:55.896, 13372, 98
2026/10/05 20:39:56.408, 13372, 98
2026/10/05 20:39:56.920, 13365, 98
2026/10/05 20:39:57.433, 13368, 97
2026/10/05 20:39:57.945, 13368, 98
2026/10/05 20:39:58.458, 13367, 98
2026/10/05 20:39:58.970, 13358, 98
2026/10/05 20:39:59.484, 13366, 98
2026/10/05 20:39:59.997, 13367, 97
2026/10/05 20:40:00.509, 13366, 97
2026/10/05 20:40:01.020, 13372, 97
2026/10/05 20:40:01.533, 13369, 97
2026/10/05 20:40:02.046, 13369, 98
2026/10/05 20:40:02.559, 13369, 98
2026/10/05 20:40:03.070, 13368, 97
2026/10/05 20:40:03.583, 13368, 97
2026/10/05 20:40:04.097, 13368, 98
2026/10/05 20:40:04.611, 13368, 96
2026/10/05 20:40:05.126, 13366, 98
2026/10/05 20:40:05.638, 13366, 98
2026/10/05 20:40:06.151, 13426, 98
2026/10/05 20:40:06.664, 13427, 98
2026/10/05 20:40:07.179, 13416, 98
2026/10/05 20:40:07.691, 13416, 98
2026/10/05 20:40:08.204, 13416, 98
2026/10/05 20:40:08.718, 13427, 97
2026/10/05 20:40:09.232, 13426, 98
2026/10/05 20:40:09.744, 13426, 97
2026/10/05 20:40:10.257, 13426, 98
2026/10/05 20:40:10.769, 13426, 97
2026/10/05 20:40:11.282, 13364, 98
2026/10/05 20:40:11.796, 13364, 98
2026/10/05 20:40:12.310, 13364, 97
2026/10/05 20:40:12.825, 13364, 98
2026/10/05 20:40:13.337, 13370, 98
2026/10/05 20:40:13.849, 13370, 98
2026/10/05 20:40:14.363, 13370, 98
2026/10/05 20:40:14.875, 13427, 98
2026/10/05 20:40:15.388, 13426, 98
2026/10/05 20:40:15.901, 13426, 98
2026/10/05 20:40:16.413, 13426, 98
2026/10/05 20:40:16.926, 13426, 98
2026/10/05 20:40:17.439, 13365, 98
2026/10/05 20:40:17.952, 13425, 98
2026/10/05 20:40:18.465, 13425, 98
2026/10/05 20:40:18.977, 13425, 98
2026/10/05 20:40:19.490, 13419, 98
2026/10/05 20:40:20.002, 13419, 98
2026/10/05 20:40:20.515, 13419, 98
2026/10/05 20:40:21.028, 13365, 98
2026/10/05 20:40:21.540, 13365, 98
2026/10/05 20:40:22.054, 13365, 98
2026/10/05 20:40:22.567, 13365, 98
2026/10/05 20:40:23.080, 13348, 98
2026/10/05 20:40:23.592, 13365, 98
2026/10/05 20:40:24.105, 13426, 97
2026/10/05 20:40:24.619, 13425, 97
2026/10/05 20:40:25.131, 13425, 97
2026/10/05 20:40:25.643, 13419, 97
2026/10/05 20:40:26.155, 13419, 98
2026/10/05 20:40:26.669, 13419, 97
2026/10/05 20:40:27.181, 13423, 97
2026/10/05 20:40:27.695, 13426, 98
2026/10/05 20:40:28.208, 13426, 73
2026/10/05 20:40:28.722, 13426, 100
2026/10/05 20:40:29.235, 13365, 98
2026/10/05 20:40:29.747, 13377, 98
2026/10/05 20:40:30.259, 13365, 98
2026/10/05 20:40:30.772, 13365, 98
2026/10/05 20:40:31.286, 13371, 97
2026/10/05 20:40:31.799, 13371, 97
2026/10/05 20:40:32.311, 13371, 97
2026/10/05 20:40:32.823, 13371, 97
2026/10/05 20:40:33.337, 13361, 98
2026/10/05 20:40:33.850, 13365, 97
2026/10/05 20:40:34.364, 13365, 98
2026/10/05 20:40:34.876, 13365, 97
2026/10/05 20:40:35.388, 13354, 98
2026/10/05 20:40:35.900, 13365, 98
2026/10/05 20:40:36.413, 13425, 98
2026/10/05 20:40:36.927, 13425, 97
2026/10/05 20:40:37.440, 13431, 98
2026/10/05 20:40:37.953, 13417, 98
2026/10/05 20:40:38.465, 13417, 97
2026/10/05 20:40:38.978, 13417, 98
2026/10/05 20:40:39.493, 13422, 98
2026/10/05 20:40:40.005, 13426, 98
2026/10/05 20:40:40.516, 13426, 98
2026/10/05 20:40:41.029, 13426, 98
2026/10/05 20:40:41.544, 13368, 97
2026/10/05 20:40:42.057, 13364, 97
2026/10/05 20:40:42.568, 13363, 97
2026/10/05 20:40:43.080, 13363, 97
2026/10/05 20:40:43.593, 13369, 98
2026/10/05 20:40:44.105, 13369, 98
2026/10/05 20:40:44.618, 13369, 98
2026/10/05 20:40:45.132, 13364, 98
2026/10/05 20:40:45.644, 13424, 98
2026/10/05 20:40:46.158, 13427, 98
2026/10/05 20:40:46.670, 13427, 98
2026/10/05 20:40:47.185, 13427, 98
2026/10/05 20:40:47.696, 13370, 98
2026/10/05 20:40:48.209, 13366, 97
2026/10/05 20:40:48.722, 13366, 97
2026/10/05 20:40:49.235, 13366, 98
2026/10/05 20:40:49.748, 13372, 97
2026/10/05 20:40:50.260, 13372, 97
2026/10/05 20:40:50.772, 13372, 98
2026/10/05 20:40:51.282, 13365, 97
2026/10/05 20:40:51.795, 13361, 98
2026/10/05 20:40:52.308, 13365, 97
2026/10/05 20:40:52.820, 13365, 98
2026/10/05 20:40:53.332, 13365, 98
2026/10/05 20:40:53.845, 13356, 98
2026/10/05 20:40:54.358, 13365, 98
2026/10/05 20:40:54.870, 13364, 98
2026/10/05 20:40:55.382, 13364, 98
2026/10/05 20:40:55.895, 13370, 98
2026/10/05 20:40:56.408, 13370, 98
2026/10/05 20:40:56.921, 13370, 98
2026/10/05 20:40:57.435, 13365, 98
2026/10/05 20:40:57.947, 13365, 98
2026/10/05 20:40:58.460, 13365, 96
2026/10/05 20:40:58.972, 13365, 98
2026/10/05 20:40:59.487, 13365, 98
2026/10/05 20:40:59.999, 13365, 98
2026/10/05 20:41:00.513, 13365, 98
2026/10/05 20:41:01.025, 13364, 98
2026/10/05 20:41:01.538, 13365, 98
2026/10/05 20:41:02.051, 13366, 98
2026/10/05 20:41:02.564, 13366, 98
2026/10/05 20:41:03.078, 13366, 97
2026/10/05 20:41:03.590, 13424, 97
2026/10/05 20:41:04.102, 2032, 98
2026/10/05 20:41:04.615, 2239, 0
2026/10/05 20:41:05.128, 2032, 0
2026/10/05 20:41:05.643, 2038, 0
2026/10/05 20:41:06.156, 1977, 0
2026/10/05 20:41:06.670, 2037, 2
2026/10/05 20:41:07.183, 2039, 2
2026/10/05 20:41:07.696, 2039, 1
2026/10/05 20:41:08.209, 2026, 1
2026/10/05 20:41:08.723, 2022, 0
2026/10/05 20:41:09.236, 2022, 0
2026/10/05 20:41:09.748, 1974, 1
2026/10/05 20:41:10.261, 1973, 2
2026/10/05 20:41:10.774, 1971, 1
2026/10/05 20:41:11.287, 1970, 0
2026/10/05 20:41:11.800, 1970, 0
2026/10/05 20:41:12.314, 1962, 1
2026/10/05 20:41:12.828, 2023, 0
2026/10/05 20:41:13.341, 2023, 2
2026/10/05 20:41:13.854, 2023, 1
2026/10/05 20:41:14.367, 2010, 0
2026/10/05 20:41:14.881, 2010, 1
2026/10/05 20:41:15.393, 2010, 0
2026/10/05 20:41:15.907, 1961, 0
2026/10/05 20:41:16.419, 1962, 1
2026/10/05 20:41:16.933, 1962, 0
2026/10/05 20:41:17.446, 1962, 0
2026/10/05 20:41:17.958, 1962, 0
2026/10/05 20:41:18.471, 1962, 1
2026/10/05 20:41:18.984, 1962, 2
2026/10/05 20:41:19.496, 1961, 1
2026/10/05 20:41:20.011, 1962, 0
2026/10/05 20:41:20.526, 1962, 0
2026/10/05 20:41:21.041, 1962, 0
2026/10/05 20:41:21.554, 1962, 0
2026/10/05 20:41:22.069, 1953, 1
2026/10/05 20:41:22.583, 1978, 1
2026/10/05 20:41:23.097, 1978, 0
2026/10/05 20:41:23.610, 1978, 0
2026/10/05 20:41:24.125, 1972, 0
2026/10/05 20:41:24.639, 2035, 1
2026/10/05 20:41:25.155, 2034, 2
2026/10/05 20:41:25.668, 2034, 1
2026/10/05 20:41:26.181, 2039, 0
2026/10/05 20:41:26.695, 2028, 1
2026/10/05 20:41:27.209, 2017, 0
2026/10/05 20:41:27.723, 1962, 0
2026/10/05 20:41:28.223, 1955, 2
2026/10/05 20:41:28.736, 1964, 2
2026/10/05 20:41:29.250, 1964, 0
2026/10/05 20:41:29.765, 1964, 0
2026/10/05 20:41:30.278, 1962, 0
2026/10/05 20:41:30.792, 1962, 1
2026/10/05 20:41:31.307, 1961, 2
2026/10/05 20:41:31.821, 1961, 1
2026/10/05 20:41:32.334, 1961, 0
2026/10/05 20:41:32.849, 1968, 1
2026/10/05 20:41:33.363, 1968, 0
2026/10/05 20:41:33.876, 1961, 0
2026/10/05 20:41:34.390, 1954, 2
2026/10/05 20:41:34.902, 1962, 2
2026/10/05 20:41:35.417, 1962, 0
2026/10/05 20:41:35.932, 1962, 0
2026/10/05 20:41:36.447, 1969, 0
2026/10/05 20:41:36.960, 1962, 2
2026/10/05 20:41:37.473, 1961, 1
2026/10/05 20:41:37.987, 1961, 0
2026/10/05 20:41:38.501, 1968, 0
2026/10/05 20:41:39.015, 1962, 0
2026/10/05 20:41:39.527, 1962, 0
2026/10/05 20:41:40.042, 1962, 2
2026/10/05 20:41:40.555, 1958, 1
2026/10/05 20:41:41.069, 1962, 0
2026/10/05 20:41:41.583, 1962, 0
2026/10/05 20:41:42.097, 1962, 0
2026/10/05 20:41:42.611, 1961, 0
2026/10/05 20:41:43.125, 1961, 2
2026/10/05 20:41:43.638, 1960, 1
2026/10/05 20:41:44.152, 1960, 0
2026/10/05 20:41:44.667, 1961, 0
2026/10/05 20:41:45.181, 1961, 0
2026/10/05 20:41:45.697, 1961, 0
2026/10/05 20:41:46.212, 1961, 2
2026/10/05 20:41:46.725, 1953, 2
2026/10/05 20:41:47.239, 1961, 0
2026/10/05 20:41:47.753, 1961, 0
2026/10/05 20:41:48.267, 1961, 0
2026/10/05 20:41:48.780, 1961, 0
2026/10/05 20:41:49.293, 1961, 2
2026/10/05 20:41:49.806, 1961, 2
2026/10/05 20:41:50.320, 1966, 0
2026/10/05 20:41:50.834, 1967, 0
2026/10/05 20:41:51.348, 1967, 1
2026/10/05 20:41:51.862, 2025, 0
2026/10/05 20:41:52.376, 2014, 2
2026/10/05 20:41:52.888, 2024, 1
2026/10/05 20:41:53.400, 2024, 1
2026/10/05 20:41:53.913, 2024, 0
2026/10/05 20:41:54.426, 1975, 1
2026/10/05 20:41:54.941, 2024, 2
2026/10/05 20:41:55.454, 2022, 2
2026/10/05 20:41:55.967, 2022, 0
2026/10/05 20:41:56.480, 2022, 1
2026/10/05 20:41:56.994, 2023, 1
2026/10/05 20:41:57.506, 2023, 0
2026/10/05 20:41:58.019, 1961, 1
2026/10/05 20:41:58.532, 1953, 2
2026/10/05 20:41:59.043, 1962, 0
2026/10/05 20:41:59.556, 1962, 0
2026/10/05 20:42:00.070, 1962, 0
2026/10/05 20:42:00.583, 1962, 1
2026/10/05 20:42:01.097, 1963, 2
2026/10/05 20:42:01.609, 1961, 3
2026/10/05 20:42:02.122, 1961, 0
2026/10/05 20:42:02.635, 1967, 1
2026/10/05 20:42:03.149, 1969, 0
2026/10/05 20:42:03.661, 1969, 0
2026/10/05 20:42:04.174, 2024, 2
2026/10/05 20:42:04.687, 2015, 1
2026/10/05 20:42:05.202, 2025, 1
2026/10/05 20:42:05.715, 2025, 0
2026/10/05 20:42:06.228, 2025, 0
2026/10/05 20:42:06.742, 1974, 0
2026/10/05 20:42:07.257, 2023, 1
2026/10/05 20:42:07.769, 2022, 2
2026/10/05 20:42:08.283, 2022, 1
2026/10/05 20:42:08.797, 2027, 0
2026/10/05 20:42:09.310, 2026, 0
2026/10/05 20:42:09.824, 2026, 0
2026/10/05 20:42:10.337, 1962, 0
2026/10/05 20:42:10.850, 1953, 1
2026/10/05 20:42:11.365, 1963, 1
2026/10/05 20:42:11.878, 1963, 0
2026/10/05 20:42:12.392, 1963, 0
2026/10/05 20:42:12.905, 1961, 0
2026/10/05 20:42:13.418, 1962, 0
2026/10/05 20:42:13.933, 1960, 1
2026/10/05 20:42:14.446, 1960, 0
2026/10/05 20:42:14.959, 1966, 0
2026/10/05 20:42:15.472, 1968, 0
2026/10/05 20:42:15.985, 1968, 0
2026/10/05 20:42:16.498, 1962, 2
2026/10/05 20:42:17.011, 1954, 1
2026/10/05 20:42:17.523, 1963, 1
2026/10/05 20:42:18.036, 1963, 0
2026/10/05 20:42:18.548, 1963, 0
2026/10/05 20:42:19.062, 1961, 0
2026/10/05 20:42:19.574, 1962, 2
2026/10/05 20:42:20.088, 1961, 2
2026/10/05 20:42:20.601, 1961, 0
2026/10/05 20:42:21.115, 1961, 0
2026/10/05 20:42:21.628, 1962, 1
2026/10/05 20:42:22.142, 1976, 0
2026/10/05 20:42:22.654, 1975, 2
2026/10/05 20:42:23.166, 1967, 1
2026/10/05 20:42:23.681, 1976, 0
2026/10/05 20:42:24.193, 1972, 0
2026/10/05 20:42:24.705, 1972, 0
2026/10/05 20:42:25.218, 1946, 0
2026/10/05 20:42:25.730, 1971, 2
2026/10/05 20:42:26.244, 1971, 2
2026/10/05 20:42:26.757, 1971, 0
2026/10/05 20:42:27.271, 1961, 0
2026/10/05 20:42:27.784, 1977, 0
2026/10/05 20:42:28.297, 1975, 0
2026/10/05 20:42:28.813, 1968, 2
2026/10/05 20:42:29.326, 1968, 2
2026/10/05 20:42:29.840, 1973, 0
2026/10/05 20:42:30.353, 1973, 0
2026/10/05 20:42:30.868, 1973, 0
2026/10/05 20:42:31.381, 1939, 0
2026/10/05 20:42:31.895, 1971, 2
2026/10/05 20:42:32.396, 1971, 2
2026/10/05 20:42:32.910, 1966, 0
2026/10/05 20:42:33.424, 1966, 0
2026/10/05 20:42:33.937, 1965, 0
2026/10/05 20:42:34.451, 1962, 2
2026/10/05 20:42:34.965, 1954, 2
2026/10/05 20:42:35.480, 1954, 0
2026/10/05 20:42:35.993, 1962, 0
2026/10/05 20:42:36.508, 1962, 0
2026/10/05 20:42:37.022, 1964, 0
2026/10/05 20:42:37.535, 1958, 2
2026/10/05 20:42:38.048, 1961, 2
2026/10/05 20:42:38.562, 1961, 0
2026/10/05 20:42:39.077, 1963, 1
2026/10/05 20:42:39.591, 1963, 0
2026/10/05 20:42:40.106, 1963, 0
2026/10/05 20:42:40.619, 2023, 2
2026/10/05 20:42:41.133, 2019, 2
2026/10/05 20:42:41.647, 2019, 0
2026/10/05 20:42:42.160, 2023, 0
2026/10/05 20:42:42.674, 2023, 0
2026/10/05 20:42:43.188, 2023, 1
2026/10/05 20:42:43.701, 2019, 2
2026/10/05 20:42:44.216, 2022, 2
2026/10/05 20:42:44.731, 2022, 0
2026/10/05 20:42:45.245, 2024, 1
2026/10/05 20:42:45.758, 2024, 0
2026/10/05 20:42:46.272, 2010, 1
2026/10/05 20:42:46.785, 1961, 1
2026/10/05 20:42:47.300, 1958, 2
2026/10/05 20:42:47.814, 1958, 0
2026/10/05 20:42:48.328, 1961, 1
2026/10/05 20:42:48.841, 1961, 0
2026/10/05 20:42:49.354, 1962, 0
2026/10/05 20:42:49.867, 1959, 1
2026/10/05 20:42:50.380, 1961, 2
2026/10/05 20:42:50.896, 1961, 0
2026/10/05 20:42:51.409, 1963, 0
2026/10/05 20:42:51.924, 1963, 0
2026/10/05 20:42:52.438, 1962, 1
2026/10/05 20:42:52.953, 1961, 2
2026/10/05 20:42:53.468, 1961, 0
2026/10/05 20:42:53.981, 1961, 0
2026/10/05 20:42:54.494, 1963, 0
2026/10/05 20:42:55.007, 1963, 0
2026/10/05 20:42:55.521, 1961, 0
2026/10/05 20:42:56.035, 1961, 2
2026/10/05 20:42:56.550, 1962, 1
2026/10/05 20:42:57.063, 1963, 0
2026/10/05 20:42:57.576, 1963, 0
2026/10/05 20:42:58.090, 1970, 0
2026/10/05 20:42:58.603, 2024, 0
2026/10/05 20:42:59.116, 2022, 2
2026/10/05 20:42:59.631, 2022, 1
2026/10/05 20:43:00.144, 2018, 0
2026/10/05 20:43:00.658, 2013, 0
2026/10/05 20:43:01.171, 2012, 0
2026/10/05 20:43:01.685, 2024, 0
2026/10/05 20:43:02.199, 2024, 2
2026/10/05 20:43:02.712, 2024, 2
2026/10/05 20:43:03.224, 2025, 0
2026/10/05 20:43:03.738, 2025, 0
2026/10/05 20:43:04.250, 1970, 0
2026/10/05 20:43:04.762, 2022, 0
2026/10/05 20:43:05.274, 2022, 2
2026/10/05 20:43:05.788, 2022, 2
2026/10/05 20:43:06.301, 2009, 0
2026/10/05 20:43:06.814, 2009, 0
2026/10/05 20:43:07.328, 1963, 0
2026/10/05 20:43:07.840, 1961, 0
2026/10/05 20:43:08.355, 1962, 2
2026/10/05 20:43:08.868, 1962, 2
2026/10/05 20:43:09.381, 1962, 0
2026/10/05 20:43:09.897, 1962, 0
2026/10/05 20:43:10.411, 1969, 0
2026/10/05 20:43:10.926, 1961, 0
2026/10/05 20:43:11.439, 1961, 2
2026/10/05 20:43:11.953, 1961, 0
2026/10/05 20:43:12.467, 1961, 1
2026/10/05 20:43:12.980, 1961, 0
2026/10/05 20:43:13.495, 1962, 0
2026/10/05 20:43:14.011, 1960, 2
2026/10/05 20:43:14.523, 1961, 2
2026/10/05 20:43:15.035, 1961, 0
2026/10/05 20:43:15.550, 1963, 0
2026/10/05 20:43:16.063, 1963, 0
2026/10/05 20:43:16.577, 1963, 1
2026/10/05 20:43:17.091, 1961, 2
2026/10/05 20:43:17.603, 1961, 2
2026/10/05 20:43:18.117, 1961, 0
2026/10/05 20:43:18.630, 1963, 0
2026/10/05 20:43:19.143, 1963, 0
2026/10/05 20:43:19.656, 1962, 0
2026/10/05 20:43:20.169, 1961, 2
2026/10/05 20:43:20.683, 1961, 2
2026/10/05 20:43:21.196, 1961, 0
2026/10/05 20:43:21.709, 1962, 1
2026/10/05 20:43:22.222, 1962, 0
2026/10/05 20:43:22.736, 1961, 1
2026/10/05 20:43:23.250, 1960, 2
2026/10/05 20:43:23.763, 1960, 2
2026/10/05 20:43:24.277, 1960, 0
2026/10/05 20:43:24.789, 1961, 1
2026/10/05 20:43:25.301, 1961, 0
2026/10/05 20:43:25.814, 1961, 1
2026/10/05 20:43:26.328, 1952, 2
2026/10/05 20:43:26.842, 1961, 2
2026/10/05 20:43:27.354, 1961, 0
2026/10/05 20:43:27.866, 1977, 1
2026/10/05 20:43:28.380, 1977, 0
2026/10/05 20:43:28.894, 2038, 1
2026/10/05 20:43:29.407, 2036, 1
2026/10/05 20:43:29.920, 2032, 2
2026/10/05 20:43:30.433, 2035, 0
2026/10/05 20:43:30.946, 2026, 0
2026/10/05 20:43:31.461, 2019, 0
2026/10/05 20:43:31.975, 1972, 1
2026/10/05 20:43:32.489, 1971, 2
2026/10/05 20:43:33.003, 1961, 0
2026/10/05 20:43:33.517, 1961, 0
2026/10/05 20:43:34.031, 1961, 0
2026/10/05 20:43:34.544, 1961, 0
2026/10/05 20:43:35.058, 1976, 1
2026/10/05 20:43:35.571, 1976, 6
2026/10/05 20:43:36.085, 5645, 0
2026/10/05 20:43:36.598, 10615, 44
2026/10/05 20:43:37.110, 13351, 46
2026/10/05 20:43:37.624, 13386, 2
2026/10/05 20:43:38.139, 13382, 100
2026/10/05 20:43:38.651, 13382, 98
2026/10/05 20:43:39.163, 13377, 98
2026/10/05 20:43:39.677, 13378, 84
2026/10/05 20:43:40.191, 13376, 98
2026/10/05 20:43:40.704, 13383, 98
2026/10/05 20:43:41.217, 13375, 98
2026/10/05 20:43:41.729, 13375, 98
2026/10/05 20:43:42.241, 13374, 97
2026/10/05 20:43:42.756, 13374, 98
2026/10/05 20:43:43.269, 13366, 97
2026/10/05 20:43:43.783, 13367, 98
2026/10/05 20:43:44.296, 13426, 98
2026/10/05 20:43:44.809, 13427, 98
2026/10/05 20:43:45.324, 13427, 98
2026/10/05 20:43:45.838, 13428, 98
2026/10/05 20:43:46.352, 13428, 98
2026/10/05 20:43:46.867, 13373, 98
2026/10/05 20:43:47.379, 13366, 98
2026/10/05 20:43:47.892, 13365, 98
2026/10/05 20:43:48.405, 13365, 97
2026/10/05 20:43:48.919, 13369, 97
2026/10/05 20:43:49.432, 13366, 98
2026/10/05 20:43:49.946, 13367, 98
2026/10/05 20:43:50.458, 13360, 98
2026/10/05 20:43:50.972, 13366, 98
2026/10/05 20:43:51.486, 13366, 97
2026/10/05 20:43:51.999, 13367, 98
2026/10/05 20:43:52.511, 13367, 98
2026/10/05 20:43:53.024, 13375, 98
2026/10/05 20:43:53.537, 13427, 98
2026/10/05 20:43:54.050, 13427, 97
2026/10/05 20:43:54.563, 13427, 97
2026/10/05 20:43:55.076, 13419, 98
2026/10/05 20:43:55.588, 13414, 97
2026/10/05 20:43:56.101, 13430, 98
2026/10/05 20:43:56.614, 13426, 98
2026/10/05 20:43:57.126, 13434, 98
2026/10/05 20:43:57.640, 13434, 98
2026/10/05 20:43:58.155, 13434, 98
2026/10/05 20:43:58.667, 13434, 98
2026/10/05 20:43:59.180, 13377, 98
2026/10/05 20:43:59.695, 13367, 98
2026/10/05 20:44:00.208, 13367, 97
2026/10/05 20:44:00.721, 13367, 98
2026/10/05 20:44:01.233, 13369, 97
2026/10/05 20:44:01.749, 13369, 98
2026/10/05 20:44:02.261, 13430, 97
2026/10/05 20:44:02.774, 13421, 98
2026/10/05 20:44:03.287, 13428, 97
2026/10/05 20:44:03.799, 13430, 98
2026/10/05 20:44:04.311, 13449, 98
2026/10/05 20:44:04.824, 13449, 98
2026/10/05 20:44:05.338, 13448, 98
2026/10/05 20:44:05.850, 13447, 98
2026/10/05 20:44:06.362, 13455, 96
2026/10/05 20:44:06.876, 13455, 97
2026/10/05 20:44:07.389, 13441, 98
2026/10/05 20:44:07.901, 13443, 97
2026/10/05 20:44:08.414, 13393, 97
2026/10/05 20:44:08.927, 13384, 98
2026/10/05 20:44:09.440, 13383, 98
2026/10/05 20:44:09.952, 13384, 98
2026/10/05 20:44:10.464, 13384, 98
2026/10/05 20:44:10.976, 13384, 98
2026/10/05 20:44:11.490, 13374, 98
2026/10/05 20:44:12.003, 13372, 100
2026/10/05 20:44:12.515, 13372, 96
2026/10/05 20:44:13.030, 13372, 97
2026/10/05 20:44:13.542, 13386, 98
2026/10/05 20:44:14.055, 13386, 98
2026/10/05 20:44:14.568, 13390, 98
2026/10/05 20:44:15.081, 13388, 98
2026/10/05 20:44:15.595, 13393, 98
2026/10/05 20:44:16.108, 13394, 98
2026/10/05 20:44:16.621, 13396, 98
2026/10/05 20:44:17.134, 13405, 97
2026/10/05 20:44:17.646, 13395, 97
2026/10/05 20:44:18.159, 13393, 97
2026/10/05 20:44:18.672, 13393, 98
2026/10/05 20:44:19.186, 13396, 96
2026/10/05 20:44:19.699, 13381, 98
2026/10/05 20:44:20.213, 13382, 98
2026/10/05 20:44:20.727, 13373, 97
2026/10/05 20:44:21.238, 13444, 98
2026/10/05 20:44:21.752, 13444, 98
2026/10/05 20:44:22.266, 13445, 98
2026/10/05 20:44:22.777, 13446, 97
2026/10/05 20:44:23.290, 13451, 98
2026/10/05 20:44:23.803, 13382, 97
2026/10/05 20:44:24.315, 13381, 98
2026/10/05 20:44:24.829, 13381, 98
2026/10/05 20:44:25.341, 13382, 97
2026/10/05 20:44:25.854, 13382, 98
2026/10/05 20:44:26.366, 13383, 98
2026/10/05 20:44:26.879, 13371, 97
2026/10/05 20:44:27.392, 13382, 97
2026/10/05 20:44:27.904, 13382, 97
2026/10/05 20:44:28.417, 13383, 98
2026/10/05 20:44:28.930, 13383, 98
2026/10/05 20:44:29.444, 13385, 98
2026/10/05 20:44:29.956, 13381, 97
2026/10/05 20:44:30.471, 13382, 97
2026/10/05 20:44:30.984, 13381, 98
2026/10/05 20:44:31.498, 13383, 98
2026/10/05 20:44:32.010, 13383, 98
2026/10/05 20:44:32.522, 13445, 97
2026/10/05 20:44:33.034, 13439, 97
2026/10/05 20:44:33.546, 13440, 98
2026/10/05 20:44:34.058, 13441, 98
2026/10/05 20:44:34.570, 13428, 97
2026/10/05 20:44:35.081, 13428, 97
2026/10/05 20:44:35.594, 13380, 98
2026/10/05 20:44:36.107, 13378, 98
2026/10/05 20:44:36.620, 13378, 98
2026/10/05 20:44:37.134, 13378, 98
2026/10/05 20:44:37.648, 13378, 98
2026/10/05 20:44:38.161, 13377, 98
2026/10/05 20:44:38.675, 13377, 98
2026/10/05 20:44:39.187, 13373, 98
2026/10/05 20:44:39.699, 13377, 97
2026/10/05 20:44:40.212, 13377, 98
2026/10/05 20:44:40.726, 13377, 98
2026/10/05 20:44:41.238, 13377, 96
2026/10/05 20:44:41.749, 13438, 98
2026/10/05 20:44:42.261, 13438, 97
2026/10/05 20:44:42.774, 13439, 97
2026/10/05 20:44:43.286, 13439, 97
2026/10/05 20:44:43.799, 13442, 98
2026/10/05 20:44:44.313, 13381, 98
2026/10/05 20:44:44.826, 13375, 97
2026/10/05 20:44:45.339, 13375, 98
2026/10/05 20:44:45.851, 13379, 97
2026/10/05 20:44:46.366, 13379, 98
2026/10/05 20:44:46.878, 13379, 98
2026/10/05 20:44:47.391, 13379, 100
2026/10/05 20:44:47.903, 13378, 96
2026/10/05 20:44:48.415, 13377, 98
2026/10/05 20:44:48.928, 13377, 97
2026/10/05 20:44:49.440, 13377, 98
2026/10/05 20:44:49.953, 13378, 98
2026/10/05 20:44:50.466, 13379, 98
2026/10/05 20:44:50.978, 13435, 98
2026/10/05 20:44:51.493, 13436, 98
2026/10/05 20:44:52.005, 13439, 98
2026/10/05 20:44:52.518, 13427, 97
2026/10/05 20:44:53.032, 13427, 98
2026/10/05 20:44:53.544, 13427, 98
2026/10/05 20:44:54.056, 13377, 98
2026/10/05 20:44:54.569, 13377, 97
2026/10/05 20:44:55.081, 13377, 98
2026/10/05 20:44:55.594, 13377, 98
2026/10/05 20:44:56.107, 13378, 98
2026/10/05 20:44:56.619, 13378, 98
2026/10/05 20:44:57.133, 13435, 97
2026/10/05 20:44:57.646, 13444, 98
2026/10/05 20:44:58.159, 13459, 98
2026/10/05 20:44:58.671, 13461, 97
2026/10/05 20:44:59.184, 13461, 89
2026/10/05 20:44:59.697, 13463, 98
2026/10/05 20:45:00.211, 13401, 98
2026/10/05 20:45:00.723, 13402, 98
2026/10/05 20:45:01.235, 13395, 98
2026/10/05 20:45:01.749, 13396, 97
2026/10/05 20:45:02.263, 13397, 98
2026/10/05 20:45:02.776, 13461, 97
2026/10/05 20:45:03.289, 13454, 98
2026/10/05 20:45:03.802, 13448, 97
2026/10/05 20:45:04.315, 13449, 98
2026/10/05 20:45:04.829, 13446, 98
2026/10/05 20:45:05.340, 13447, 98
2026/10/05 20:45:05.853, 13449, 97
2026/10/05 20:45:06.365, 13445, 98
2026/10/05 20:45:06.877, 13445, 97
2026/10/05 20:45:07.390, 13444, 97
2026/10/05 20:45:07.904, 13447, 97
2026/10/05 20:45:08.417, 13443, 98
2026/10/05 20:45:08.928, 13380, 97
2026/10/05 20:45:09.440, 13375, 98
2026/10/05 20:45:09.952, 13380, 98
2026/10/05 20:45:10.465, 13392, 98
2026/10/05 20:45:10.976, 13393, 98
2026/10/05 20:45:11.488, 13398, 97
2026/10/05 20:45:11.999, 13458, 98
2026/10/05 20:45:12.511, 13458, 98
2026/10/05 20:45:13.023, 13458, 98
2026/10/05 20:45:13.536, 13455, 97
2026/10/05 20:45:14.049, 13392, 97
2026/10/05 20:45:14.561, 13390, 98
2026/10/05 20:45:15.074, 13390, 98
2026/10/05 20:45:15.588, 13386, 98
2026/10/05 20:45:16.100, 13389, 98
2026/10/05 20:45:16.613, 13375, 98
2026/10/05 20:45:17.126, 13370, 98
2026/10/05 20:45:17.639, 13367, 98
2026/10/05 20:45:18.151, 13366, 98
2026/10/05 20:45:18.663, 13366, 98
2026/10/05 20:45:19.176, 13367, 98
2026/10/05 20:45:19.688, 13367, 98
2026/10/05 20:45:20.201, 13363, 98
2026/10/05 20:45:20.713, 13367, 98
2026/10/05 20:45:21.224, 13428, 98
2026/10/05 20:45:21.737, 13428, 98
2026/10/05 20:45:22.250, 13420, 98
2026/10/05 20:45:22.762, 13416, 98
2026/10/05 20:45:23.276, 2022, 27
2026/10/05 20:45:23.789, 2013, 8
2026/10/05 20:45:24.302, 2046, 0
2026/10/05 20:45:24.815, 2048, 2
2026/10/05 20:45:25.329, 2048, 1
2026/10/05 20:45:25.843, 2048, 0
2026/10/05 20:45:26.355, 1987, 0
2026/10/05 20:45:26.868, 1978, 0
2026/10/05 20:45:27.380, 2038, 0
2026/10/05 20:45:27.895, 2038, 2
2026/10/05 20:45:28.408, 2053, 1
2026/10/05 20:45:28.921, 2040, 1
2026/10/05 20:45:29.435, 2034, 0
2026/10/05 20:45:29.949, 2034, 0
2026/10/05 20:45:30.463, 2037, 0
2026/10/05 20:45:30.977, 2034, 2
2026/10/05 20:45:31.493, 2034, 0
2026/10/05 20:45:32.006, 2044, 1
2026/10/05 20:45:32.519, 2000, 8
2026/10/05 20:45:33.032, 6357, 1
2026/10/05 20:45:33.545, 10622, 45
2026/10/05 20:45:34.059, 13355, 47
2026/10/05 20:45:34.572, 13397, 68
2026/10/05 20:45:35.086, 13397, 100
2026/10/05 20:45:35.597, 13397, 86
2026/10/05 20:45:36.097, 13454, 98
2026/10/05 20:45:36.609, 13448, 97
2026/10/05 20:45:37.121, 13446, 97
2026/10/05 20:45:37.635, 13437, 98
2026/10/05 20:45:38.150, 13437, 98
2026/10/05 20:45:38.664, 13385, 97
2026/10/05 20:45:39.178, 13377, 66
2026/10/05 20:45:39.692, 13375, 97
2026/10/05 20:45:40.206, 13375, 97
2026/10/05 20:45:40.719, 13379, 97
2026/10/05 20:45:41.233, 13379, 98
2026/10/05 20:45:41.747, 13379, 98
2026/10/05 20:45:42.262, 13377, 98
2026/10/05 20:45:42.777, 1972, 98
2026/10/05 20:45:43.289, 1974, 1
2026/10/05 20:45:43.803, 1974, 1
2026/10/05 20:45:44.317, 1979, 0
2026/10/05 20:45:44.831, 1973, 0
2026/10/05 20:45:45.345, 2048, 0
2026/10/05 20:45:45.857, 2047, 2
2026/10/05 20:45:46.371, 2038, 1
2026/10/05 20:45:46.884, 2046, 0
2026/10/05 20:45:47.397, 2033, 0
2026/10/05 20:45:47.909, 2037, 0
2026/10/05 20:45:48.422, 2044, 0
2026/10/05 20:45:48.935, 2041, 2
2026/10/05 20:45:49.448, 2043, 2
2026/10/05 20:45:49.961, 2035, 0
2026/10/05 20:45:50.475, 2035, 0
2026/10/05 20:45:50.987, 1983, 0
2026/10/05 20:45:51.502, 1974, 1
2026/10/05 20:45:52.016, 1974, 2
2026/10/05 20:45:52.529, 1973, 0
2026/10/05 20:45:53.044, 1974, 0
2026/10/05 20:45:53.557, 1969, 0
2026/10/05 20:45:54.069, 1969, 0
2026/10/05 20:45:54.582, 1966, 2
2026/10/05 20:45:55.094, 1965, 1
2026/10/05 20:45:55.607, 1965, 0
2026/10/05 20:45:56.120, 1965, 0
2026/10/05 20:45:56.633, 1965, 0
2026/10/05 20:45:57.145, 1966, 0
2026/10/05 20:45:57.658, 2026, 2
2026/10/05 20:45:58.169, 2026, 1
2026/10/05 20:45:58.682, 2026, 0
2026/10/05 20:45:59.194, 2022, 0
2026/10/05 20:45:59.709, 2021, 0
2026/10/05 20:46:00.222, 2021, 0
2026/10/05 20:46:00.735, 2026, 2
2026/10/05 20:46:01.248, 2028, 2
2026/10/05 20:46:01.761, 2028, 0
2026/10/05 20:46:02.275, 2028, 0
2026/10/05 20:46:02.788, 1980, 0
2026/10/05 20:46:03.301, 1979, 0
2026/10/05 20:46:03.814, 2026, 1
2026/10/05 20:46:04.327, 2026, 1
2026/10/05 20:46:04.841, 2022, 0
2026/10/05 20:46:05.353, 2017, 0
2026/10/05 20:46:05.853, 2016, 0
2026/10/05 20:46:06.368, 2016, 0
2026/10/05 20:46:06.881, 2026, 3
2026/10/05 20:46:07.396, 2026, 1
2026/10/05 20:46:07.909, 2043, 0
2026/10/05 20:46:08.424, 2057, 0
2026/10/05 20:46:08.937, 10608, 8
2026/10/05 20:46:09.450, 10619, 78
2026/10/05 20:46:09.963, 13356, 54
2026/10/05 20:46:10.477, 13381, 1
2026/10/05 20:46:10.991, 13388, 94
2026/10/05 20:46:11.505, 1979, 2
2026/10/05 20:46:12.018, 1998, 0
2026/10/05 20:46:12.531, 1987, 1
2026/10/05 20:46:13.046, 1974, 1
2026/10/05 20:46:13.560, 5987, 56
2026/10/05 20:46:14.075, 10009, 98
2026/10/05 20:46:14.590, 10017, 80
2026/10/05 20:46:15.102, 10018, 95
2026/10/05 20:46:15.618, 10009, 90
2026/10/05 20:46:16.133, 10006, 89
2026/10/05 20:46:16.635, 10006, 95
2026/10/05 20:46:17.150, 10015, 94
2026/10/05 20:46:17.664, 10014, 91
2026/10/05 20:46:18.164, 10029, 92
2026/10/05 20:46:18.680, 10024, 95
2026/10/05 20:46:19.194, 10023, 93
2026/10/05 20:46:19.707, 10024, 91
2026/10/05 20:46:20.222, 10018, 92
2026/10/05 20:46:20.736, 10018, 95
2026/10/05 20:46:21.249, 10019, 91
2026/10/05 20:46:21.765, 10018, 91
2026/10/05 20:46:22.280, 10017, 92
2026/10/05 20:46:22.794, 10017, 90
2026/10/05 20:46:23.310, 10013, 79
2026/10/05 20:46:23.824, 10010, 76
2026/10/05 20:46:24.337, 10010, 91
2026/10/05 20:46:24.852, 10010, 81
2026/10/05 20:46:25.367, 10009, 96
2026/10/05 20:46:25.881, 10010, 93
2026/10/05 20:46:26.395, 10010, 92
2026/10/05 20:46:26.909, 10010, 81
2026/10/05 20:46:27.423, 10010, 94
2026/10/05 20:46:27.937, 10070, 95
2026/10/05 20:46:28.451, 10068, 94
2026/10/05 20:46:28.966, 10068, 94
2026/10/05 20:46:29.479, 10077, 83
2026/10/05 20:46:29.993, 10071, 90
2026/10/05 20:46:30.508, 10071, 95
2026/10/05 20:46:31.024, 10010, 81
2026/10/05 20:46:31.536, 10009, 83
2026/10/05 20:46:32.051, 10010, 80
2026/10/05 20:46:32.563, 10010, 95
2026/10/05 20:46:33.064, 10010, 95
2026/10/05 20:46:33.565, 10011, 95
2026/10/05 20:46:34.080, 10010, 95
2026/10/05 20:46:34.581, 10010, 94
2026/10/05 20:46:35.095, 10010, 95
2026/10/05 20:46:35.608, 10018, 95
2026/10/05 20:46:36.122, 10013, 95
2026/10/05 20:46:36.635, 10013, 95
2026/10/05 20:46:37.148, 10072, 93
2026/10/05 20:46:37.663, 10071, 89
2026/10/05 20:46:38.176, 10069, 94
2026/10/05 20:46:38.689, 10069, 96
2026/10/05 20:46:39.204, 10069, 95
2026/10/05 20:46:39.718, 10008, 93
2026/10/05 20:46:40.234, 10008, 94
2026/10/05 20:46:40.735, 10007, 95
2026/10/05 20:46:41.249, 10007, 95
2026/10/05 20:46:41.750, 10015, 95
2026/10/05 20:46:42.264, 10010, 83
2026/10/05 20:46:42.776, 10010, 83
2026/10/05 20:46:43.291, 10008, 94
2026/10/05 20:46:43.793, 10007, 94
2026/10/05 20:46:44.308, 10008, 95
2026/10/05 20:46:44.824, 10008, 95
2026/10/05 20:46:45.336, 10008, 96
2026/10/05 20:46:45.851, 10008, 95
2026/10/05 20:46:46.366, 10008, 94
2026/10/05 20:46:46.880, 10008, 94
2026/10/05 20:46:47.394, 10008, 95
2026/10/05 20:46:47.894, 10015, 79
2026/10/05 20:46:48.395, 10011, 96
2026/10/05 20:46:48.910, 10009, 95
2026/10/05 20:46:49.424, 10009, 94
2026/10/05 20:46:49.939, 10008, 94
2026/10/05 20:46:50.453, 10008, 96
2026/10/05 20:46:50.967, 10008, 95
2026/10/05 20:46:51.479, 10008, 96
2026/10/05 20:46:51.994, 10008, 93
2026/10/05 20:46:52.509, 10008, 95
2026/10/05 20:46:53.010, 10008, 95
2026/10/05 20:46:53.525, 10008, 95
2026/10/05 20:46:54.039, 10016, 92
2026/10/05 20:46:54.553, 10015, 93
2026/10/05 20:46:55.067, 10070, 92
2026/10/05 20:46:55.581, 10069, 92
2026/10/05 20:46:56.095, 10070, 83
2026/10/05 20:46:56.608, 10070, 80
2026/10/05 20:46:57.122, 10070, 81
2026/10/05 20:46:57.636, 10070, 81
2026/10/05 20:46:58.149, 10068, 80
2026/10/05 20:46:58.662, 10069, 81
2026/10/05 20:46:59.177, 10069, 82
2026/10/05 20:46:59.692, 10069, 84
2026/10/05 20:47:00.205, 10077, 82
2026/10/05 20:47:00.707, 10059, 81
2026/10/05 20:47:01.221, 10009, 95
2026/10/05 20:47:01.734, 10008, 94
2026/10/05 20:47:02.234, 10009, 93
2026/10/05 20:47:02.748, 10009, 93
2026/10/05 20:47:03.264, 10009, 93
2026/10/05 20:47:03.765, 10009, 93
2026/10/05 20:47:04.280, 10008, 93
2026/10/05 20:47:04.795, 10008, 92
2026/10/05 20:47:05.309, 10005, 92
2026/10/05 20:47:05.824, 10005, 82
2026/10/05 20:47:06.324, 10015, 89
2026/10/05 20:47:06.838, 10014, 95
2026/10/05 20:47:07.351, 10009, 95
2026/10/05 20:47:07.865, 10009, 94
2026/10/05 20:47:08.377, 10007, 91
2026/10/05 20:47:08.892, 10007, 93
2026/10/05 20:47:09.407, 10007, 94
2026/10/05 20:47:09.908, 10007, 92
2026/10/05 20:47:10.422, 10007, 83
2026/10/05 20:47:10.937, 10007, 94
2026/10/05 20:47:11.449, 10004, 95
2026/10/05 20:47:11.964, 10004, 95
2026/10/05 20:47:12.477, 10013, 95
2026/10/05 20:47:12.990, 10013, 94
2026/10/05 20:47:13.494, 10008, 95
2026/10/05 20:47:14.009, 10007, 95
2026/10/05 20:47:14.510, 10007, 96
2026/10/05 20:47:15.022, 10007, 83
2026/10/05 20:47:15.534, 10007, 82
2026/10/05 20:47:16.049, 10007, 82
2026/10/05 20:47:16.562, 10619, 78
2026/10/05 20:47:17.065, 10619, 99
2026/10/05 20:47:17.579, 10619, 100
2026/10/05 20:47:18.091, 10619, 100
2026/10/05 20:47:18.605, 10623, 100
2026/10/05 20:47:19.108, 10623, 100
2026/10/05 20:47:19.623, 10619, 100
2026/10/05 20:47:20.135, 10619, 100
2026/10/05 20:47:20.649, 10626, 100
2026/10/05 20:47:21.149, 10626, 99
2026/10/05 20:47:21.662, 10626, 99
2026/10/05 20:47:22.164, 10626, 100
2026/10/05 20:47:22.679, 10619, 100
2026/10/05 20:47:23.192, 10619, 100
2026/10/05 20:47:23.693, 10619, 100
2026/10/05 20:47:24.206, 10619, 100
2026/10/05 20:47:24.720, 10620, 100
2026/10/05 20:47:25.234, 10620, 99
2026/10/05 20:47:25.747, 10679, 99
2026/10/05 20:47:26.263, 10679, 100
2026/10/05 20:47:26.763, 10690, 100
2026/10/05 20:47:27.277, 10690, 100
2026/10/05 20:47:27.791, 10690, 100
2026/10/05 20:47:28.304, 10690, 100
2026/10/05 20:47:28.817, 10680, 100
2026/10/05 20:47:29.318, 10680, 100
2026/10/05 20:47:29.820, 10680, 99
2026/10/05 20:47:30.332, 10680, 99
2026/10/05 20:47:30.846, 10631, 100
2026/10/05 20:47:31.359, 10619, 100
2026/10/05 20:47:31.860, 10616, 100
2026/10/05 20:47:32.373, 10616, 100
2026/10/05 20:47:32.886, 10627, 100
2026/10/05 20:47:33.399, 10626, 100
2026/10/05 20:47:33.911, 10626, 100
2026/10/05 20:47:34.425, 10626, 99
2026/10/05 20:47:34.939, 10619, 100
2026/10/05 20:47:35.452, 10619, 100
2026/10/05 20:47:35.964, 10619, 100
2026/10/05 20:47:36.477, 10598, 100
2026/10/05 20:47:36.979, 10619, 100
2026/10/05 20:47:37.480, 10619, 100
2026/10/05 20:47:37.992, 10619, 100
2026/10/05 20:47:38.506, 10622, 99
2026/10/05 20:47:39.007, 10627, 100
2026/10/05 20:47:39.520, 10627, 100
2026/10/05 20:47:40.033, 10627, 100
2026/10/05 20:47:40.546, 10623, 100
2026/10/05 20:47:41.061, 10619, 100
2026/10/05 20:47:41.577, 10619, 100
2026/10/05 20:47:42.090, 10619, 100
2026/10/05 20:47:42.602, 10619, 99
2026/10/05 20:47:43.114, 10619, 99
2026/10/05 20:47:43.626, 10682, 100
2026/10/05 20:47:44.141, 10679, 100
2026/10/05 20:47:44.642, 10683, 100
2026/10/05 20:47:45.157, 10671, 100
2026/10/05 20:47:45.658, 10671, 100
2026/10/05 20:47:46.172, 10671, 6
2026/10/05 20:47:46.685, 10684, 40
2026/10/05 20:47:47.198, 10681, 9
2026/10/05 20:47:47.711, 3645, 7
2026/10/05 20:47:48.225, 8317, 100
2026/10/05 20:47:48.740, 8255, 100
2026/10/05 20:47:49.241, 8255, 100
2026/10/05 20:47:49.756, 8253, 100
2026/10/05 20:47:50.271, 1919, 79
2026/10/05 20:47:50.785, 1928, 1
2026/10/05 20:47:51.298, 1927, 0
2026/10/05 20:47:51.813, 1927, 0
2026/10/05 20:47:52.327, 1927, 0
2026/10/05 20:47:52.839, 1921, 0
2026/10/05 20:47:53.353, 1921, 2
2026/10/05 20:47:53.866, 1921, 2
2026/10/05 20:47:54.378, 1931, 0
2026/10/05 20:47:54.892, 1930, 0
2026/10/05 20:47:55.406, 1922, 0
2026/10/05 20:47:55.919, 1922, 1
2026/10/05 20:47:56.433, 1922, 2
2026/10/05 20:47:56.947, 1924, 2
2026/10/05 20:47:57.460, 1922, 0
2026/10/05 20:47:57.973, 1922, 0
2026/10/05 20:47:58.486, 1937, 0
2026/10/05 20:47:58.999, 1936, 1
2026/10/05 20:47:59.513, 1935, 2
2026/10/05 20:48:00.028, 1935, 0
2026/10/05 20:48:00.540, 1947, 0
2026/10/05 20:48:01.054, 1949, 1
2026/10/05 20:48:01.567, 1945, 0
2026/10/05 20:48:02.080, 1941, 2
2026/10/05 20:48:02.594, 1941, 2
2026/10/05 20:48:03.107, 1946, 1
2026/10/05 20:48:03.620, 1938, 0
2026/10/05 20:48:04.134, 1938, 0
2026/10/05 20:48:04.646, 1938, 0
2026/10/05 20:48:05.160, 1985, 2
2026/10/05 20:48:05.674, 1983, 1
2026/10/05 20:48:06.186, 1983, 0
2026/10/05 20:48:06.698, 1983, 0
2026/10/05 20:48:07.213, 1922, 1
2026/10/05 20:48:07.727, 1921, 0
2026/10/05 20:48:08.241, 1980, 2
2026/10/05 20:48:08.754, 1980, 1
2026/10/05 20:48:09.266, 1971, 1
2026/10/05 20:48:09.780, 1971, 0
2026/10/05 20:48:10.294, 1971, 0
2026/10/05 20:48:10.809, 1971, 0
2026/10/05 20:48:11.321, 1921, 2
2026/10/05 20:48:11.834, 1921, 2
2026/10/05 20:48:12.346, 1921, 0
2026/10/05 20:48:12.859, 1921, 0
2026/10/05 20:48:13.374, 1921, 1
2026/10/05 20:48:13.887, 1921, 0
2026/10/05 20:48:14.400, 1918, 1
2026/10/05 20:48:14.914, 1918, 2
2026/10/05 20:48:15.427, 1923, 0
2026/10/05 20:48:15.939, 2129, 8
2026/10/05 20:48:16.451, 10562, 0
2026/10/05 20:48:16.963, 10561, 51
2026/10/05 20:48:17.475, 13319, 52
2026/10/05 20:48:17.987, 13343, 3
2026/10/05 20:48:18.499, 13343, 100
2026/10/05 20:48:19.011, 13345, 85
2026/10/05 20:48:19.526, 13346, 84
2026/10/05 20:48:20.038, 13344, 98
2026/10/05 20:48:20.549, 13338, 98
2026/10/05 20:48:21.061, 2108, 0
2026/10/05 20:48:21.573, 1939, 0
2026/10/05 20:48:22.086, 1938, 0
2026/10/05 20:48:22.599, 1947, 0
2026/10/05 20:48:23.112, 2098, 8
2026/10/05 20:48:23.624, 3493, 2
2026/10/05 20:48:24.137, 10577, 43
2026/10/05 20:48:24.648, 10573, 43
2026/10/05 20:48:25.160, 13345, 7
2026/10/05 20:48:25.673, 13345, 100
2026/10/05 20:48:26.186, 13341, 96
2026/10/05 20:48:26.699, 13333, 88
2026/10/05 20:48:27.211, 13338, 98
2026/10/05 20:48:27.724, 13338, 97
2026/10/05 20:48:28.235, 13337, 97
2026/10/05 20:48:28.748, 13337, 97
2026/10/05 20:48:29.260, 13331, 97
2026/10/05 20:48:29.775, 13333, 97
2026/10/05 20:48:30.287, 13327, 97
2026/10/05 20:48:30.800, 13327, 97
2026/10/05 20:48:31.313, 13327, 96
2026/10/05 20:48:31.826, 13327, 98
2026/10/05 20:48:32.338, 13326, 98
2026/10/05 20:48:32.850, 13326, 98
2026/10/05 20:48:33.364, 13329, 98
2026/10/05 20:48:33.876, 13329, 98
2026/10/05 20:48:34.389, 13327, 98
2026/10/05 20:48:34.901, 1924, 98
2026/10/05 20:48:35.413, 2085, 0
2026/10/05 20:48:35.927, 1923, 12
2026/10/05 20:48:36.441, 1933, 1
2026/10/05 20:48:36.953, 1945, 0
2026/10/05 20:48:37.467, 1946, 0
2026/10/05 20:48:37.981, 1946, 1
2026/10/05 20:48:38.495, 1937, 0
2026/10/05 20:48:39.009, 1937, 2
2026/10/05 20:48:39.522, 1941, 2
2026/10/05 20:48:40.036, 1946, 1
2026/10/05 20:48:40.548, 1946, 0
2026/10/05 20:48:41.062, 1946, 1
2026/10/05 20:48:41.575, 1942, 2
2026/10/05 20:48:42.089, 1931, 2
2026/10/05 20:48:42.602, 1931, 0
2026/10/05 20:48:43.116, 1931, 0
2026/10/05 20:48:43.629, 1931, 1
2026/10/05 20:48:44.142, 1931, 0
2026/10/05 20:48:44.655, 1930, 2
2026/10/05 20:48:45.168, 1922, 2
2026/10/05 20:48:45.682, 1925, 0
2026/10/05 20:48:46.195, 1925, 0
2026/10/05 20:48:46.708, 1923, 0
2026/10/05 20:48:47.221, 1923, 0
2026/10/05 20:48:47.734, 1984, 2
2026/10/05 20:48:48.248, 1984, 1
2026/10/05 20:48:48.760, 1984, 0
2026/10/05 20:48:49.273, 1984, 0
2026/10/05 20:48:49.788, 1923, 0
2026/10/05 20:48:50.301, 1995, 0
2026/10/05 20:48:50.815, 1993, 2
2026/10/05 20:48:51.329, 1985, 1
2026/10/05 20:48:51.844, 4599, 1
2026/10/05 20:48:52.345, 5860, 64
2026/10/05 20:48:52.858, 6102, 69
2026/10/05 20:48:53.372, 6113, 52
2026/10/05 20:48:53.886, 6104, 60
2026/10/05 20:48:54.401, 6104, 52
2026/10/05 20:48:54.914, 6104, 60
2026/10/05 20:48:55.427, 6110, 65
2026/10/05 20:48:55.941, 6048, 70
2026/10/05 20:48:56.454, 6107, 67
2026/10/05 20:48:56.967, 5977, 66
2026/10/05 20:48:57.481, 5907, 69
2026/10/05 20:48:57.994, 5980, 41
2026/10/05 20:48:58.508, 2012, 83
2026/10/05 20:48:59.020, 2219, 10
2026/10/05 20:48:59.534, 10634, 48
2026/10/05 20:49:00.047, 10635, 50
2026/10/05 20:49:00.560, 13408, 0
2026/10/05 20:49:01.073, 13416, 100
2026/10/05 20:49:01.587, 13416, 71
2026/10/05 20:49:02.100, 13369, 88
2026/10/05 20:49:02.615, 13347, 98
2026/10/05 20:49:03.129, 13344, 98
2026/10/05 20:49:03.642, 13344, 97
2026/10/05 20:49:04.154, 13354, 97
2026/10/05 20:49:04.668, 13354, 97
2026/10/05 20:49:05.182, 13354, 96
2026/10/05 20:49:05.695, 13399, 98
2026/10/05 20:49:06.208, 13398, 98
2026/10/05 20:49:06.719, 13398, 98
2026/10/05 20:49:07.232, 13398, 97
2026/10/05 20:49:07.745, 13398, 98
2026/10/05 20:49:08.258, 13349, 97
2026/10/05 20:49:08.771, 13398, 98
2026/10/05 20:49:09.285, 13395, 98
2026/10/05 20:49:09.799, 13395, 98
2026/10/05 20:49:10.312, 13406, 98
2026/10/05 20:49:10.827, 13405, 97
2026/10/05 20:49:11.341, 13405, 97
2026/10/05 20:49:11.854, 13337, 96
2026/10/05 20:49:12.369, 13337, 95
2026/10/05 20:49:12.883, 13336, 97
2026/10/05 20:49:13.396, 13336, 97
2026/10/05 20:49:13.908, 13336, 98
2026/10/05 20:49:14.424, 13337, 98
2026/10/05 20:49:14.939, 13337, 98
2026/10/05 20:49:15.454, 13334, 98
2026/10/05 20:49:15.968, 13334, 98
2026/10/05 20:49:16.482, 13344, 98
2026/10/05 20:49:16.997, 13343, 98
2026/10/05 20:49:17.509, 13343, 98
2026/10/05 20:49:18.022, 13337, 97
2026/10/05 20:49:18.537, 13336, 98
2026/10/05 20:49:19.052, 13336, 97
2026/10/05 20:49:19.564, 1933, 0
2026/10/05 20:49:20.076, 1929, 6
2026/10/05 20:49:20.590, 2019, 0
2026/10/05 20:49:21.103, 2017, 1
2026/10/05 20:49:21.614, 2014, 2
2026/10/05 20:49:22.127, 2014, 0
2026/10/05 20:49:22.638, 2015, 0
2026/10/05 20:49:23.151, 2013, 0
2026/10/05 20:49:23.665, 2010, 0
2026/10/05 20:49:24.165, 2009, 1
2026/10/05 20:49:24.678, 2008, 2
2026/10/05 20:49:25.192, 2008, 0
2026/10/05 20:49:25.705, 1994, 0
2026/10/05 20:49:26.218, 1942, 0
2026/10/05 20:49:26.730, 1933, 0
2026/10/05 20:49:27.243, 1932, 1
2026/10/05 20:49:27.757, 1932, 2
2026/10/05 20:49:28.269, 1938, 0
2026/10/05 20:49:28.782, 1938, 0
2026/10/05 20:49:29.296, 1933, 0
2026/10/05 20:49:29.810, 1929, 0
2026/10/05 20:49:30.323, 1929, 1
2026/10/05 20:49:30.836, 1929, 1
2026/10/05 20:49:31.349, 1929, 0
2026/10/05 20:49:31.861, 1929, 0
2026/10/05 20:49:32.374, 1929, 0
2026/10/05 20:49:32.888, 1929, 0
2026/10/05 20:49:33.401, 1929, 1
2026/10/05 20:49:33.914, 1929, 1
2026/10/05 20:49:34.428, 1934, 0
2026/10/05 20:49:34.942, 1934, 1
2026/10/05 20:49:35.455, 1934, 0
2026/10/05 20:49:35.970, 1929, 0
2026/10/05 20:49:36.483, 1929, 1
2026/10/05 20:49:36.995, 1928, 2
2026/10/05 20:49:37.509, 1928, 0
2026/10/05 20:49:38.022, 1928, 0
2026/10/05 20:49:38.535, 1929, 0
2026/10/05 20:49:39.049, 1989, 2
2026/10/05 20:49:39.563, 1990, 1
2026/10/05 20:49:40.076, 1990, 0
2026/10/05 20:49:40.589, 1991, 0
2026/10/05 20:49:41.103, 1991, 0
2026/10/05 20:49:41.617, 1978, 0
2026/10/05 20:49:42.132, 1989, 1
2026/10/05 20:49:42.647, 1990, 1
2026/10/05 20:49:43.161, 1990, 0
2026/10/05 20:49:43.675, 2216, 2
2026/10/05 20:49:44.190, 10645, 0
2026/10/05 20:49:44.703, 10584, 51
2026/10/05 20:49:45.217, 13330, 50
2026/10/05 20:49:45.731, 13352, 41
2026/10/05 20:49:46.246, 13352, 100
2026/10/05 20:49:46.760, 1953, 71
2026/10/05 20:49:47.273, 1953, 0
2026/10/05 20:49:47.786, 1946, 5
2026/10/05 20:49:48.300, 1952, 1
2026/10/05 20:49:48.813, 1971, 1
2026/10/05 20:49:49.327, 2157, 1
2026/10/05 20:49:49.842, 10581, 62
2026/10/05 20:49:50.355, 10581, 46
2026/10/05 20:49:50.867, 13353, 49
2026/10/05 20:49:51.381, 13354, 100
2026/10/05 20:49:51.895, 13353, 100
2026/10/05 20:49:52.407, 13344, 83
2026/10/05 20:49:52.920, 13345, 98
2026/10/05 20:49:53.434, 13345, 98
2026/10/05 20:49:53.948, 13345, 98
2026/10/05 20:49:54.463, 13344, 98
2026/10/05 20:49:54.976, 13345, 98
2026/10/05 20:49:55.489, 13345, 97
2026/10/05 20:49:56.003, 13336, 97
2026/10/05 20:49:56.517, 1933, 97
2026/10/05 20:49:57.030, 1932, 0
2026/10/05 20:49:57.545, 1932, 1
2026/10/05 20:49:58.059, 1932, 1
2026/10/05 20:49:58.574, 1954, 0
2026/10/05 20:49:59.087, 1957, 0
2026/10/05 20:49:59.601, 1957, 0
2026/10/05 20:50:00.115, 2017, 0
2026/10/05 20:50:00.627, 2007, 2
2026/10/05 20:50:01.139, 2012, 2
2026/10/05 20:50:01.653, 2012, 0
2026/10/05 20:50:02.166, 2012, 0
2026/10/05 20:50:02.680, 2012, 0
2026/10/05 20:50:03.192, 2008, 1
2026/10/05 20:50:03.705, 2000, 2
2026/10/05 20:50:04.218, 2000, 2
2026/10/05 20:50:04.732, 2000, 0
2026/10/05 20:50:05.244, 2002, 1
2026/10/05 20:50:05.756, 2002, 0
2026/10/05 20:50:06.271, 1991, 0
2026/10/05 20:50:06.784, 1990, 1
2026/10/05 20:50:07.297, 1992, 2
2026/10/05 20:50:07.810, 1992, 0
2026/10/05 20:50:08.322, 1992, 0
2026/10/05 20:50:08.838, 1991, 0
2026/10/05 20:50:09.351, 1931, 0
2026/10/05 20:50:09.865, 1948, 2
2026/10/05 20:50:10.380, 7537, 2
2026/10/05 20:50:10.892, 10586, 97
2026/10/05 20:50:11.405, 13334, 53
2026/10/05 20:50:11.919, 13359, 32
2026/10/05 20:50:12.433, 13420, 100
2026/10/05 20:50:12.946, 13406, 100
2026/10/05 20:50:13.460, 13410, 98
2026/10/05 20:50:13.973, 13410, 98
2026/10/05 20:50:14.488, 13410, 98
2026/10/05 20:50:15.003, 13394, 98
2026/10/05 20:50:15.516, 13344, 97
2026/10/05 20:50:16.028, 13343, 97
2026/10/05 20:50:16.541, 13335, 97
2026/10/05 20:50:17.055, 13336, 97
2026/10/05 20:50:17.567, 13336, 98
2026/10/05 20:50:18.080, 13336, 98
2026/10/05 20:50:18.592, 13335, 98
2026/10/05 20:50:19.105, 13335, 98
2026/10/05 20:50:19.619, 13335, 97
2026/10/05 20:50:20.133, 13335, 98
2026/10/05 20:50:20.647, 13335, 98
2026/10/05 20:50:21.162, 13337, 98
2026/10/05 20:50:21.675, 13397, 98
2026/10/05 20:50:22.186, 13396, 97
2026/10/05 20:50:22.700, 13396, 98
2026/10/05 20:50:23.214, 13385, 97
2026/10/05 20:50:23.726, 13385, 97
2026/10/05 20:50:24.238, 13385, 97
2026/10/05 20:50:24.753, 13400, 98
2026/10/05 20:50:25.266, 13399, 98
2026/10/05 20:50:25.780, 13399, 97
2026/10/05 20:50:26.294, 13399, 98
2026/10/05 20:50:26.808, 13399, 98
2026/10/05 20:50:27.323, 13339, 98
2026/10/05 20:50:27.836, 13336, 98
2026/10/05 20:50:28.349, 13337, 98
2026/10/05 20:50:28.864, 13337, 97
2026/10/05 20:50:29.379, 13338, 97
2026/10/05 20:50:29.891, 13338, 97
2026/10/05 20:50:30.406, 13335, 97
2026/10/05 20:50:30.920, 13335, 97
2026/10/05 20:50:31.435, 13334, 98
2026/10/05 20:50:31.950, 13334, 98
2026/10/05 20:50:32.464, 13334, 98
2026/10/05 20:50:32.978, 13334, 97
2026/10/05 20:50:33.492, 13334, 98
2026/10/05 20:50:34.005, 13334, 98
2026/10/05 20:50:34.520, 13334, 100
2026/10/05 20:50:35.033, 13334, 98
2026/10/05 20:50:35.546, 13335, 98
2026/10/05 20:50:36.059, 13335, 98
2026/10/05 20:50:36.573, 13334, 98
2026/10/05 20:50:37.086, 13333, 98
2026/10/05 20:50:37.600, 13334, 98
2026/10/05 20:50:38.114, 13334, 97
2026/10/05 20:50:38.626, 13334, 97
2026/10/05 20:50:39.140, 13334, 97
2026/10/05 20:50:39.651, 13334, 97
2026/10/05 20:50:40.164, 13334, 97
2026/10/05 20:50:40.677, 13334, 97
2026/10/05 20:50:41.189, 13334, 97
2026/10/05 20:50:41.702, 13336, 97
2026/10/05 20:50:42.215, 13336, 98
2026/10/05 20:50:42.728, 13334, 97
2026/10/05 20:50:43.241, 13329, 97
2026/10/05 20:50:43.753, 13334, 97
2026/10/05 20:50:44.266, 13334, 96
2026/10/05 20:50:44.780, 13334, 98
2026/10/05 20:50:45.292, 13335, 97
2026/10/05 20:50:45.804, 13334, 98
2026/10/05 20:50:46.318, 13334, 97
2026/10/05 20:50:46.831, 13334, 97
2026/10/05 20:50:47.343, 13335, 97
2026/10/05 20:50:47.856, 13335, 98
2026/10/05 20:50:48.367, 13335, 97
2026/10/05 20:50:48.880, 13335, 98
2026/10/05 20:50:49.392, 13330, 97
2026/10/05 20:50:49.904, 13334, 98
2026/10/05 20:50:50.417, 13334, 98
2026/10/05 20:50:50.930, 13334, 98
2026/10/05 20:50:51.442, 13335, 98
2026/10/05 20:50:51.956, 13334, 98
2026/10/05 20:50:52.469, 13334, 98
2026/10/05 20:50:52.982, 13334, 98
2026/10/05 20:50:53.496, 13335, 97
2026/10/05 20:50:54.010, 13335, 98
2026/10/05 20:50:54.521, 13335, 97
2026/10/05 20:50:55.034, 13334, 97
2026/10/05 20:50:55.548, 13330, 98
2026/10/05 20:50:56.060, 13335, 67
2026/10/05 20:50:56.572, 13335, 99
2026/10/05 20:50:57.085, 13335, 97
2026/10/05 20:50:57.598, 13336, 97
2026/10/05 20:50:58.111, 13335, 98
2026/10/05 20:50:58.623, 13335, 98
2026/10/05 20:50:59.136, 13335, 98
2026/10/05 20:50:59.650, 13336, 97
2026/10/05 20:51:00.163, 13336, 98
2026/10/05 20:51:00.677, 13335, 98
2026/10/05 20:51:01.189, 13335, 98
2026/10/05 20:51:01.702, 13330, 98
2026/10/05 20:51:02.215, 13334, 98
2026/10/05 20:51:02.728, 13334, 98
2026/10/05 20:51:03.240, 13334, 98
2026/10/05 20:51:03.754, 13399, 98
2026/10/05 20:51:04.268, 13394, 98
2026/10/05 20:51:04.781, 13394, 97
2026/10/05 20:51:05.294, 13394, 97
2026/10/05 20:51:05.807, 13384, 98
2026/10/05 20:51:06.319, 13384, 98
2026/10/05 20:51:06.833, 13395, 98
2026/10/05 20:51:07.345, 13392, 98
2026/10/05 20:51:07.856, 13396, 98
2026/10/05 20:51:08.371, 13396, 98
2026/10/05 20:51:08.884, 13396, 98
2026/10/05 20:51:09.398, 13396, 98
2026/10/05 20:51:09.912, 13335, 98
2026/10/05 20:51:10.425, 13335, 98
2026/10/05 20:51:10.937, 13335, 98
2026/10/05 20:51:11.449, 13335, 97
2026/10/05 20:51:11.963, 13336, 96
2026/10/05 20:51:12.476, 13336, 98
2026/10/05 20:51:12.989, 13333, 98
2026/10/05 20:51:13.503, 13328, 97
2026/10/05 20:51:14.015, 13333, 98
2026/10/05 20:51:14.527, 13333, 98
2026/10/05 20:51:15.040, 13333, 98
2026/10/05 20:51:15.553, 13333, 97
2026/10/05 20:51:16.065, 13394, 98
2026/10/05 20:51:16.579, 13393, 98
2026/10/05 20:51:17.092, 13393, 98
2026/10/05 20:51:17.606, 13394, 97
2026/10/05 20:51:18.118, 13381, 98
2026/10/05 20:51:18.630, 13381, 97
2026/10/05 20:51:19.143, 1939, 1
2026/10/05 20:51:19.655, 1925, 1
2026/10/05 20:51:20.168, 1938, 1
2026/10/05 20:51:20.682, 1938, 0
2026/10/05 20:51:21.195, 1951, 1
2026/10/05 20:51:21.708, 1954, 1
2026/10/05 20:51:22.220, 2013, 2
2026/10/05 20:51:22.734, 2009, 2
2026/10/05 20:51:23.247, 2008, 0
2026/10/05 20:51:23.759, 2006, 0
2026/10/05 20:51:24.271, 2005, 0
2026/10/05 20:51:24.786, 2005, 0
2026/10/05 20:51:25.299, 1944, 1
2026/10/05 20:51:25.812, 1939, 2
2026/10/05 20:51:26.324, 1937, 0
2026/10/05 20:51:26.838, 1929, 0
2026/10/05 20:51:27.351, 1929, 0
2026/10/05 20:51:27.865, 1931, 0
2026/10/05 20:51:28.378, 1929, 1
2026/10/05 20:51:28.891, 1929, 1
2026/10/05 20:51:29.404, 1929, 0
2026/10/05 20:51:29.919, 1931, 0
2026/10/05 20:51:30.434, 1931, 0
2026/10/05 20:51:30.948, 1931, 0
2026/10/05 20:51:31.460, 1929, 0
2026/10/05 20:51:31.974, 1925, 2
2026/10/05 20:51:32.488, 1929, 1
2026/10/05 20:51:33.001, 1929, 0
2026/10/05 20:51:33.515, 1929, 0
2026/10/05 20:51:34.028, 1929, 0
2026/10/05 20:51:34.541, 1929, 1
2026/10/05 20:51:35.054, 1929, 1
2026/10/05 20:51:35.566, 1929, 0
2026/10/05 20:51:36.079, 1930, 0
2026/10/05 20:51:36.593, 1931, 0
2026/10/05 20:51:37.107, 1929, 0
2026/10/05 20:51:37.621, 1928, 1
2026/10/05 20:51:38.135, 1926, 1
2026/10/05 20:51:38.649, 1929, 0
2026/10/05 20:51:39.163, 1929, 0
2026/10/05 20:51:39.676, 1929, 0
2026/10/05 20:51:40.188, 1981, 0
2026/10/05 20:51:40.702, 1990, 1
2026/10/05 20:51:41.216, 1990, 1
2026/10/05 20:51:41.728, 1990, 0
2026/10/05 20:51:42.242, 1995, 0
2026/10/05 20:51:42.756, 1996, 0
2026/10/05 20:51:43.269, 1992, 0
2026/10/05 20:51:43.782, 1991, 1
2026/10/05 20:51:44.296, 1987, 1
2026/10/05 20:51:44.809, 1990, 0
2026/10/05 20:51:45.322, 1990, 0
2026/10/05 20:51:45.835, 1990, 0
2026/10/05 20:51:46.348, 1919, 1
2026/10/05 20:51:46.861, 1929, 2
2026/10/05 20:51:47.372, 1929, 1
2026/10/05 20:51:47.885, 1929, 0
2026/10/05 20:51:48.399, 1936, 1
2026/10/05 20:51:48.913, 1937, 1
2026/10/05 20:51:49.425, 1991, 0
2026/10/05 20:51:49.941, 1990, 2
2026/10/05 20:51:50.454, 1988, 2
2026/10/05 20:51:50.968, 1991, 1
2026/10/05 20:51:51.480, 1991, 0
2026/10/05 20:51:51.994, 1991, 0
2026/10/05 20:51:52.506, 1980, 1
2026/10/05 20:51:53.018, 1990, 1
2026/10/05 20:51:53.530, 1990, 2
2026/10/05 20:51:54.044, 1997, 0
2026/10/05 20:51:54.557, 1998, 0
2026/10/05 20:51:55.070, 1998, 0
2026/10/05 20:51:55.583, 1930, 2
2026/10/05 20:51:56.097, 1926, 1
2026/10/05 20:51:56.612, 1930, 0
2026/10/05 20:51:57.125, 1929, 0
2026/10/05 20:51:57.639, 1929, 0
2026/10/05 20:51:58.152, 1928, 0
2026/10/05 20:51:58.666, 1928, 2
2026/10/05 20:51:59.180, 1928, 1
2026/10/05 20:51:59.694, 1928, 0
2026/10/05 20:52:00.207, 1935, 0
2026/10/05 20:52:00.721, 1934, 0
2026/10/05 20:52:01.233, 1934, 0
2026/10/05 20:52:01.747, 1990, 3
2026/10/05 20:52:02.261, 1988, 2
2026/10/05 20:52:02.775, 1992, 0
2026/10/05 20:52:03.288, 1992, 0
2026/10/05 20:52:03.802, 1992, 0
2026/10/05 20:52:04.315, 1942, 0
2026/10/05 20:52:04.828, 1928, 1
2026/10/05 20:52:05.341, 1927, 2
2026/10/05 20:52:05.855, 1927, 0
2026/10/05 20:52:06.368, 1934, 0
2026/10/05 20:52:06.881, 1933, 0
2026/10/05 20:52:07.395, 1991, 0
2026/10/05 20:52:07.908, 1989, 1
2026/10/05 20:52:08.421, 1987, 1
2026/10/05 20:52:08.934, 1990, 0
2026/10/05 20:52:09.448, 1990, 0
2026/10/05 20:52:09.962, 1990, 0
2026/10/05 20:52:10.474, 1917, 0
2026/10/05 20:52:10.988, 1928, 1
2026/10/05 20:52:11.501, 1927, 1
2026/10/05 20:52:12.014, 1927, 0
2026/10/05 20:52:12.527, 1934, 0
2026/10/05 20:52:13.039, 1934, 0
2026/10/05 20:52:13.554, 1928, 1
2026/10/05 20:52:14.067, 1947, 1
2026/10/05 20:52:14.580, 1947, 0
2026/10/05 20:52:15.093, 1948, 1
2026/10/05 20:52:15.606, 1948, 0
2026/10/05 20:52:16.120, 1944, 0
2026/10/05 20:52:16.632, 1931, 1
2026/10/05 20:52:17.144, 1942, 2
2026/10/05 20:52:17.659, 1941, 0
2026/10/05 20:52:18.173, 1941, 0
2026/10/05 20:52:18.685, 1935, 1
2026/10/05 20:52:19.199, 1929, 1
2026/10/05 20:52:19.714, 1928, 0
2026/10/05 20:52:20.227, 1928, 1
2026/10/05 20:52:20.739, 1926, 0
2026/10/05 20:52:21.251, 1930, 0
2026/10/05 20:52:21.764, 1930, 0
2026/10/05 20:52:22.278, 1930, 0
2026/10/05 20:52:22.790, 1918, 0
2026/10/05 20:52:23.303, 1929, 1
2026/10/05 20:52:23.816, 1929, 1
2026/10/05 20:52:24.330, 1929, 0
2026/10/05 20:52:24.842, 1935, 0
2026/10/05 20:52:25.355, 1935, 0
2026/10/05 20:52:25.868, 1990, 0
2026/10/05 20:52:26.382, 1990, 1
2026/10/05 20:52:26.897, 1988, 1
2026/10/05 20:52:27.410, 1992, 0
2026/10/05 20:52:27.923, 1992, 0
2026/10/05 20:52:28.438, 1943, 0
2026/10/05 20:52:28.951, 1918, 1
2026/10/05 20:52:29.462, 1929, 2
2026/10/05 20:52:29.975, 1929, 1
2026/10/05 20:52:30.488, 1930, 0
2026/10/05 20:52:31.002, 1933, 1
2026/10/05 20:52:31.514, 1934, 0
2026/10/05 20:52:32.028, 1989, 0
2026/10/05 20:52:32.541, 1990, 2
2026/10/05 20:52:33.055, 1990, 0
2026/10/05 20:52:33.568, 1991, 0
2026/10/05 20:52:34.082, 1991, 0
2026/10/05 20:52:34.594, 1991, 0
2026/10/05 20:52:35.107, 1918, 2
2026/10/05 20:52:35.620, 1928, 2
2026/10/05 20:52:36.133, 1928, 0
2026/10/05 20:52:36.645, 1934, 0
2026/10/05 20:52:37.159, 1935, 0
2026/10/05 20:52:37.671, 1935, 0
2026/10/05 20:52:38.184, 1992, 1
2026/10/05 20:52:38.696, 1983, 2
2026/10/05 20:52:39.209, 1989, 0
2026/10/05 20:52:39.723, 1993, 0
2026/10/05 20:52:40.237, 1993, 0
2026/10/05 20:52:40.750, 1993, 0
2026/10/05 20:52:41.264, 1979, 1
2026/10/05 20:52:41.779, 1990, 2
2026/10/05 20:52:42.291, 1990, 0
2026/10/05 20:52:42.805, 1996, 0
2026/10/05 20:52:43.319, 1997, 1
2026/10/05 20:52:43.833, 1930, 1
2026/10/05 20:52:44.347, 1930, 2
2026/10/05 20:52:44.860, 1925, 2
2026/10/05 20:52:45.373, 1930, 1
2026/10/05 20:52:45.886, 1930, 1
2026/10/05 20:52:46.399, 1930, 0
2026/10/05 20:52:46.911, 1963, 0
2026/10/05 20:52:47.424, 1981, 2
2026/10/05 20:52:47.937, 1992, 2
2026/10/05 20:52:48.452, 1992, 0
2026/10/05 20:52:48.964, 1997, 0
2026/10/05 20:52:49.477, 1999, 0
2026/10/05 20:52:49.992, 1931, 0
2026/10/05 20:52:50.505, 1931, 1
2026/10/05 20:52:51.018, 1926, 2
2026/10/05 20:52:51.531, 1928, 0
2026/10/05 20:52:52.045, 1932, 0
2026/10/05 20:52:52.559, 1932, 0
2026/10/05 20:52:53.072, 1897, 1
2026/10/05 20:52:53.585, 1917, 2
2026/10/05 20:52:54.099, 1929, 0
2026/10/05 20:52:54.614, 1929, 0
2026/10/05 20:52:55.126, 1935, 0
2026/10/05 20:52:55.640, 1935, 0
2026/10/05 20:52:56.154, 1930, 1
2026/10/05 20:52:56.667, 1930, 1
2026/10/05 20:52:57.180, 1925, 0
2026/10/05 20:52:57.693, 1931, 0
2026/10/05 20:52:58.206, 1931, 0
2026/10/05 20:52:58.720, 1931, 0
2026/10/05 20:52:59.232, 1897, 1
2026/10/05 20:52:59.745, 1930, 2
2026/10/05 20:53:00.257, 1929, 0
2026/10/05 20:53:00.770, 1929, 0
2026/10/05 20:53:01.282, 1931, 0
2026/10/05 20:53:01.796, 1930, 0
2026/10/05 20:53:02.310, 1989, 2
2026/10/05 20:53:02.823, 1991, 2
2026/10/05 20:53:03.335, 1983, 2
2026/10/05 20:53:03.848, 1999, 0
2026/10/05 20:53:04.361, 1999, 0
2026/10/05 20:53:04.874, 1979, 0
2026/10/05 20:53:05.388, 1986, 0
2026/10/05 20:53:05.900, 1991, 2
2026/10/05 20:53:06.412, 1991, 1
2026/10/05 20:53:06.925, 1992, 0
2026/10/05 20:53:07.438, 1992, 0
2026/10/05 20:53:07.951, 1932, 0
2026/10/05 20:53:08.463, 1929, 0
2026/10/05 20:53:08.976, 1929, 2
2026/10/05 20:53:09.489, 1929, 1
2026/10/05 20:53:10.002, 1929, 0
2026/10/05 20:53:10.515, 1929, 1
2026/10/05 20:53:11.028, 1930, 0
2026/10/05 20:53:11.541, 1929, 0
2026/10/05 20:53:12.055, 1929, 2
2026/10/05 20:53:12.568, 1929, 0
2026/10/05 20:53:13.080, 1931, 1
2026/10/05 20:53:13.593, 1931, 0
2026/10/05 20:53:14.106, 1933, 1
2026/10/05 20:53:14.619, 1929, 2
2026/10/05 20:53:15.132, 1928, 1
2026/10/05 20:53:15.645, 1928, 0
2026/10/05 20:53:16.158, 1932, 1
2026/10/05 20:53:16.672, 1932, 0
2026/10/05 20:53:17.186, 1929, 1
2026/10/05 20:53:17.700, 1930, 2
2026/10/05 20:53:18.214, 1930, 2
2026/10/05 20:53:18.727, 1930, 0
2026/10/05 20:53:19.240, 1931, 1
2026/10/05 20:53:19.753, 1931, 0
2026/10/05 20:53:20.267, 1929, 0
2026/10/05 20:53:20.780, 1929, 2
2026/10/05 20:53:21.293, 1929, 2
2026/10/05 20:53:21.807, 1929, 0
2026/10/05 20:53:22.319, 1932, 0
2026/10/05 20:53:22.833, 1932, 0
2026/10/05 20:53:23.346, 1930, 0
2026/10/05 20:53:23.860, 1930, 2
2026/10/05 20:53:24.373, 1929, 2
2026/10/05 20:53:24.885, 1929, 0
2026/10/05 20:53:25.397, 1930, 0
2026/10/05 20:53:25.911, 1930, 0
2026/10/05 20:53:26.425, 1929, 0
2026/10/05 20:53:26.937, 1929, 2
2026/10/05 20:53:27.449, 1928, 1
2026/10/05 20:53:27.962, 1929, 0
2026/10/05 20:53:28.475, 1930, 1
2026/10/05 20:53:28.988, 1930, 0
2026/10/05 20:53:29.502, 1929, 0
2026/10/05 20:53:30.015, 1929, 2
2026/10/05 20:53:30.529, 1930, 2
2026/10/05 20:53:31.042, 1930, 0
2026/10/05 20:53:31.555, 1930, 0
2026/10/05 20:53:32.068, 1935, 0
2026/10/05 20:53:32.581, 1929, 2
2026/10/05 20:53:33.094, 1928, 2
2026/10/05 20:53:33.609, 1929, 0
2026/10/05 20:53:34.121, 1934, 0
2026/10/05 20:53:34.636, 1929, 0
2026/10/05 20:53:35.150, 1931, 0
2026/10/05 20:53:35.663, 1930, 2
2026/10/05 20:53:36.177, 1926, 2
2026/10/05 20:53:36.691, 1929, 0
2026/10/05 20:53:37.205, 1930, 0
2026/10/05 20:53:37.718, 1930, 0
2026/10/05 20:53:38.232, 1936, 0
2026/10/05 20:53:38.746, 1930, 2
2026/10/05 20:53:39.257, 1928, 2
2026/10/05 20:53:39.770, 1928, 0
2026/10/05 20:53:40.282, 1933, 0
2026/10/05 20:53:40.795, 1930, 0
2026/10/05 20:53:41.308, 1931, 0
2026/10/05 20:53:41.820, 1930, 1
2026/10/05 20:53:42.333, 1926, 2
2026/10/05 20:53:42.845, 1929, 1
2026/10/05 20:53:43.358, 1930, 0
2026/10/05 20:53:43.872, 1930, 0
2026/10/05 20:53:44.384, 1936, 0
2026/10/05 20:53:44.898, 1928, 1
2026/10/05 20:53:45.412, 1928, 2
2026/10/05 20:53:45.926, 1928, 0
2026/10/05 20:53:46.440, 1933, 0
2026/10/05 20:53:46.952, 1930, 1
2026/10/05 20:53:47.465, 1931, 0
2026/10/05 20:53:47.977, 1930, 0
2026/10/05 20:53:48.492, 1930, 2
2026/10/05 20:53:49.006, 1930, 1
2026/10/05 20:53:49.519, 1931, 0
2026/10/05 20:53:50.032, 1931, 0
2026/10/05 20:53:50.545, 1998, 0
2026/10/05 20:53:51.059, 1992, 2
2026/10/05 20:53:51.571, 1990, 1
2026/10/05 20:53:52.084, 1990, 0
2026/10/05 20:53:52.598, 1978, 1
2026/10/05 20:53:53.112, 1978, 0
2026/10/05 20:53:53.625, 1992, 0
2026/10/05 20:53:54.138, 1990, 2
2026/10/05 20:53:54.652, 1991, 1
2026/10/05 20:53:55.164, 1991, 0
2026/10/05 20:53:55.676, 1992, 0
2026/10/05 20:53:56.191, 1992, 0
2026/10/05 20:53:56.704, 1929, 0
2026/10/05 20:53:57.218, 1928, 2
2026/10/05 20:53:57.730, 1929, 1
2026/10/05 20:53:58.245, 1929, 0
2026/10/05 20:53:58.759, 1935, 0
2026/10/05 20:53:59.273, 1935, 0
2026/10/05 20:53:59.786, 1930, 1
2026/10/05 20:54:00.298, 1921, 2
2026/10/05 20:54:00.811, 1930, 2
2026/10/05 20:54:01.325, 1930, 0
2026/10/05 20:54:01.839, 1931, 0
2026/10/05 20:54:02.353, 1931, 0
2026/10/05 20:54:02.866, 1931, 0
2026/10/05 20:54:03.379, 1930, 2
2026/10/05 20:54:03.893, 1930, 2
2026/10/05 20:54:04.406, 1930, 0
2026/10/05 20:54:04.919, 1933, 0
2026/10/05 20:54:05.432, 1933, 0
2026/10/05 20:54:05.944, 1990, 1
2026/10/05 20:54:06.457, 1982, 2
2026/10/05 20:54:06.970, 1991, 2
2026/10/05 20:54:07.484, 1991, 0
2026/10/05 20:54:07.997, 1990, 0
2026/10/05 20:54:08.509, 1990, 0
2026/10/05 20:54:09.022, 1929, 0
2026/10/05 20:54:09.535, 1929, 1
2026/10/05 20:54:10.049, 1929, 2
2026/10/05 20:54:10.561, 1929, 0
2026/10/05 20:54:11.074, 1930, 0
2026/10/05 20:54:11.587, 1932, 0
2026/10/05 20:54:12.101, 1990, 2
2026/10/05 20:54:12.614, 1982, 2
2026/10/05 20:54:13.129, 1991, 0
2026/10/05 20:54:13.642, 1991, 0
2026/10/05 20:54:14.154, 1991, 0
2026/10/05 20:54:14.667, 1991, 0
2026/10/05 20:54:15.179, 1930, 2
2026/10/05 20:54:15.692, 1928, 2
2026/10/05 20:54:16.205, 1928, 0
2026/10/05 20:54:16.719, 1928, 0
2026/10/05 20:54:17.231, 1929, 1
2026/10/05 20:54:17.745, 1930, 0
2026/10/05 20:54:18.257, 1930, 2
2026/10/05 20:54:18.770, 1920, 2
2026/10/05 20:54:19.282, 1930, 1
2026/10/05 20:54:19.796, 1931, 0
2026/10/05 20:54:20.308, 1931, 0
2026/10/05 20:54:20.821, 1993, 0
2026/10/05 20:54:21.334, 1991, 2
2026/10/05 20:54:21.847, 2004, 2
2026/10/05 20:54:22.361, 2004, 1
2026/10/05 20:54:22.875, 2004, 0
2026/10/05 20:54:23.388, 1991, 1
2026/10/05 20:54:23.902, 2001, 0
2026/10/05 20:54:24.415, 1990, 2
2026/10/05 20:54:24.929, 1990, 2
2026/10/05 20:54:25.442, 1999, 1
2026/10/05 20:54:25.954, 2017, 0
2026/10/05 20:54:26.467, 2017, 1
2026/10/05 20:54:26.979, 1944, 0
2026/10/05 20:54:27.493, 1947, 1
2026/10/05 20:54:28.007, 1943, 2
2026/10/05 20:54:28.520, 1943, 0
2026/10/05 20:54:29.032, 1948, 0
2026/10/05 20:54:29.545, 1944, 0
2026/10/05 20:54:30.058, 1944, 0
2026/10/05 20:54:30.570, 1934, 1
2026/10/05 20:54:31.082, 1926, 0
2026/10/05 20:54:31.594, 1929, 0
2026/10/05 20:54:32.107, 1930, 0
2026/10/05 20:54:32.620, 1930, 0
2026/10/05 20:54:33.133, 1988, 2
2026/10/05 20:54:33.645, 1990, 1
2026/10/05 20:54:34.159, 1999, 0
2026/10/05 20:54:34.671, 1999, 0
2026/10/05 20:54:35.184, 2004, 0
2026/10/05 20:54:35.697, 1978, 0
2026/10/05 20:54:36.209, 5033, 64
2026/10/05 20:54:36.721, 6087, 56
2026/10/05 20:54:37.235, 6111, 64
2026/10/05 20:54:37.749, 6116, 65
2026/10/05 20:54:38.262, 6118, 70
2026/10/05 20:54:38.775, 6118, 69
2026/10/05 20:54:39.287, 7074, 75
2026/10/05 20:54:39.801, 7072, 78
2026/10/05 20:54:40.315, 7072, 73
2026/10/05 20:54:40.828, 7072, 78
2026/10/05 20:54:41.341, 7080, 79
2026/10/05 20:54:41.854, 7073, 79
2026/10/05 20:54:42.367, 6909, 80
2026/10/05 20:54:42.879, 7051, 81
2026/10/05 20:54:43.393, 6804, 81
2026/10/05 20:54:43.906, 7029, 86
2026/10/05 20:54:44.420, 6549, 82
2026/10/05 20:54:44.933, 6037, 89
2026/10/05 20:54:45.445, 6035, 69
2026/10/05 20:54:45.959, 6036, 65
2026/10/05 20:54:46.472, 6036, 66
2026/10/05 20:54:46.985, 6036, 70
2026/10/05 20:54:47.498, 5851, 75
2026/10/05 20:54:48.011, 5941, 18
2026/10/05 20:54:48.525, 1941, 83
2026/10/05 20:54:49.038, 1931, 1
2026/10/05 20:54:49.551, 1940, 1
2026/10/05 20:54:50.064, 1942, 0
2026/10/05 20:54:50.577, 1942, 0
2026/10/05 20:54:51.089, 1942, 0
2026/10/05 20:54:51.602, 4947, 50
2026/10/05 20:54:52.116, 5789, 94
2026/10/05 20:54:52.628, 6045, 70
2026/10/05 20:54:53.141, 5979, 70
2026/10/05 20:54:53.654, 6043, 70
2026/10/05 20:54:54.168, 6043, 76
2026/10/05 20:54:54.680, 6042, 84
2026/10/05 20:54:55.195, 6042, 79
2026/10/05 20:54:55.708, 6043, 71
2026/10/05 20:54:56.222, 6043, 36
2026/10/05 20:54:56.736, 6043, 67
2026/10/05 20:54:57.249, 6043, 84
2026/10/05 20:54:57.762, 5978, 85
2026/10/05 20:54:58.276, 2010, 83
2026/10/05 20:54:58.788, 2010, 0
2026/10/05 20:54:59.301, 2010, 0
2026/10/05 20:54:59.813, 1951, 0
2026/10/05 20:55:00.327, 2011, 0
2026/10/05 20:55:00.839, 2009, 1
2026/10/05 20:55:01.352, 2041, 2
2026/10/05 20:55:01.864, 5776, 59
2026/10/05 20:55:02.377, 6101, 95
2026/10/05 20:55:02.890, 6101, 65
2026/10/05 20:55:03.403, 6113, 69
2026/10/05 20:55:03.914, 6111, 93
2026/10/05 20:55:04.426, 6112, 69
2026/10/05 20:55:04.940, 7136, 71
2026/10/05 20:55:05.454, 6240, 80
2026/10/05 20:55:05.967, 7077, 83
2026/10/05 20:55:06.479, 6113, 85
2026/10/05 20:55:06.995, 7169, 77
2026/10/05 20:55:07.509, 7136, 83
2026/10/05 20:55:08.023, 7125, 86
2026/10/05 20:55:08.537, 7123, 84
2026/10/05 20:55:09.038, 7123, 84
2026/10/05 20:55:09.552, 6051, 83
2026/10/05 20:55:10.067, 6050, 72
2026/10/05 20:55:10.580, 6051, 69
2026/10/05 20:55:11.093, 6051, 70
2026/10/05 20:55:11.607, 6051, 85
2026/10/05 20:55:12.120, 6051, 36
2026/10/05 20:55:12.634, 6051, 38
2026/10/05 20:55:13.148, 6050, 40
2026/10/05 20:55:13.661, 6051, 65
2026/10/05 20:55:14.174, 6053, 74
2026/10/05 20:55:14.687, 7075, 83
2026/10/05 20:55:15.200, 5859, 58
2026/10/05 20:55:15.713, 2017, 91
2026/10/05 20:55:16.227, 2026, 2
2026/10/05 20:55:16.739, 2027, 0
2026/10/05 20:55:17.253, 2027, 0
2026/10/05 20:55:17.765, 1963, 0
2026/10/05 20:55:18.279, 1972, 0
2026/10/05 20:55:18.792, 1972, 2
2026/10/05 20:55:19.305, 1972, 2
2026/10/05 20:55:19.818, 1983, 0
2026/10/05 20:55:20.331, 1984, 1
2026/10/05 20:55:20.844, 1979, 0
2026/10/05 20:55:21.356, 1979, 0
2026/10/05 20:55:21.869, 2027, 2
2026/10/05 20:55:22.383, 2029, 2
2026/10/05 20:55:22.895, 2030, 0
2026/10/05 20:55:23.408, 2028, 0
2026/10/05 20:55:23.920, 1972, 0
2026/10/05 20:55:24.434, 1967, 1
2026/10/05 20:55:24.947, 2015, 1
2026/10/05 20:55:25.461, 2015, 1
2026/10/05 20:55:25.973, 2022, 0
2026/10/05 20:55:26.486, 2009, 1
2026/10/05 20:55:27.000, 2009, 0
2026/10/05 20:55:27.514, 2009, 0
2026/10/05 20:55:28.027, 1949, 1
2026/10/05 20:55:28.540, 1954, 1
2026/10/05 20:55:29.055, 1954, 0
2026/10/05 20:55:29.568, 1954, 0
2026/10/05 20:55:30.082, 1945, 0
2026/10/05 20:55:30.596, 1953, 1
2026/10/05 20:55:31.110, 1953, 1
2026/10/05 20:55:31.623, 1953, 1
2026/10/05 20:55:32.135, 1954, 0
2026/10/05 20:55:32.649, 1953, 1
2026/10/05 20:55:33.161, 1953, 0
2026/10/05 20:55:33.674, 2015, 2
2026/10/05 20:55:34.187, 2010, 2
2026/10/05 20:55:34.700, 2015, 1
2026/10/05 20:55:35.213, 2015, 0
2026/10/05 20:55:35.726, 2015, 0
2026/10/05 20:55:36.239, 1953, 1
2026/10/05 20:55:36.752, 2015, 2
2026/10/05 20:55:37.265, 2013, 1
2026/10/05 20:55:37.780, 2014, 1
2026/10/05 20:55:38.292, 2009, 1
2026/10/05 20:55:38.806, 2004, 0
2026/10/05 20:55:39.320, 2004, 0
2026/10/05 20:55:39.832, 1953, 0
2026/10/05 20:55:40.346, 1951, 2
2026/10/05 20:55:40.858, 1953, 1
2026/10/05 20:55:41.371, 1953, 0
2026/10/05 20:55:41.884, 1953, 0
2026/10/05 20:55:42.398, 1953, 0
2026/10/05 20:55:42.910, 1954, 0
2026/10/05 20:55:43.424, 1953, 2
2026/10/05 20:55:43.937, 1953, 1
2026/10/05 20:55:44.451, 1961, 0
2026/10/05 20:55:44.965, 1956, 0
2026/10/05 20:55:45.476, 1956, 0
2026/10/05 20:55:45.988, 1953, 0
2026/10/05 20:55:46.501, 1952, 1
2026/10/05 20:55:47.014, 1953, 1
2026/10/05 20:55:47.528, 1953, 0
2026/10/05 20:55:48.041, 1953, 0
2026/10/05 20:55:48.553, 1953, 0
2026/10/05 20:55:49.065, 1953, 0
2026/10/05 20:55:49.578, 1953, 2
2026/10/05 20:55:50.091, 1953, 0
2026/10/05 20:55:50.605, 1962, 1
2026/10/05 20:55:51.118, 1957, 0
2026/10/05 20:55:51.631, 1957, 0
2026/10/05 20:55:52.145, 1954, 2
2026/10/05 20:55:52.657, 1952, 2
2026/10/05 20:55:53.171, 1952, 0
2026/10/05 20:55:53.686, 1952, 0
2026/10/05 20:55:54.197, 1952, 0
2026/10/05 20:55:54.709, 1953, 1
2026/10/05 20:55:55.222, 1953, 1
2026/10/05 20:55:55.734, 1953, 1
2026/10/05 20:55:56.247, 1953, 0
2026/10/05 20:55:56.759, 1959, 0
2026/10/05 20:55:57.272, 1956, 0
2026/10/05 20:55:57.785, 1955, 0
2026/10/05 20:55:58.298, 1952, 2
2026/10/05 20:55:58.810, 1952, 1
2026/10/05 20:55:59.324, 1952, 0
2026/10/05 20:55:59.836, 1952, 0
2026/10/05 20:56:00.349, 1944, 0
2026/10/05 20:56:00.860, 2015, 0
2026/10/05 20:56:01.373, 2014, 2
2026/10/05 20:56:01.887, 2014, 2
2026/10/05 20:56:02.399, 2020, 0
2026/10/05 20:56:02.911, 2017, 0
2026/10/05 20:56:03.425, 2003, 0
2026/10/05 20:56:03.940, 1953, 0
2026/10/05 20:56:04.454, 1952, 1
2026/10/05 20:56:04.967, 1952, 2
2026/10/05 20:56:05.480, 1952, 0
2026/10/05 20:56:05.993, 1952, 0
2026/10/05 20:56:06.506, 1952, 0
2026/10/05 20:56:07.021, 2014, 0
2026/10/05 20:56:07.534, 2019, 2
2026/10/05 20:56:08.047, 2019, 2
2026/10/05 20:56:08.560, 2026, 0
2026/10/05 20:56:09.072, 2022, 1
2026/10/05 20:56:09.585, 2003, 0
2026/10/05 20:56:10.098, 1953, 1
2026/10/05 20:56:10.612, 1948, 2
2026/10/05 20:56:11.125, 1953, 0
2026/10/05 20:56:11.639, 1953, 0
2026/10/05 20:56:12.151, 1953, 0
2026/10/05 20:56:12.664, 1954, 1
2026/10/05 20:56:13.178, 1953, 1
2026/10/05 20:56:13.692, 1951, 1
2026/10/05 20:56:14.204, 1951, 0
2026/10/05 20:56:14.717, 1958, 1
2026/10/05 20:56:15.230, 1958, 0
2026/10/05 20:56:15.744, 1954, 0
2026/10/05 20:56:16.257, 1952, 1
2026/10/05 20:56:16.770, 1948, 1
2026/10/05 20:56:17.282, 1952, 1
2026/10/05 20:56:17.795, 1952, 0
2026/10/05 20:56:18.308, 1952, 0
2026/10/05 20:56:18.820, 1952, 0
2026/10/05 20:56:19.334, 1952, 1
2026/10/05 20:56:19.834, 1951, 2
2026/10/05 20:56:20.349, 1951, 0
2026/10/05 20:56:20.862, 1958, 0
2026/10/05 20:56:21.376, 1960, 0
2026/10/05 20:56:21.889, 1959, 0
2026/10/05 20:56:22.402, 1952, 1
2026/10/05 20:56:22.915, 1947, 1
2026/10/05 20:56:23.427, 1951, 1
2026/10/05 20:56:23.939, 1952, 0
2026/10/05 20:56:24.452, 1952, 0
2026/10/05 20:56:24.966, 1952, 0
2026/10/05 20:56:25.478, 1952, 1
2026/10/05 20:56:25.991, 1951, 1
2026/10/05 20:56:26.504, 1951, 0
2026/10/05 20:56:27.017, 1957, 0
2026/10/05 20:56:27.530, 1954, 1
2026/10/05 20:56:28.043, 1954, 0
2026/10/05 20:56:28.555, 1952, 0
2026/10/05 20:56:29.066, 1950, 1
2026/10/05 20:56:29.580, 1952, 0
2026/10/05 20:56:30.094, 1952, 0
2026/10/05 20:56:30.607, 1952, 0
2026/10/05 20:56:31.120, 2015, 0
2026/10/05 20:56:31.633, 2012, 1
2026/10/05 20:56:32.147, 2012, 1
2026/10/05 20:56:32.660, 2012, 0
2026/10/05 20:56:33.173, 2021, 0
2026/10/05 20:56:33.685, 2021, 0
2026/10/05 20:56:34.199, 2015, 0
2026/10/05 20:56:34.713, 2012, 1
2026/10/05 20:56:35.227, 2013, 1
2026/10/05 20:56:35.741, 2016, 0
2026/10/05 20:56:36.255, 2016, 0
2026/10/05 20:56:36.768, 2016, 0
2026/10/05 20:56:37.283, 1955, 0
2026/10/05 20:56:37.797, 1954, 2
2026/10/05 20:56:38.310, 1954, 1
2026/10/05 20:56:38.824, 1973, 1
2026/10/05 20:56:39.337, 1975, 0
2026/10/05 20:56:39.851, 1975, 0
2026/10/05 20:56:40.364, 1973, 0
2026/10/05 20:56:40.877, 1968, 2
2026/10/05 20:56:41.390, 1969, 2
2026/10/05 20:56:41.902, 2290, 0
2026/10/05 20:56:42.415, 4794, 50
2026/10/05 20:56:42.930, 4794, 0
2026/10/05 20:56:43.430, 4794, 0
2026/10/05 20:56:43.943, 5667, 1
2026/10/05 20:56:44.457, 5673, 3
2026/10/05 20:56:44.970, 5679, 40
2026/10/05 20:56:45.484, 5686, 8
2026/10/05 20:56:45.998, 5687, 39
2026/10/05 20:56:46.513, 5694, 39
2026/10/05 20:56:47.028, 5694, 38
2026/10/05 20:56:47.540, 5702, 41
2026/10/05 20:56:48.055, 5703, 39
2026/10/05 20:56:48.569, 5705, 37
2026/10/05 20:56:49.084, 5706, 38
2026/10/05 20:56:49.597, 5705, 40
2026/10/05 20:56:50.109, 5705, 42
2026/10/05 20:56:50.623, 5705, 41
2026/10/05 20:56:51.136, 5705, 41
2026/10/05 20:56:51.649, 5706, 0
2026/10/05 20:56:52.162, 1956, 1
2026/10/05 20:56:52.676, 1956, 1
2026/10/05 20:56:53.189, 1953, 2
2026/10/05 20:56:53.704, 1956, 0
2026/10/05 20:56:54.217, 1956, 0
2026/10/05 20:56:54.731, 1956, 0
2026/10/05 20:56:55.243, 4506, 41
2026/10/05 20:56:55.757, 4781, 2
2026/10/05 20:56:56.272, 4781, 1
2026/10/05 20:56:56.786, 4913, 0
2026/10/05 20:56:57.300, 5674, 2
2026/10/05 20:56:57.815, 5681, 100
2026/10/05 20:56:58.330, 5680, 11
2026/10/05 20:56:58.843, 5681, 13
2026/10/05 20:56:59.356, 5684, 41
2026/10/05 20:56:59.870, 5689, 40
2026/10/05 20:57:00.384, 5695, 38
2026/10/05 20:57:00.899, 5697, 24
2026/10/05 20:57:01.412, 5704, 25
2026/10/05 20:57:01.927, 5703, 16
2026/10/05 20:57:02.442, 5703, 13
2026/10/05 20:57:02.955, 5703, 11
2026/10/05 20:57:03.468, 5704, 11
2026/10/05 20:57:03.981, 5707, 26
2026/10/05 20:57:04.495, 5707, 11
2026/10/05 20:57:05.008, 5767, 14
2026/10/05 20:57:05.522, 5764, 14
2026/10/05 20:57:06.035, 5766, 12
2026/10/05 20:57:06.549, 5766, 12
2026/10/05 20:57:07.063, 5766, 12
2026/10/05 20:57:07.574, 5768, 20
2026/10/05 20:57:08.089, 5766, 24
2026/10/05 20:57:08.603, 5766, 27
2026/10/05 20:57:09.115, 5766, 42
2026/10/05 20:57:09.630, 5768, 40
2026/10/05 20:57:10.144, 5766, 0
2026/10/05 20:57:10.657, 2018, 0
2026/10/05 20:57:11.170, 2013, 1
2026/10/05 20:57:11.683, 2017, 1
2026/10/05 20:57:12.197, 2017, 0
2026/10/05 20:57:12.709, 2017, 1
2026/10/05 20:57:13.224, 2025, 0
2026/10/05 20:57:13.738, 4843, 55
2026/10/05 20:57:14.252, 4842, 1
2026/10/05 20:57:14.765, 4842, 1
2026/10/05 20:57:15.278, 4842, 0
2026/10/05 20:57:15.792, 5726, 4
2026/10/05 20:57:16.305, 5728, 85
2026/10/05 20:57:16.818, 5681, 11
2026/10/05 20:57:17.332, 5680, 40
2026/10/05 20:57:17.845, 5689, 40
2026/10/05 20:57:18.358, 5693, 38
2026/10/05 20:57:18.871, 5697, 40
2026/10/05 20:57:19.383, 5703, 40
2026/10/05 20:57:19.896, 5764, 39
2026/10/05 20:57:20.410, 5766, 40
2026/10/05 20:57:20.924, 5783, 37
2026/10/05 20:57:21.440, 5783, 35
2026/10/05 20:57:21.954, 5784, 11
2026/10/05 20:57:22.467, 5790, 39
2026/10/05 20:57:22.980, 5728, 38
2026/10/05 20:57:23.492, 5722, 41
2026/10/05 20:57:24.006, 5722, 42
2026/10/05 20:57:24.521, 5722, 34
2026/10/05 20:57:25.033, 4454, 0
2026/10/05 20:57:25.546, 1973, 1
2026/10/05 20:57:26.060, 2026, 0
2026/10/05 20:57:26.573, 2026, 1
2026/10/05 20:57:27.087, 2026, 1
2026/10/05 20:57:27.602, 2017, 0
2026/10/05 20:57:28.103, 2856, 0
2026/10/05 20:57:28.616, 4830, 0
2026/10/05 20:57:29.128, 4781, 1
2026/10/05 20:57:29.642, 4777, 1
2026/10/05 20:57:30.158, 5673, 2
2026/10/05 20:57:30.673, 5679, 100
2026/10/05 20:57:31.185, 5681, 27
2026/10/05 20:57:31.697, 5688, 39
2026/10/05 20:57:32.210, 5689, 39
2026/10/05 20:57:32.723, 5695, 41
2026/10/05 20:57:33.223, 5703, 38
2026/10/05 20:57:33.738, 5703, 38
2026/10/05 20:57:34.251, 5703, 18
2026/10/05 20:57:34.766, 5705, 22
2026/10/05 20:57:35.279, 5705, 24
2026/10/05 20:57:35.792, 5702, 37
2026/10/05 20:57:36.305, 5705, 27
2026/10/05 20:57:36.820, 5705, 12
2026/10/05 20:57:37.334, 5705, 16
2026/10/05 20:57:37.846, 5705, 11
2026/10/05 20:57:38.359, 5705, 15
2026/10/05 20:57:38.872, 5705, 13
2026/10/05 20:57:39.385, 5705, 24
2026/10/05 20:57:39.899, 5706, 24
2026/10/05 20:57:40.414, 5707, 22
2026/10/05 20:57:40.926, 5689, 0
2026/10/05 20:57:41.440, 1952, 2
2026/10/05 20:57:41.954, 1953, 2
2026/10/05 20:57:42.468, 1956, 0
2026/10/05 20:57:42.981, 1956, 0
2026/10/05 20:57:43.494, 1956, 0
2026/10/05 20:57:44.007, 2403, 0
2026/10/05 20:57:44.521, 4799, 29
2026/10/05 20:57:45.034, 4799, 1
2026/10/05 20:57:45.547, 4799, 0
2026/10/05 20:57:46.060, 4796, 0
2026/10/05 20:57:46.574, 5682, 0
2026/10/05 20:57:47.087, 5692, 25
2026/10/05 20:57:47.601, 5689, 98
2026/10/05 20:57:48.114, 5692, 17
2026/10/05 20:57:48.627, 5697, 23
2026/10/05 20:57:49.140, 5686, 25
2026/10/05 20:57:49.651, 5688, 25
2026/10/05 20:57:50.165, 5691, 39
2026/10/05 20:57:50.679, 5699, 41
2026/10/05 20:57:51.192, 5704, 37
2026/10/05 20:57:51.707, 5704, 11
2026/10/05 20:57:52.220, 5706, 11
2026/10/05 20:57:52.734, 5705, 25
2026/10/05 20:57:53.247, 5705, 12
2026/10/05 20:57:53.760, 5699, 14
2026/10/05 20:57:54.274, 5704, 13
2026/10/05 20:57:54.787, 5706, 42
2026/10/05 20:57:55.302, 5706, 40
2026/10/05 20:57:55.816, 5706, 42
2026/10/05 20:57:56.329, 5767, 41
2026/10/05 20:57:56.842, 5767, 25
2026/10/05 20:57:57.357, 5767, 25
2026/10/05 20:57:57.870, 5773, 25
2026/10/05 20:57:58.383, 5754, 44
2026/10/05 20:57:58.897, 5754, 42
2026/10/05 20:57:59.412, 5768, 41
2026/10/05 20:57:59.925, 5755, 1
2026/10/05 20:58:00.438, 2018, 1
2026/10/05 20:58:00.952, 2035, 0
2026/10/05 20:58:01.466, 2035, 0
2026/10/05 20:58:01.980, 2027, 0
2026/10/05 20:58:02.492, 1974, 0
2026/10/05 20:58:03.005, 1970, 3
2026/10/05 20:58:03.519, 4795, 3
2026/10/05 20:58:04.032, 4801, 25
2026/10/05 20:58:04.547, 4797, 0
2026/10/05 20:58:05.059, 4797, 0
2026/10/05 20:58:05.573, 5742, 0
2026/10/05 20:58:06.087, 5734, 27
2026/10/05 20:58:06.588, 5740, 70
2026/10/05 20:58:07.101, 5742, 21
2026/10/05 20:58:07.613, 5742, 10
2026/10/05 20:58:08.127, 5696, 10
2026/10/05 20:58:08.641, 5746, 36
2026/10/05 20:58:09.154, 5749, 40
2026/10/05 20:58:09.668, 5755, 40
2026/10/05 20:58:10.181, 5763, 39
2026/10/05 20:58:10.694, 5750, 40
2026/10/05 20:58:11.206, 5751, 39
2026/10/05 20:58:11.718, 5705, 18
2026/10/05 20:58:12.230, 5702, 40
2026/10/05 20:58:12.744, 5705, 40
2026/10/05 20:58:13.256, 5704, 39
2026/10/05 20:58:13.769, 5704, 40
2026/10/05 20:58:14.282, 5704, 41
2026/10/05 20:58:14.796, 5704, 41
2026/10/05 20:58:15.310, 5703, 24
2026/10/05 20:58:15.822, 5703, 23
2026/10/05 20:58:16.335, 1958, 0
2026/10/05 20:58:16.848, 1954, 0
2026/10/05 20:58:17.359, 1954, 0
2026/10/05 20:58:17.872, 1953, 2
2026/10/05 20:58:18.386, 1951, 1
2026/10/05 20:58:18.904, 1956, 0
2026/10/05 20:58:19.415, 2785, 0
2026/10/05 20:58:19.928, 4779, 53
2026/10/05 20:58:20.441, 4769, 0
2026/10/05 20:58:20.954, 4779, 1
2026/10/05 20:58:21.469, 4779, 1
2026/10/05 20:58:21.983, 5678, 0
2026/10/05 20:58:22.498, 5685, 6
2026/10/05 20:58:23.013, 5688, 6
2026/10/05 20:58:23.528, 5686, 39
2026/10/05 20:58:24.042, 5684, 23
2026/10/05 20:58:24.555, 5691, 39
2026/10/05 20:58:25.067, 5702, 39
2026/10/05 20:58:25.581, 5702, 39
2026/10/05 20:58:26.093, 5701, 22
2026/10/05 20:58:26.607, 5755, 21
2026/10/05 20:58:27.121, 5767, 27
2026/10/05 20:58:27.636, 5767, 31
2026/10/05 20:58:28.149, 5773, 25
2026/10/05 20:58:28.663, 5774, 13
2026/10/05 20:58:29.177, 5768, 11
2026/10/05 20:58:29.690, 5706, 13
2026/10/05 20:58:30.204, 5702, 13
2026/10/05 20:58:30.716, 5703, 12
2026/10/05 20:58:31.230, 5705, 12
2026/10/05 20:58:31.745, 5705, 31
2026/10/05 20:58:32.259, 5705, 12
2026/10/05 20:58:32.771, 5754, 13
2026/10/05 20:58:33.285, 5765, 27
2026/10/05 20:58:33.798, 5765, 12
2026/10/05 20:58:34.312, 5771, 43
2026/10/05 20:58:34.824, 5771, 28
2026/10/05 20:58:35.337, 5771, 22
2026/10/05 20:58:35.851, 5764, 13
2026/10/05 20:58:36.365, 2012, 1
2026/10/05 20:58:36.879, 2013, 0
2026/10/05 20:58:37.393, 2016, 0
2026/10/05 20:58:37.905, 2016, 0
2026/10/05 20:58:38.418, 1954, 0
2026/10/05 20:58:38.932, 1943, 1
2026/10/05 20:58:39.445, 3809, 2
2026/10/05 20:58:39.960, 4779, 50
2026/10/05 20:58:40.474, 4785, 0
2026/10/05 20:58:40.988, 4786, 0
2026/10/05 20:58:41.502, 4781, 0
2026/10/05 20:58:42.016, 5674, 19
2026/10/05 20:58:42.530, 5674, 39
2026/10/05 20:58:43.042, 5679, 33
2026/10/05 20:58:43.555, 5685, 38
2026/10/05 20:58:44.070, 5691, 39
2026/10/05 20:58:44.582, 5695, 38
2026/10/05 20:58:45.095, 5685, 23
2026/10/05 20:58:45.609, 5695, 14
2026/10/05 20:58:46.122, 5701, 15
2026/10/05 20:58:46.635, 5707, 11
2026/10/05 20:58:47.148, 5709, 12
2026/10/05 20:58:47.661, 5702, 12
2026/10/05 20:58:48.174, 5702, 42
2026/10/05 20:58:48.685, 5700, 24
2026/10/05 20:58:49.198, 5704, 38
2026/10/05 20:58:49.713, 5706, 41
2026/10/05 20:58:50.226, 5706, 36
2026/10/05 20:58:50.740, 5698, 20
2026/10/05 20:58:51.254, 5696, 22
2026/10/05 20:58:51.768, 5707, 39
2026/10/05 20:58:52.282, 5725, 41
2026/10/05 20:58:52.797, 5731, 41
2026/10/05 20:58:53.310, 5731, 0
2026/10/05 20:58:53.823, 2156, 1
2026/10/05 20:58:54.337, 4855, 55
2026/10/05 20:58:54.850, 4858, 1
2026/10/05 20:58:55.363, 4856, 0
2026/10/05 20:58:55.876, 4856, 0
2026/10/05 20:58:56.388, 5748, 8
2026/10/05 20:58:56.902, 5743, 71
2026/10/05 20:58:57.415, 5742, 23
2026/10/05 20:58:57.928, 5742, 11
2026/10/05 20:58:58.441, 5744, 15
2026/10/05 20:58:58.954, 5694, 40
2026/10/05 20:58:59.468, 5693, 39
2026/10/05 20:58:59.981, 5697, 40
2026/10/05 20:59:00.495, 5703, 39
2026/10/05 20:59:01.007, 5708, 41
2026/10/05 20:59:01.520, 5705, 40
2026/10/05 20:59:02.032, 5705, 38
2026/10/05 20:59:02.546, 5705, 30
2026/10/05 20:59:03.059, 5695, 22
2026/10/05 20:59:03.573, 5706, 25
2026/10/05 20:59:04.087, 5706, 13
2026/10/05 20:59:04.599, 5706, 11
2026/10/05 20:59:05.112, 5697, 11
2026/10/05 20:59:05.625, 5705, 12
2026/10/05 20:59:06.138, 5704, 42
2026/10/05 20:59:06.651, 5704, 42
2026/10/05 20:59:07.165, 5711, 0
2026/10/05 20:59:07.680, 1961, 2
2026/10/05 20:59:08.194, 1975, 0
2026/10/05 20:59:08.707, 1975, 0
2026/10/05 20:59:09.221, 1967, 2
2026/10/05 20:59:09.734, 1970, 2
2026/10/05 20:59:10.248, 1966, 0
2026/10/05 20:59:10.762, 1966, 0
2026/10/05 20:59:11.276, 1955, 0
2026/10/05 20:59:11.788, 1965, 0
2026/10/05 20:59:12.301, 1966, 2
2026/10/05 20:59:12.814, 1965, 1
2026/10/05 20:59:13.327, 1958, 0
2026/10/05 20:59:13.841, 1957, 0
2026/10/05 20:59:14.355, 1957, 0
2026/10/05 20:59:14.868, 1957, 0
2026/10/05 20:59:15.381, 1949, 2
2026/10/05 20:59:15.893, 1952, 1
2026/10/05 20:59:16.406, 1952, 0
2026/10/05 20:59:16.921, 1952, 0
2026/10/05 20:59:17.434, 1941, 1
2026/10/05 20:59:17.947, 1952, 0
2026/10/05 20:59:18.460, 1951, 1
2026/10/05 20:59:18.973, 1951, 1
2026/10/05 20:59:19.487, 1958, 1
2026/10/05 20:59:20.001, 1953, 0
2026/10/05 20:59:20.513, 1953, 0
2026/10/05 20:59:21.028, 1952, 0
2026/10/05 20:59:21.541, 1949, 2
2026/10/05 20:59:22.054, 1952, 1
2026/10/05 20:59:22.568, 1952, 0
2026/10/05 20:59:23.081, 1952, 0
2026/10/05 20:59:23.595, 1952, 0
2026/10/05 20:59:24.110, 1952, 0
2026/10/05 20:59:24.624, 1952, 1
2026/10/05 20:59:25.137, 1952, 0
2026/10/05 20:59:25.650, 1960, 0
2026/10/05 20:59:26.163, 1955, 0
2026/10/05 20:59:26.675, 1955, 0
2026/10/05 20:59:27.189, 2011, 3
2026/10/05 20:59:27.702, 2011, 1
2026/10/05 20:59:28.215, 2014, 0
2026/10/05 20:59:28.726, 2014, 0
2026/10/05 20:59:29.239, 1952, 0
2026/10/05 20:59:29.753, 1952, 0
2026/10/05 20:59:30.266, 1952, 1
2026/10/05 20:59:30.779, 1951, 1
2026/10/05 20:59:31.293, 1959, 0
2026/10/05 20:59:31.807, 1959, 0
2026/10/05 20:59:32.320, 1958, 0
2026/10/05 20:59:32.833, 1958, 0
2026/10/05 20:59:33.347, 2012, 2
2026/10/05 20:59:33.860, 2012, 1
2026/10/05 20:59:34.374, 2014, 1
2026/10/05 20:59:34.888, 2014, 0
2026/10/05 20:59:35.402, 1952, 0
2026/10/05 20:59:35.914, 1952, 0
2026/10/05 20:59:36.427, 2013, 2
2026/10/05 20:59:36.939, 2013, 1
2026/10/05 20:59:37.453, 2007, 1
2026/10/05 20:59:37.965, 2007, 0
2026/10/05 20:59:38.479, 2002, 1
2026/10/05 20:59:38.990, 2002, 0
2026/10/05 20:59:39.501, 2011, 0
2026/10/05 20:59:40.016, 2011, 1
2026/10/05 20:59:40.528, 2014, 1
2026/10/05 20:59:41.041, 2014, 0
2026/10/05 20:59:41.554, 1952, 0
2026/10/05 20:59:42.067, 1952, 0
2026/10/05 20:59:42.579, 1951, 1
2026/10/05 20:59:43.092, 2158, 1
2026/10/05 20:59:43.605, 10589, 1
2026/10/05 20:59:44.118, 12509, 53
2026/10/05 20:59:44.631, 13375, 38
2026/10/05 20:59:45.145, 13389, 100
2026/10/05 20:59:45.659, 13386, 98
2026/10/05 20:59:46.172, 13386, 98
2026/10/05 20:59:46.685, 1976, 0
2026/10/05 20:59:47.198, 1976, 0
2026/10/05 20:59:47.712, 1976, 0
2026/10/05 20:59:48.225, 1976, 0
2026/10/05 20:59:48.736, 2183, 2
2026/10/05 20:59:49.248, 10607, 84
2026/10/05 20:59:49.761, 10606, 53
2026/10/05 20:59:50.274, 13339, 33
2026/10/05 20:59:50.787, 13365, 100
2026/10/05 20:59:51.300, 13364, 100
2026/10/05 20:59:51.814, 13355, 97
2026/10/05 20:59:52.326, 1955, 97
2026/10/05 20:59:52.839, 1964, 0
2026/10/05 20:59:53.351, 1955, 0
2026/10/05 20:59:53.865, 1955, 0
2026/10/05 20:59:54.378, 1964, 0
2026/10/05 20:59:54.892, 2181, 3
2026/10/05 20:59:55.405, 10605, 2
2026/10/05 20:59:55.919, 10606, 55
2026/10/05 20:59:56.433, 13352, 50
2026/10/05 20:59:56.947, 13378, 58
2026/10/05 20:59:57.460, 13439, 100
2026/10/05 20:59:57.972, 13436, 82
2026/10/05 20:59:58.485, 2045, 3
2026/10/05 20:59:58.999, 2036, 4
2026/10/05 20:59:59.514, 2036, 0
2026/10/05 21:00:00.027, 1983, 1
2026/10/05 21:00:00.539, 2246, 9
2026/10/05 21:00:01.052, 10671, 2
2026/10/05 21:00:01.564, 10677, 53
2026/10/05 21:00:02.076, 13409, 53
2026/10/05 21:00:02.587, 13427, 1
2026/10/05 21:00:03.101, 13427, 100
2026/10/05 21:00:03.614, 13433, 98
2026/10/05 21:00:04.128, 13430, 98
2026/10/05 21:00:04.642, 2030, 0
2026/10/05 21:00:05.155, 2030, 4
2026/10/05 21:00:05.670, 1960, 1
2026/10/05 21:00:06.184, 1969, 0
2026/10/05 21:00:06.699, 2188, 2
2026/10/05 21:00:07.211, 3643, 1
2026/10/05 21:00:07.724, 10658, 45
2026/10/05 21:00:08.236, 13226, 46
2026/10/05 21:00:08.749, 13437, 12
2026/10/05 21:00:09.262, 13437, 100
2026/10/05 21:00:09.777, 13420, 100
2026/10/05 21:00:10.289, 13421, 83
2026/10/05 21:00:10.802, 13424, 98
2026/10/05 21:00:11.314, 13424, 98
2026/10/05 21:00:11.828, 2133, 0
2026/10/05 21:00:12.341, 1979, 0
2026/10/05 21:00:12.854, 1966, 1
2026/10/05 21:00:13.368, 1958, 1
2026/10/05 21:00:13.881, 2172, 6
2026/10/05 21:00:14.395, 10604, 0
2026/10/05 21:00:14.907, 10598, 54
2026/10/05 21:00:15.420, 13362, 37
2026/10/05 21:00:15.931, 13420, 100
2026/10/05 21:00:16.444, 13420, 100
2026/10/05 21:00:16.959, 13423, 98
2026/10/05 21:00:17.472, 13423, 98
2026/10/05 21:00:17.985, 13375, 98
2026/10/05 21:00:18.497, 1970, 98
2026/10/05 21:00:19.010, 2019, 1
2026/10/05 21:00:19.524, 2019, 1
2026/10/05 21:00:20.038, 2021, 0
2026/10/05 21:00:20.551, 2228, 0
2026/10/05 21:00:21.063, 2213, 6
2026/10/05 21:00:21.577, 10637, 35
2026/10/05 21:00:22.089, 13146, 46
2026/10/05 21:00:22.604, 13370, 51
2026/10/05 21:00:23.116, 13374, 100
2026/10/05 21:00:23.630, 13374, 100
2026/10/05 21:00:24.144, 13367, 98
2026/10/05 21:00:24.657, 13367, 98
2026/10/05 21:00:25.169, 13366, 98
2026/10/05 21:00:25.684, 1963, 1
2026/10/05 21:00:26.196, 1979, 0
2026/10/05 21:00:26.710, 1978, 0
2026/10/05 21:00:27.223, 1973, 0
2026/10/05 21:00:27.734, 2231, 1
2026/10/05 21:00:28.247, 10655, 88
2026/10/05 21:00:28.759, 10655, 54
2026/10/05 21:00:29.270, 13404, 45
2026/10/05 21:00:29.783, 13422, 100
2026/10/05 21:00:30.295, 13373, 100
2026/10/05 21:00:30.809, 13412, 71
2026/10/05 21:00:31.322, 13421, 98
2026/10/05 21:00:31.833, 3099, 98
2026/10/05 21:00:32.347, 2033, 1
2026/10/05 21:00:32.859, 2033, 0
2026/10/05 21:00:33.372, 2019, 0
2026/10/05 21:00:33.884, 1956, 0
2026/10/05 21:00:34.397, 2169, 3
2026/10/05 21:00:34.908, 10596, 2
2026/10/05 21:00:35.421, 10588, 53
2026/10/05 21:00:35.935, 13360, 53
2026/10/05 21:00:36.448, 13361, 100
2026/10/05 21:00:36.960, 13360, 86
2026/10/05 21:00:37.474, 13358, 98
2026/10/05 21:00:37.987, 1955, 98
2026/10/05 21:00:38.499, 1970, 0
2026/10/05 21:00:39.011, 1966, 8
2026/10/05 21:00:39.524, 1958, 0
2026/10/05 21:00:40.036, 1957, 0
2026/10/05 21:00:40.549, 2169, 12
2026/10/05 21:00:41.063, 10596, 2
2026/10/05 21:00:41.575, 10588, 46
2026/10/05 21:00:42.087, 13334, 50
2026/10/05 21:00:42.599, 13360, 0
2026/10/05 21:00:43.113, 13421, 100
2026/10/05 21:00:43.627, 13420, 90
2026/10/05 21:00:44.139, 13420, 98
2026/10/05 21:00:44.652, 2018, 7
2026/10/05 21:00:45.166, 2014, 5
2026/10/05 21:00:45.680, 2004, 0
2026/10/05 21:00:46.194, 2024, 1
2026/10/05 21:00:46.707, 2033, 2
2026/10/05 21:00:47.220, 2232, 1
2026/10/05 21:00:47.733, 10647, 97
2026/10/05 21:00:48.246, 10656, 46
2026/10/05 21:00:48.759, 13341, 39
2026/10/05 21:00:49.271, 13366, 100
2026/10/05 21:00:49.783, 13358, 100
2026/10/05 21:00:50.296, 13364, 98
2026/10/05 21:00:50.808, 13361, 98
2026/10/05 21:00:51.319, 13363, 97
2026/10/05 21:00:51.831, 13363, 98
2026/10/05 21:00:52.344, 10435, 98
2026/10/05 21:00:52.856, 1954, 1
2026/10/05 21:00:53.369, 1956, 1
2026/10/05 21:00:53.882, 1954, 0
2026/10/05 21:00:54.395, 1963, 0
2026/10/05 21:00:54.907, 2170, 0
2026/10/05 21:00:55.419, 10585, 2
2026/10/05 21:00:55.934, 10585, 54
2026/10/05 21:00:56.446, 13355, 46
2026/10/05 21:00:56.960, 13378, 23
2026/10/05 21:00:57.473, 13377, 100
2026/10/05 21:00:57.986, 13378, 100
2026/10/05 21:00:58.500, 13375, 98
2026/10/05 21:00:59.013, 13374, 98
2026/10/05 21:00:59.526, 13369, 98
2026/10/05 21:01:00.039, 13369, 98
2026/10/05 21:01:00.552, 13368, 97
2026/10/05 21:01:01.065, 13358, 98
2026/10/05 21:01:01.576, 13369, 97
2026/10/05 21:01:02.088, 13361, 54
2026/10/05 21:01:02.601, 13362, 98
2026/10/05 21:01:03.114, 13361, 97
2026/10/05 21:01:03.627, 13362, 98
2026/10/05 21:01:04.140, 13422, 97
2026/10/05 21:01:04.653, 3224, 65
2026/10/05 21:01:05.166, 2015, 4
2026/10/05 21:01:05.677, 2018, 0
2026/10/05 21:01:06.191, 2027, 0
2026/10/05 21:01:06.706, 1979, 1
2026/10/05 21:01:07.218, 2034, 10
2026/10/05 21:01:07.730, 2242, 2
2026/10/05 21:01:08.243, 10666, 53
2026/10/05 21:01:08.756, 13412, 53
2026/10/05 21:01:09.269, 13447, 100
2026/10/05 21:01:09.782, 13446, 100
2026/10/05 21:01:10.295, 13377, 71
2026/10/05 21:01:10.807, 13367, 98
2026/10/05 21:01:11.320, 13367, 98
2026/10/05 21:01:11.834, 13369, 97
2026/10/05 21:01:12.346, 13369, 97
2026/10/05 21:01:12.858, 13370, 97
2026/10/05 21:01:13.371, 1955, 1
2026/10/05 21:01:13.884, 1965, 1
2026/10/05 21:01:14.398, 1975, 1
2026/10/05 21:01:14.911, 1983, 0
2026/10/05 21:01:15.425, 1992, 13
2026/10/05 21:01:15.939, 9293, 1
2026/10/05 21:01:16.450, 10607, 45
2026/10/05 21:01:16.964, 13342, 43
2026/10/05 21:01:17.477, 13375, 7
2026/10/05 21:01:17.990, 13378, 100
2026/10/05 21:01:18.502, 13369, 100
2026/10/05 21:01:19.016, 13370, 98
2026/10/05 21:01:19.528, 13421, 98
2026/10/05 21:01:20.041, 13430, 97
2026/10/05 21:01:20.554, 13430, 97
2026/10/05 21:01:21.067, 2038, 97
2026/10/05 21:01:21.580, 2047, 0
2026/10/05 21:01:22.094, 2025, 5
2026/10/05 21:01:22.607, 2027, 0
2026/10/05 21:01:23.120, 2024, 1
2026/10/05 21:01:23.632, 2232, 15
2026/10/05 21:01:24.147, 10649, 0
2026/10/05 21:01:24.660, 10657, 46
2026/10/05 21:01:25.173, 13362, 0
2026/10/05 21:01:25.686, 13350, 100
2026/10/05 21:01:26.199, 13360, 98
2026/10/05 21:01:26.711, 13360, 98
2026/10/05 21:01:27.224, 13367, 98
2026/10/05 21:01:27.736, 1963, 0
2026/10/05 21:01:28.248, 1967, 0
2026/10/05 21:01:28.760, 1965, 1
2026/10/05 21:01:29.272, 1962, 1
2026/10/05 21:01:29.785, 1957, 0
2026/10/05 21:01:30.299, 10045, 0
2026/10/05 21:01:30.811, 10597, 47
2026/10/05 21:01:31.323, 13342, 46
2026/10/05 21:01:31.836, 13361, 34
2026/10/05 21:01:32.350, 13359, 100
2026/10/05 21:01:32.864, 13359, 98
2026/10/05 21:01:33.375, 13367, 98
2026/10/05 21:01:33.888, 13366, 98
2026/10/05 21:01:34.401, 13360, 76
2026/10/05 21:01:34.914, 13360, 98
2026/10/05 21:01:35.428, 13357, 98
2026/10/05 21:01:35.940, 13360, 98
2026/10/05 21:01:36.452, 13360, 97
2026/10/05 21:01:36.963, 13359, 98
2026/10/05 21:01:37.475, 13348, 98
2026/10/05 21:01:37.988, 13358, 96
2026/10/05 21:01:38.501, 13358, 98
2026/10/05 21:01:39.013, 1955, 98
2026/10/05 21:01:39.525, 1961, 2
2026/10/05 21:01:40.038, 1960, 0
2026/10/05 21:01:40.550, 1965, 0
2026/10/05 21:01:41.063, 1973, 2
2026/10/05 21:01:41.575, 2174, 5
2026/10/05 21:01:42.088, 10601, 1
2026/10/05 21:01:42.601, 10605, 46
2026/10/05 21:01:43.113, 13377, 47
2026/10/05 21:01:43.628, 13428, 52
2026/10/05 21:01:44.140, 13438, 100
2026/10/05 21:01:44.653, 13437, 98
2026/10/05 21:01:45.166, 13436, 98
2026/10/05 21:01:45.679, 2033, 0
2026/10/05 21:01:46.192, 2041, 6
2026/10/05 21:01:46.706, 2034, 1
2026/10/05 21:01:47.218, 2032, 1
2026/10/05 21:01:47.732, 2042, 8
2026/10/05 21:01:48.246, 2242, 1
2026/10/05 21:01:48.759, 10666, 47
2026/10/05 21:01:49.271, 10619, 46
2026/10/05 21:01:49.783, 13427, 1
2026/10/05 21:01:50.295, 13438, 100
2026/10/05 21:01:50.807, 13430, 100
2026/10/05 21:01:51.320, 13437, 98
2026/10/05 21:01:51.832, 13436, 98
2026/10/05 21:01:52.344, 13436, 98
2026/10/05 21:01:52.857, 13429, 97
2026/10/05 21:01:53.367, 13427, 98
2026/10/05 21:01:53.880, 2015, 1
2026/10/05 21:01:54.392, 2027, 0
2026/10/05 21:01:54.906, 2027, 0
2026/10/05 21:01:55.418, 1987, 0
2026/10/05 21:01:55.931, 2024, 2
2026/10/05 21:01:56.445, 2035, 2
2026/10/05 21:01:56.958, 2035, 0
2026/10/05 21:01:57.471, 2038, 0
2026/10/05 21:01:57.984, 2038, 0
2026/10/05 21:01:58.497, 2038, 0
2026/10/05 21:01:59.010, 2036, 1
2026/10/05 21:01:59.524, 2033, 2
2026/10/05 21:02:00.037, 2032, 0
2026/10/05 21:02:00.550, 2029, 0
2026/10/05 21:02:01.064, 2025, 0
2026/10/05 21:02:01.576, 2019, 0
2026/10/05 21:02:02.090, 1963, 0
2026/10/05 21:02:02.604, 1964, 2
2026/10/05 21:02:03.116, 1964, 2
2026/10/05 21:02:03.629, 1972, 0
2026/10/05 21:02:04.143, 1963, 0
2026/10/05 21:02:04.656, 1958, 0
2026/10/05 21:02:05.169, 1956, 2
2026/10/05 21:02:05.682, 1952, 2
2026/10/05 21:02:06.195, 2169, 0
2026/10/05 21:02:06.708, 10596, 96
2026/10/05 21:02:07.222, 10595, 46
2026/10/05 21:02:07.733, 13333, 48
2026/10/05 21:02:08.245, 13349, 100
2026/10/05 21:02:08.759, 13377, 100
2026/10/05 21:02:09.273, 13379, 100
2026/10/05 21:02:09.785, 1987, 86
2026/10/05 21:02:10.298, 1988, 1
2026/10/05 21:02:10.812, 1979, 0
2026/10/05 21:02:11.326, 1978, 2
2026/10/05 21:02:11.840, 1980, 1
2026/10/05 21:02:12.353, 2187, 1
2026/10/05 21:02:12.865, 10612, 0
2026/10/05 21:02:13.378, 10612, 45
2026/10/05 21:02:13.890, 13343, 32
2026/10/05 21:02:14.403, 13368, 52
2026/10/05 21:02:14.915, 13370, 100
2026/10/05 21:02:15.430, 13370, 100
2026/10/05 21:02:15.942, 1974, 71
2026/10/05 21:02:16.454, 1982, 0
2026/10/05 21:02:16.968, 1975, 7
2026/10/05 21:02:17.481, 1971, 1
2026/10/05 21:02:17.994, 1979, 1
2026/10/05 21:02:18.507, 2190, 12
2026/10/05 21:02:19.021, 10609, 1
2026/10/05 21:02:19.533, 10608, 46
2026/10/05 21:02:20.045, 13342, 48
2026/10/05 21:02:20.558, 13360, 2
2026/10/05 21:02:21.071, 13370, 100
2026/10/05 21:02:21.583, 13370, 100
2026/10/05 21:02:22.097, 1966, 99
2026/10/05 21:02:22.611, 1965, 1
2026/10/05 21:02:23.124, 2036, 4
2026/10/05 21:02:23.638, 2035, 1
2026/10/05 21:02:24.151, 2045, 1
2026/10/05 21:02:24.663, 2040, 0
2026/10/05 21:02:25.176, 2036, 0
2026/10/05 21:02:25.689, 2036, 0
2026/10/05 21:02:26.202, 2019, 2
2026/10/05 21:02:26.715, 2031, 1
2026/10/05 21:02:27.227, 2031, 0
2026/10/05 21:02:27.740, 2030, 0
2026/10/05 21:02:28.254, 1968, 0
2026/10/05 21:02:28.768, 1968, 0
2026/10/05 21:02:29.281, 1954, 2
2026/10/05 21:02:29.794, 1954, 1
2026/10/05 21:02:30.306, 1966, 0
2026/10/05 21:02:30.818, 1961, 0
2026/10/05 21:02:31.332, 1961, 0
2026/10/05 21:02:31.845, 1961, 0
2026/10/05 21:02:32.358, 1943, 2
2026/10/05 21:02:32.872, 1955, 1
2026/10/05 21:02:33.386, 1955, 0
2026/10/05 21:02:33.899, 1955, 0
2026/10/05 21:02:34.411, 2171, 0
2026/10/05 21:02:34.924, 2172, 0
2026/10/05 21:02:35.436, 10650, 97
2026/10/05 21:02:35.949, 11674, 47
2026/10/05 21:02:36.463, 13429, 33
2026/10/05 21:02:36.976, 13446, 100
2026/10/05 21:02:37.488, 13446, 100
2026/10/05 21:02:38.001, 2041, 0
2026/10/05 21:02:38.514, 1978, 10
2026/10/05 21:02:39.028, 1981, 2
2026/10/05 21:02:39.540, 1981, 0
2026/10/05 21:02:40.053, 1981, 0
2026/10/05 21:02:40.566, 2189, 4
2026/10/05 21:02:41.078, 10672, 1
2026/10/05 21:02:41.590, 10669, 47
2026/10/05 21:02:42.103, 13432, 47
2026/10/05 21:02:42.617, 13423, 65
2026/10/05 21:02:43.131, 4760, 100
2026/10/05 21:02:43.643, 2015, 73
2026/10/05 21:02:44.155, 2030, 1
2026/10/05 21:02:44.668, 2033, 1
2026/10/05 21:02:45.181, 2035, 1
2026/10/05 21:02:45.694, 2043, 11
2026/10/05 21:02:46.206, 10606, 33
2026/10/05 21:02:46.718, 10606, 55
2026/10/05 21:02:47.232, 13376, 34
2026/10/05 21:02:47.744, 13376, 100
2026/10/05 21:02:48.257, 13383, 71
2026/10/05 21:02:48.770, 1971, 0
2026/10/05 21:02:49.283, 1971, 6
2026/10/05 21:02:49.797, 1971, 0
2026/10/05 21:02:50.310, 2037, 2
2026/10/05 21:02:50.822, 2038, 2
2026/10/05 21:02:51.335, 2048, 1
2026/10/05 21:02:51.848, 2048, 0
2026/10/05 21:02:52.359, 2034, 0
2026/10/05 21:02:52.873, 1981, 0
2026/10/05 21:02:53.387, 2032, 0
2026/10/05 21:02:53.901, 2032, 2
2026/10/05 21:02:54.414, 2038, 1
2026/10/05 21:02:54.926, 2038, 0
2026/10/05 21:02:55.439, 2036, 0
2026/10/05 21:02:55.953, 2026, 0
2026/10/05 21:02:56.466, 1955, 0
2026/10/05 21:02:56.978, 1955, 2
2026/10/05 21:02:57.491, 1958, 1
2026/10/05 21:02:58.005, 1958, 0
2026/10/05 21:02:58.518, 1958, 0
2026/10/05 21:02:59.032, 1957, 0
2026/10/05 21:02:59.544, 1955, 0
2026/10/05 21:03:00.056, 1955, 2
2026/10/05 21:03:00.568, 1961, 1
2026/10/05 21:03:01.081, 1956, 0
2026/10/05 21:03:01.595, 1958, 0
2026/10/05 21:03:02.107, 1958, 0
2026/10/05 21:03:02.621, 1956, 0
2026/10/05 21:03:03.134, 1956, 2
2026/10/05 21:03:03.647, 1959, 2
2026/10/05 21:03:04.161, 1959, 0
2026/10/05 21:03:04.673, 1957, 0
2026/10/05 21:03:05.186, 1957, 0
2026/10/05 21:03:05.698, 2016, 2
2026/10/05 21:03:06.211, 2016, 1
2026/10/05 21:03:06.724, 2018, 0
2026/10/05 21:03:07.239, 2018, 0
2026/10/05 21:03:07.751, 2020, 0
2026/10/05 21:03:08.264, 2020, 0
2026/10/05 21:03:08.777, 2016, 2
2026/10/05 21:03:09.292, 2016, 1
2026/10/05 21:03:09.806, 2016, 0
2026/10/05 21:03:10.322, 2016, 0
2026/10/05 21:03:10.836, 2022, 1
2026/10/05 21:03:11.348, 6772, 0
2026/10/05 21:03:11.861, 10666, 54
2026/10/05 21:03:12.375, 13419, 44
2026/10/05 21:03:12.888, 13445, 5
2026/10/05 21:03:13.402, 13447, 100
2026/10/05 21:03:13.916, 13439, 98
2026/10/05 21:03:14.430, 13436, 97
2026/10/05 21:03:14.944, 13436, 98
2026/10/05 21:03:15.458, 13434, 97
2026/10/05 21:03:15.971, 13421, 97
2026/10/05 21:03:16.485, 13435, 97
2026/10/05 21:03:16.998, 2191, 0
2026/10/05 21:03:17.511, 1970, 6
2026/10/05 21:03:18.024, 1969, 1
2026/10/05 21:03:18.538, 1974, 1
2026/10/05 21:03:19.052, 1979, 0
2026/10/05 21:03:19.564, 1981, 1
2026/10/05 21:03:20.078, 1981, 0
2026/10/05 21:03:20.591, 1969, 0
2026/10/05 21:03:21.104, 1969, 1
2026/10/05 21:03:21.618, 1969, 2
2026/10/05 21:03:22.130, 1969, 0
2026/10/05 21:03:22.644, 1970, 0
2026/10/05 21:03:23.158, 1970, 0
2026/10/05 21:03:23.670, 1969, 0
2026/10/05 21:03:24.183, 1955, 2
2026/10/05 21:03:24.697, 1956, 0
2026/10/05 21:03:25.211, 1956, 0
2026/10/05 21:03:25.724, 1958, 0
2026/10/05 21:03:26.236, 1958, 0
2026/10/05 21:03:26.751, 1955, 2
2026/10/05 21:03:27.265, 1955, 1
2026/10/05 21:03:27.779, 1955, 1
2026/10/05 21:03:28.293, 1955, 0
2026/10/05 21:03:28.807, 1956, 0
2026/10/05 21:03:29.320, 1956, 0
2026/10/05 21:03:29.831, 1955, 2
2026/10/05 21:03:30.344, 1955, 1
2026/10/05 21:03:30.858, 1956, 0
2026/10/05 21:03:31.372, 1956, 0
2026/10/05 21:03:31.884, 1958, 1
2026/10/05 21:03:32.397, 1958, 0
2026/10/05 21:03:32.911, 1955, 1
2026/10/05 21:03:33.426, 1955, 1
2026/10/05 21:03:33.940, 1955, 0
2026/10/05 21:03:34.453, 1955, 0
2026/10/05 21:03:34.967, 1956, 0
2026/10/05 21:03:35.479, 1956, 0
2026/10/05 21:03:35.993, 1954, 1
2026/10/05 21:03:36.505, 1954, 1
2026/10/05 21:03:37.018, 1955, 0
2026/10/05 21:03:37.531, 1955, 0
2026/10/05 21:03:38.043, 1955, 0
2026/10/05 21:03:38.558, 1955, 0
2026/10/05 21:03:39.070, 1955, 0
2026/10/05 21:03:39.582, 1954, 1
2026/10/05 21:03:40.095, 1955, 0
2026/10/05 21:03:40.607, 1955, 0
2026/10/05 21:03:41.120, 1956, 1
2026/10/05 21:03:41.633, 1956, 0
2026/10/05 21:03:42.145, 1955, 1
2026/10/05 21:03:42.659, 1954, 1
2026/10/05 21:03:43.171, 1954, 1
2026/10/05 21:03:43.686, 1954, 0
2026/10/05 21:03:44.198, 1955, 0
2026/10/05 21:03:44.709, 1956, 0
2026/10/05 21:03:45.222, 2018, 1
2026/10/05 21:03:45.736, 2017, 1
2026/10/05 21:03:46.250, 2018, 0
2026/10/05 21:03:46.763, 2019, 0
2026/10/05 21:03:47.275, 2006, 0
2026/10/05 21:03:47.788, 1954, 0
2026/10/05 21:03:48.301, 1957, 2
2026/10/05 21:03:48.814, 1956, 1
2026/10/05 21:03:49.327, 1957, 0
2026/10/05 21:03:49.839, 1957, 0
2026/10/05 21:03:50.352, 1957, 0
2026/10/05 21:03:50.863, 1955, 0
2026/10/05 21:03:51.376, 1954, 2
2026/10/05 21:03:51.889, 1952, 1
2026/10/05 21:03:52.402, 1955, 0
2026/10/05 21:03:52.915, 1956, 0
2026/10/05 21:03:53.429, 1954, 0
2026/10/05 21:03:53.941, 1950, 0
2026/10/05 21:03:54.453, 1952, 2
2026/10/05 21:03:54.965, 1952, 1
2026/10/05 21:03:55.478, 1952, 0
2026/10/05 21:03:55.991, 1954, 0
2026/10/05 21:03:56.504, 1952, 0
2026/10/05 21:03:57.017, 1952, 0
2026/10/05 21:03:57.529, 1952, 2
2026/10/05 21:03:58.043, 1952, 1
2026/10/05 21:03:58.556, 1952, 0
2026/10/05 21:03:59.069, 1954, 0
2026/10/05 21:03:59.581, 1954, 0
2026/10/05 21:04:00.094, 1953, 0
2026/10/05 21:04:00.609, 1953, 2
2026/10/05 21:04:01.121, 1953, 1
2026/10/05 21:04:01.633, 1953, 0
2026/10/05 21:04:02.146, 1956, 0
2026/10/05 21:04:02.659, 1953, 1
2026/10/05 21:04:03.174, 2015, 0
2026/10/05 21:04:03.686, 2015, 3
2026/10/05 21:04:04.198, 2015, 1
2026/10/05 21:04:04.710, 2015, 0
2026/10/05 21:04:05.222, 2016, 0
2026/10/05 21:04:05.735, 2016, 0
2026/10/05 21:04:06.247, 2014, 2
2026/10/05 21:04:06.759, 2014, 1
2026/10/05 21:04:07.272, 2014, 0
2026/10/05 21:04:07.784, 2014, 0
2026/10/05 21:04:08.298, 2016, 0
2026/10/05 21:04:08.810, 2000, 0
2026/10/05 21:04:09.324, 1952, 1
2026/10/05 21:04:09.838, 1949, 2
2026/10/05 21:04:10.352, 1952, 0
2026/10/05 21:04:10.863, 1953, 0
2026/10/05 21:04:11.376, 1954, 0
2026/10/05 21:04:11.888, 1954, 0
2026/10/05 21:04:12.402, 1953, 1
2026/10/05 21:04:12.915, 1951, 1
2026/10/05 21:04:13.427, 1952, 0
2026/10/05 21:04:13.941, 1952, 0
2026/10/05 21:04:14.454, 1955, 0
2026/10/05 21:04:14.966, 1953, 0
2026/10/05 21:04:15.479, 1953, 1
2026/10/05 21:04:15.992, 1949, 1
2026/10/05 21:04:16.504, 1953, 0
2026/10/05 21:04:17.017, 1953, 0
2026/10/05 21:04:17.530, 1954, 0
2026/10/05 21:04:18.043, 1953, 0
2026/10/05 21:04:18.556, 1953, 1
2026/10/05 21:04:19.068, 1952, 1
2026/10/05 21:04:19.583, 1952, 0
2026/10/05 21:04:20.096, 1952, 0
2026/10/05 21:04:20.609, 1952, 0
2026/10/05 21:04:21.123, 1967, 0
2026/10/05 21:04:21.635, 1988, 2
2026/10/05 21:04:22.150, 1985, 1
2026/10/05 21:04:22.662, 1988, 0
2026/10/05 21:04:23.176, 1979, 0
2026/10/05 21:04:23.688, 1979, 0
2026/10/05 21:04:24.202, 1975, 1
2026/10/05 21:04:24.715, 1977, 1
2026/10/05 21:04:25.227, 1977, 0
2026/10/05 21:04:25.740, 1977, 0
2026/10/05 21:04:26.252, 1952, 0
2026/10/05 21:04:26.764, 1952, 0
2026/10/05 21:04:27.278, 2014, 3
2026/10/05 21:04:27.791, 2013, 2
2026/10/05 21:04:28.303, 2010, 0
2026/10/05 21:04:28.816, 2014, 0
2026/10/05 21:04:29.329, 2015, 0
2026/10/05 21:04:29.842, 2014, 0
2026/10/05 21:04:30.355, 2012, 2
2026/10/05 21:04:30.868, 2013, 2
2026/10/05 21:04:31.383, 2013, 1
2026/10/05 21:04:31.895, 2013, 0
2026/10/05 21:04:32.407, 2013, 0
2026/10/05 21:04:32.921, 2000, 0
2026/10/05 21:04:33.433, 1952, 1
2026/10/05 21:04:33.946, 1952, 1
2026/10/05 21:04:34.458, 1949, 1
2026/10/05 21:04:34.971, 1952, 0
2026/10/05 21:04:35.484, 1953, 0
2026/10/05 21:04:35.997, 1953, 0
2026/10/05 21:04:36.511, 1949, 0
2026/10/05 21:04:37.024, 1950, 2
2026/10/05 21:04:37.538, 1951, 1
2026/10/05 21:04:38.050, 1952, 0
2026/10/05 21:04:38.564, 1952, 0
2026/10/05 21:04:39.076, 1952, 1
2026/10/05 21:04:39.588, 1952, 0
2026/10/05 21:04:40.103, 1949, 2
2026/10/05 21:04:40.616, 1951, 1
2026/10/05 21:04:41.129, 1952, 1
2026/10/05 21:04:41.641, 1953, 0
2026/10/05 21:04:42.154, 1953, 0
2026/10/05 21:04:42.665, 2014, 0
2026/10/05 21:04:43.179, 2013, 2
2026/10/05 21:04:43.692, 2013, 0
2026/10/05 21:04:44.206, 2013, 0
2026/10/05 21:04:44.719, 2014, 0
2026/10/05 21:04:45.231, 2000, 0
2026/10/05 21:04:45.744, 2013, 2
2026/10/05 21:04:46.258, 2010, 1
2026/10/05 21:04:46.772, 2014, 0
2026/10/05 21:04:47.286, 2014, 0
2026/10/05 21:04:47.799, 2000, 0
2026/10/05 21:04:48.314, 2063, 0
2026/10/05 21:04:48.826, 2014, 2
2026/10/05 21:04:49.339, 2013, 1
2026/10/05 21:04:49.852, 2014, 0
2026/10/05 21:04:50.363, 2014, 0
2026/10/05 21:04:50.875, 2016, 0
2026/10/05 21:04:51.389, 2015, 0
2026/10/05 21:04:51.902, 2014, 2
2026/10/05 21:04:52.416, 2010, 1
2026/10/05 21:04:52.929, 2014, 0
2026/10/05 21:04:53.443, 2014, 0
2026/10/05 21:04:53.956, 2012, 0
2026/10/05 21:04:54.468, 1950, 0
2026/10/05 21:04:54.981, 1952, 2
2026/10/05 21:04:55.493, 1952, 1
2026/10/05 21:04:56.007, 1952, 0
2026/10/05 21:04:56.521, 1951, 0
2026/10/05 21:04:57.035, 1952, 0
2026/10/05 21:04:57.547, 2016, 0
2026/10/05 21:04:58.062, 2015, 1
2026/10/05 21:04:58.574, 2012, 1
2026/10/05 21:04:59.089, 2015, 0
2026/10/05 21:04:59.601, 2001, 0
2026/10/05 21:05:00.115, 2001, 0
2026/10/05 21:05:00.627, 1951, 0
2026/10/05 21:05:01.140, 1954, 2
2026/10/05 21:05:01.655, 1954, 1
2026/10/05 21:05:02.167, 1954, 0
2026/10/05 21:05:02.679, 1973, 0
2026/10/05 21:05:03.192, 1973, 0
2026/10/05 21:05:03.706, 1971, 2
2026/10/05 21:05:04.220, 1963, 2
2026/10/05 21:05:04.733, 1963, 0
2026/10/05 21:05:05.245, 1966, 0
2026/10/05 21:05:05.758, 1967, 0
2026/10/05 21:05:06.272, 1967, 0
2026/10/05 21:05:06.784, 2025, 2
2026/10/05 21:05:07.296, 2014, 2
2026/10/05 21:05:07.809, 2014, 1
2026/10/05 21:05:08.323, 2014, 0
2026/10/05 21:05:08.836, 2014, 0
2026/10/05 21:05:09.349, 2031, 0
2026/10/05 21:05:09.863, 2031, 2
2026/10/05 21:05:10.376, 2027, 2
2026/10/05 21:05:10.889, 2027, 0
2026/10/05 21:05:11.403, 2027, 0
2026/10/05 21:05:11.916, 2028, 0
2026/10/05 21:05:12.430, 2013, 0
2026/10/05 21:05:12.943, 1963, 1
2026/10/05 21:05:13.456, 1963, 2
2026/10/05 21:05:13.970, 1965, 0
2026/10/05 21:05:14.482, 1951, 0
2026/10/05 21:05:14.995, 1951, 0
2026/10/05 21:05:15.508, 1952, 1
2026/10/05 21:05:16.020, 1952, 1
2026/10/05 21:05:16.535, 1949, 2
2026/10/05 21:05:17.047, 1949, 1
2026/10/05 21:05:17.560, 1952, 1
2026/10/05 21:05:18.074, 1952, 0
2026/10/05 21:05:18.586, 1953, 0
2026/10/05 21:05:19.099, 1949, 1
2026/10/05 21:05:19.612, 1950, 2
2026/10/05 21:05:20.125, 1951, 1
2026/10/05 21:05:20.637, 1952, 0
2026/10/05 21:05:21.150, 1952, 0
2026/10/05 21:05:21.664, 1952, 0
2026/10/05 21:05:22.177, 1952, 1
2026/10/05 21:05:22.691, 1949, 1
2026/10/05 21:05:23.205, 1949, 0
2026/10/05 21:05:23.719, 1965, 0
2026/10/05 21:05:24.233, 1952, 0
2026/10/05 21:05:24.746, 2015, 0
2026/10/05 21:05:25.260, 2031, 2
2026/10/05 21:05:25.774, 2238, 7
2026/10/05 21:05:26.287, 10649, 80
2026/10/05 21:05:26.801, 10649, 53
2026/10/05 21:05:27.314, 13364, 0
2026/10/05 21:05:27.828, 13432, 100
2026/10/05 21:05:28.343, 13430, 100
2026/10/05 21:05:28.856, 13430, 98
2026/10/05 21:05:29.370, 13433, 98
2026/10/05 21:05:29.882, 2016, 41
2026/10/05 21:05:30.395, 2001, 8
2026/10/05 21:05:30.909, 1953, 0
2026/10/05 21:05:31.423, 1951, 1
2026/10/05 21:05:31.939, 1969, 1
2026/10/05 21:05:32.452, 1970, 0
2026/10/05 21:05:32.965, 1970, 0
2026/10/05 21:05:33.480, 1969, 0
2026/10/05 21:05:33.994, 1965, 0
2026/10/05 21:05:34.506, 1965, 1
2026/10/05 21:05:35.020, 1965, 1
2026/10/05 21:05:35.534, 1967, 0
2026/10/05 21:05:36.047, 1965, 0
2026/10/05 21:05:36.560, 1966, 0
2026/10/05 21:05:37.073, 1952, 0
2026/10/05 21:05:37.585, 1949, 1
2026/10/05 21:05:38.099, 1951, 2
2026/10/05 21:05:38.611, 1952, 0
2026/10/05 21:05:39.124, 1952, 0
2026/10/05 21:05:39.637, 1954, 0
2026/10/05 21:05:40.151, 1951, 0
2026/10/05 21:05:40.664, 1951, 1
2026/10/05 21:05:41.178, 1951, 1
2026/10/05 21:05:41.690, 1954, 0
2026/10/05 21:05:42.203, 1953, 0
2026/10/05 21:05:42.715, 1952, 0
2026/10/05 21:05:43.231, 2013, 1
2026/10/05 21:05:43.745, 2011, 1
2026/10/05 21:05:44.258, 2013, 0
2026/10/05 21:05:44.772, 2013, 0
2026/10/05 21:05:45.286, 2013, 0
2026/10/05 21:05:45.800, 2002, 0
2026/10/05 21:05:46.314, 1951, 1
2026/10/05 21:05:46.827, 1951, 1
2026/10/05 21:05:47.340, 1951, 0
2026/10/05 21:05:47.853, 1954, 1
2026/10/05 21:05:48.365, 1953, 0
2026/10/05 21:05:48.878, 1952, 0
2026/10/05 21:05:49.392, 2014, 2
2026/10/05 21:05:49.907, 2012, 2
2026/10/05 21:05:50.419, 2013, 0
2026/10/05 21:05:50.931, 2012, 0
2026/10/05 21:05:51.444, 2012, 0
2026/10/05 21:05:51.957, 1954, 1
2026/10/05 21:05:52.471, 1952, 2
2026/10/05 21:05:52.983, 1951, 2
2026/10/05 21:05:53.497, 1951, 0
2026/10/05 21:05:54.011, 1952, 1
2026/10/05 21:05:54.524, 1952, 0
2026/10/05 21:05:55.037, 1952, 1
2026/10/05 21:05:55.551, 1951, 1
2026/10/05 21:05:56.064, 1960, 2
2026/10/05 21:05:56.577, 2159, 12
2026/10/05 21:05:57.090, 10583, 9
2026/10/05 21:05:57.604, 10583, 47
2026/10/05 21:05:58.116, 13416, 37
2026/10/05 21:05:58.628, 13435, 100
2026/10/05 21:05:59.142, 13435, 100
2026/10/05 21:05:59.655, 13435, 83
2026/10/05 21:06:00.167, 13435, 98
2026/10/05 21:06:00.680, 13417, 98
2026/10/05 21:06:01.191, 13371, 98
2026/10/05 21:06:01.704, 13366, 98
2026/10/05 21:06:02.217, 1966, 1
2026/10/05 21:06:02.730, 1967, 1
2026/10/05 21:06:03.243, 1967, 0
2026/10/05 21:06:03.754, 1954, 0
2026/10/05 21:06:04.267, 2015, 8
2026/10/05 21:06:04.781, 8941, 2
2026/10/05 21:06:05.293, 10645, 54
2026/10/05 21:06:05.805, 13391, 53
2026/10/05 21:06:06.319, 13404, 72
2026/10/05 21:06:06.832, 13356, 100
2026/10/05 21:06:07.344, 13357, 98
2026/10/05 21:06:07.857, 1950, 62
2026/10/05 21:06:08.370, 1953, 12
2026/10/05 21:06:08.882, 1953, 0
2026/10/05 21:06:09.395, 1953, 0
2026/10/05 21:06:09.908, 1969, 1
2026/10/05 21:06:10.423, 1969, 0
2026/10/05 21:06:10.935, 1969, 1
2026/10/05 21:06:11.447, 1969, 0
2026/10/05 21:06:11.960, 1967, 0
2026/10/05 21:06:12.473, 1965, 0
2026/10/05 21:06:12.986, 1965, 0
2026/10/05 21:06:13.499, 1965, 0
2026/10/05 21:06:14.012, 1964, 1
2026/10/05 21:06:14.525, 1965, 1
2026/10/05 21:06:15.038, 1952, 0
2026/10/05 21:06:15.552, 1952, 0
2026/10/05 21:06:16.066, 1954, 0
2026/10/05 21:06:16.580, 1952, 0
2026/10/05 21:06:17.092, 1952, 1
2026/10/05 21:06:17.605, 1952, 1
2026/10/05 21:06:18.118, 1954, 0
2026/10/05 21:06:18.632, 1954, 1
2026/10/05 21:06:19.145, 1952, 0
2026/10/05 21:06:19.658, 1952, 0
2026/10/05 21:06:20.173, 1950, 1
2026/10/05 21:06:20.687, 1952, 1
2026/10/05 21:06:21.199, 1952, 0
2026/10/05 21:06:21.712, 1952, 0
2026/10/05 21:06:22.226, 1954, 1
2026/10/05 21:06:22.741, 1952, 2
2026/10/05 21:06:23.255, 1952, 2
2026/10/05 21:06:23.768, 1952, 0
2026/10/05 21:06:24.281, 1952, 1
2026/10/05 21:06:24.795, 1952, 0
2026/10/05 21:06:25.307, 1952, 1
2026/10/05 21:06:25.820, 1949, 2
2026/10/05 21:06:26.335, 1950, 2
2026/10/05 21:06:26.847, 1952, 0
2026/10/05 21:06:27.360, 1952, 1
2026/10/05 21:06:27.872, 1952, 0
2026/10/05 21:06:28.387, 1952, 0
2026/10/05 21:06:28.901, 1951, 1
2026/10/05 21:06:29.414, 1952, 2
2026/10/05 21:06:29.927, 1952, 0
2026/10/05 21:06:30.441, 1953, 0
2026/10/05 21:06:30.954, 1951, 0
2026/10/05 21:06:31.467, 1952, 0
2026/10/05 21:06:31.981, 1947, 2
2026/10/05 21:06:32.494, 1950, 1
2026/10/05 21:06:33.006, 1951, 0
2026/10/05 21:06:33.519, 1952, 0
2026/10/05 21:06:34.032, 1952, 0
2026/10/05 21:06:34.546, 2012, 0
2026/10/05 21:06:35.059, 2012, 2
2026/10/05 21:06:35.572, 2012, 1
2026/10/05 21:06:36.085, 2012, 0
2026/10/05 21:06:36.598, 2001, 0
2026/10/05 21:06:37.112, 2001, 0
2026/10/05 21:06:37.625, 2013, 0
2026/10/05 21:06:38.139, 2008, 2
2026/10/05 21:06:38.653, 2012, 1
2026/10/05 21:06:39.167, 2012, 1
2026/10/05 21:06:39.679, 2004, 0
2026/10/05 21:06:40.192, 2004, 0
2026/10/05 21:06:40.705, 2012, 2
2026/10/05 21:06:41.219, 2007, 1
2026/10/05 21:06:41.731, 2012, 0
2026/10/05 21:06:42.244, 2012, 0
2026/10/05 21:06:42.757, 2001, 0
2026/10/05 21:06:43.269, 2001, 0
2026/10/05 21:06:43.782, 2023, 2
2026/10/05 21:06:44.296, 2018, 2
2026/10/05 21:06:44.809, 2022, 0
2026/10/05 21:06:45.322, 2027, 0
2026/10/05 21:06:45.836, 2009, 0
2026/10/05 21:06:46.350, 2009, 0
2026/10/05 21:06:46.863, 1956, 2
2026/10/05 21:06:47.376, 1956, 2
2026/10/05 21:06:47.889, 1956, 0
2026/10/05 21:06:48.402, 1956, 0
2026/10/05 21:06:48.916, 1958, 0
2026/10/05 21:06:49.431, 1959, 0
2026/10/05 21:06:49.944, 1954, 1
2026/10/05 21:06:50.457, 1952, 2
2026/10/05 21:06:50.970, 1954, 0
2026/10/05 21:06:51.484, 1958, 0
2026/10/05 21:06:51.996, 1957, 0
